[     112ms] [INFO] %cDownload the React DevTools for a better development experience: https://react.dev/link/react-devtools font-weight:bold @ http://localhost:3000/_next/static/chunks/node_modules_next_dist_1e8vcs8._.js:776
[     144ms] [LOG] [HMR] connected @ http://localhost:3000/_next/static/chunks/node_modules_next_dist_1e8vcs8._.js:776
[     388ms] [WARNING] THREE.Clock: This module has been deprecated. Please use THREE.Timer instead. @ http://localhost:3000/_next/static/chunks/node_modules_next_dist_1e8vcs8._.js:776
[ 1127161ms] [LOG] [Fast Refresh] rebuilding @ http://localhost:3000/_next/static/chunks/node_modules_next_dist_1e8vcs8._.js:776
[ 1128156ms] [LOG] [Fast Refresh] done in 35ms @ http://localhost:3000/_next/static/chunks/node_modules_next_dist_1e8vcs8._.js:776
[ 1150988ms] [LOG] [Fast Refresh] rebuilding @ http://localhost:3000/_next/static/chunks/node_modules_next_dist_1e8vcs8._.js:776
[ 1151871ms] [LOG] [Fast Refresh] done in 39ms @ http://localhost:3000/_next/static/chunks/node_modules_next_dist_1e8vcs8._.js:776
[ 1151872ms] [LOG] [Fast Refresh] done in 39ms @ http://localhost:3000/_next/static/chunks/node_modules_next_dist_1e8vcs8._.js:776
[ 1151873ms] [LOG] [Fast Refresh] done in 39ms @ http://localhost:3000/_next/static/chunks/node_modules_next_dist_1e8vcs8._.js:776
[ 1160906ms] [LOG] [Fast Refresh] done in 39ms @ http://localhost:3000/_next/static/chunks/node_modules_next_dist_1e8vcs8._.js:776
[ 1161194ms] [LOG] [Fast Refresh] rebuilding @ http://localhost:3000/_next/static/chunks/node_modules_next_dist_1e8vcs8._.js:776
[ 1161984ms] [LOG] [Fast Refresh] done in 31ms @ http://localhost:3000/_next/static/chunks/node_modules_next_dist_1e8vcs8._.js:776
[ 1162002ms] [LOG] [Fast Refresh] done in 31ms @ http://localhost:3000/_next/static/chunks/node_modules_next_dist_1e8vcs8._.js:776
[ 1162003ms] [LOG] [Fast Refresh] done in 31ms @ http://localhost:3000/_next/static/chunks/node_modules_next_dist_1e8vcs8._.js:776
[ 1162003ms] [LOG] [Fast Refresh] done in 31ms @ http://localhost:3000/_next/static/chunks/node_modules_next_dist_1e8vcs8._.js:776
[ 1179232ms] [LOG] [Fast Refresh] done in 31ms @ http://localhost:3000/_next/static/chunks/node_modules_next_dist_1e8vcs8._.js:776
[ 1179269ms] [LOG] [Fast Refresh] rebuilding @ http://localhost:3000/_next/static/chunks/node_modules_next_dist_1e8vcs8._.js:776
[ 1180122ms] [LOG] [Fast Refresh] done in 31ms @ http://localhost:3000/_next/static/chunks/node_modules_next_dist_1e8vcs8._.js:776
[ 1180123ms] [LOG] [Fast Refresh] done in 31ms @ http://localhost:3000/_next/static/chunks/node_modules_next_dist_1e8vcs8._.js:776
[ 1180124ms] [LOG] [Fast Refresh] done in 31ms @ http://localhost:3000/_next/static/chunks/node_modules_next_dist_1e8vcs8._.js:776
[ 1207715ms] [LOG] [Fast Refresh] done in 31ms @ http://localhost:3000/_next/static/chunks/node_modules_next_dist_1e8vcs8._.js:776
[ 1207775ms] [LOG] [Fast Refresh] rebuilding @ http://localhost:3000/_next/static/chunks/node_modules_next_dist_1e8vcs8._.js:776
[ 1208618ms] [LOG] [Fast Refresh] done in 40ms @ http://localhost:3000/_next/static/chunks/node_modules_next_dist_1e8vcs8._.js:776
[ 1214893ms] [LOG] [Fast Refresh] rebuilding @ http://localhost:3000/_next/static/chunks/node_modules_next_dist_1e8vcs8._.js:776
[ 1215599ms] [LOG] [Fast Refresh] done in 24ms @ http://localhost:3000/_next/static/chunks/node_modules_next_dist_1e8vcs8._.js:776
[ 1224265ms] [LOG] [Fast Refresh] done in 24ms @ http://localhost:3000/_next/static/chunks/node_modules_next_dist_1e8vcs8._.js:776
[ 1224480ms] [LOG] [Fast Refresh] rebuilding @ http://localhost:3000/_next/static/chunks/node_modules_next_dist_1e8vcs8._.js:776
[ 1225073ms] [ERROR] ./components/canvas/scenes/UniverseParticleMaterial.js:99:61
Error: Expected a semicolon
   97 |     pos = mix(pos, nebulaPos, smoothstep(0.0, 1.0, uProgress3));
   98 |     pos = mix(pos, galaxyPos, smoothstep(0.0, 1.0, uProgress4));
>  99 |     // Acto 14 — Final: todo colapsa de vuelta al punto. `singularityPos` no
      |                                                           ^^^^^^^^^^^^^^
  100 |     // es una forma nueva: es la MISMA fórmula del acto 1, reevaluada con
  101 |     // uProgress1 rebobinando en vivo de 1 a 0 (ver UniverseParticles.jsx) —
  102 |     // el círculo narrativo es real a nivel de estado, no solo un blend

Parsing ecmascript source code failed

Import trace:
  Client Component Browser:
    ./components/canvas/scenes/UniverseParticleMaterial.js [Client Component Browser]
    ./components/canvas/scenes/UniverseParticles.jsx [Client Component Browser]
    ./components/canvas/Experience.jsx [Client Component Browser]
    ./components/canvas/ExperienceLoader.jsx [Client Component Browser]
    ./components/canvas/ExperienceLoader.jsx [Server Component]
    ./app/page.js [Server Component] @ http://localhost:3000/_next/static/chunks/node_modules_next_dist_1e8vcs8._.js:1052
[ 1225595ms] [LOG] [Fast Refresh] rebuilding @ http://localhost:3000/_next/static/chunks/node_modules_next_dist_1e8vcs8._.js:776
[ 1225643ms] [ERROR] ./components/canvas/scenes/UniverseParticleMaterial.js:99:61
Error: Expected a semicolon
   97 |     pos = mix(pos, nebulaPos, smoothstep(0.0, 1.0, uProgress3));
   98 |     pos = mix(pos, galaxyPos, smoothstep(0.0, 1.0, uProgress4));
>  99 |     // Acto 14 — Final: todo colapsa de vuelta al punto. `singularityPos` no
      |                                                           ^^^^^^^^^^^^^^
  100 |     // es una forma nueva: es la MISMA fórmula del acto 1, reevaluada con
  101 |     // uProgress1 rebobinando en vivo de 1 a 0 (ver UniverseParticles.jsx) —
  102 |     // el círculo narrativo es real a nivel de estado, no solo un blend

Parsing ecmascript source code failed

Import trace:
  Client Component Browser:
    ./components/canvas/scenes/UniverseParticleMaterial.js [Client Component Browser]
    ./components/canvas/scenes/UniverseParticles.jsx [Client Component Browser]
    ./components/canvas/Experience.jsx [Client Component Browser]
    ./components/canvas/ExperienceLoader.jsx [Client Component Browser]
    ./components/canvas/ExperienceLoader.jsx [Server Component]
    ./app/page.js [Server Component] @ http://localhost:3000/_next/static/chunks/node_modules_next_dist_1e8vcs8._.js:1052
[ 1230956ms] [ERROR] ./components/canvas/scenes/UniverseParticleMaterial.js:99:61
Error: Expected a semicolon
   97 |     pos = mix(pos, nebulaPos, smoothstep(0.0, 1.0, uProgress3));
   98 |     pos = mix(pos, galaxyPos, smoothstep(0.0, 1.0, uProgress4));
>  99 |     // Acto 14 — Final: todo colapsa de vuelta al punto. `singularityPos` no
      |                                                           ^^^^^^^^^^^^^^
  100 |     // es una forma nueva: es la MISMA fórmula del acto 1, reevaluada con
  101 |     // uProgress1 rebobinando en vivo de 1 a 0 (ver UniverseParticles.jsx) —
  102 |     // el círculo narrativo es real a nivel de estado, no solo un blend

Parsing ecmascript source code failed

Import trace:
  Client Component Browser:
    ./components/canvas/scenes/UniverseParticleMaterial.js [Client Component Browser]
    ./components/canvas/scenes/UniverseParticles.jsx [Client Component Browser]
    ./components/canvas/Experience.jsx [Client Component Browser]
    ./components/canvas/ExperienceLoader.jsx [Client Component Browser]
    ./components/canvas/ExperienceLoader.jsx [Server Component]
    ./app/page.js [Server Component] @ http://localhost:3000/_next/static/chunks/node_modules_next_dist_1e8vcs8._.js:1052
[ 1231034ms] [ERROR] ./components/canvas/scenes/UniverseParticleMaterial.js:99:61
Error: Expected a semicolon
   97 |     pos = mix(pos, nebulaPos, smoothstep(0.0, 1.0, uProgress3));
   98 |     pos = mix(pos, galaxyPos, smoothstep(0.0, 1.0, uProgress4));
>  99 |     // Acto 14 — Final: todo colapsa de vuelta al punto. `singularityPos` no
      |                                                           ^^^^^^^^^^^^^^
  100 |     // es una forma nueva: es la MISMA fórmula del acto 1, reevaluada con
  101 |     // uProgress1 rebobinando en vivo de 1 a 0 (ver UniverseParticles.jsx) —
  102 |     // el círculo narrativo es real a nivel de estado, no solo un blend

Parsing ecmascript source code failed

Import trace:
  Client Component Browser:
    ./components/canvas/scenes/UniverseParticleMaterial.js [Client Component Browser]
    ./components/canvas/scenes/UniverseParticles.jsx [Client Component Browser]
    ./components/canvas/Experience.jsx [Client Component Browser]
    ./components/canvas/ExperienceLoader.jsx [Client Component Browser]
    ./components/canvas/ExperienceLoader.jsx [Server Component]
    ./app/page.js [Server Component] @ http://localhost:3000/_next/static/chunks/node_modules_next_dist_1e8vcs8._.js:1052
[ 1254650ms] [ERROR] ./components/canvas/scenes/UniverseParticleMaterial.js:99:61
Error: Expected a semicolon
   97 |     pos = mix(pos, nebulaPos, smoothstep(0.0, 1.0, uProgress3));
   98 |     pos = mix(pos, galaxyPos, smoothstep(0.0, 1.0, uProgress4));
>  99 |     // Acto 14 — Final: todo colapsa de vuelta al punto. `singularityPos` no
      |                                                           ^^^^^^^^^^^^^^
  100 |     // es una forma nueva: es la MISMA fórmula del acto 1, reevaluada con
  101 |     // uProgress1 rebobinando en vivo de 1 a 0 (ver UniverseParticles.jsx) —
  102 |     // el círculo narrativo es real a nivel de estado, no solo un blend

Parsing ecmascript source code failed

Import trace:
  Client Component Browser:
    ./components/canvas/scenes/UniverseParticleMaterial.js [Client Component Browser]
    ./components/canvas/scenes/UniverseParticles.jsx [Client Component Browser]
    ./components/canvas/Experience.jsx [Client Component Browser]
    ./components/canvas/ExperienceLoader.jsx [Client Component Browser]
    ./components/canvas/ExperienceLoader.jsx [Server Component]
    ./app/page.js [Server Component] @ http://localhost:3000/_next/static/chunks/node_modules_next_dist_1e8vcs8._.js:1052
[ 1255075ms] [ERROR] ./components/canvas/scenes/UniverseParticleMaterial.js:99:61
Error: Expected a semicolon
   97 |     pos = mix(pos, nebulaPos, smoothstep(0.0, 1.0, uProgress3));
   98 |     pos = mix(pos, galaxyPos, smoothstep(0.0, 1.0, uProgress4));
>  99 |     // Acto 14 — Final: todo colapsa de vuelta al punto. `singularityPos` no
      |                                                           ^^^^^^^^^^^^^^
  100 |     // es una forma nueva: es la MISMA fórmula del acto 1, reevaluada con
  101 |     // uProgress1 rebobinando en vivo de 1 a 0 (ver UniverseParticles.jsx) —
  102 |     // el círculo narrativo es real a nivel de estado, no solo un blend

Parsing ecmascript source code failed

Import trace:
  Client Component Browser:
    ./components/canvas/scenes/UniverseParticleMaterial.js [Client Component Browser]
    ./components/canvas/scenes/UniverseParticles.jsx [Client Component Browser]
    ./components/canvas/Experience.jsx [Client Component Browser]
    ./components/canvas/ExperienceLoader.jsx [Client Component Browser]
    ./components/canvas/ExperienceLoader.jsx [Server Component]
    ./app/page.js [Server Component] @ http://localhost:3000/_next/static/chunks/node_modules_next_dist_1e8vcs8._.js:1052
[ 1255191ms] [ERROR] ./components/canvas/scenes/UniverseParticleMaterial.js:99:61
Error: Expected a semicolon
   97 |     pos = mix(pos, nebulaPos, smoothstep(0.0, 1.0, uProgress3));
   98 |     pos = mix(pos, galaxyPos, smoothstep(0.0, 1.0, uProgress4));
>  99 |     // Acto 14 — Final: todo colapsa de vuelta al punto. `singularityPos` no
      |                                                           ^^^^^^^^^^^^^^
  100 |     // es una forma nueva: es la MISMA fórmula del acto 1, reevaluada con
  101 |     // uProgress1 rebobinando en vivo de 1 a 0 (ver UniverseParticles.jsx) —
  102 |     // el círculo narrativo es real a nivel de estado, no solo un blend

Parsing ecmascript source code failed

Import trace:
  Client Component Browser:
    ./components/canvas/scenes/UniverseParticleMaterial.js [Client Component Browser]
    ./components/canvas/scenes/UniverseParticles.jsx [Client Component Browser]
    ./components/canvas/Experience.jsx [Client Component Browser]
    ./components/canvas/ExperienceLoader.jsx [Client Component Browser]
    ./components/canvas/ExperienceLoader.jsx [Server Component]
    ./app/page.js [Server Component] @ http://localhost:3000/_next/static/chunks/node_modules_next_dist_1e8vcs8._.js:1052
[ 1255262ms] [LOG] [Fast Refresh] rebuilding @ http://localhost:3000/_next/static/chunks/node_modules_next_dist_1e8vcs8._.js:776
[ 1266967ms] [ERROR] ./components/canvas/scenes/UniverseParticleMaterial.js:99:61
Error: Expected a semicolon
   97 |     pos = mix(pos, nebulaPos, smoothstep(0.0, 1.0, uProgress3));
   98 |     pos = mix(pos, galaxyPos, smoothstep(0.0, 1.0, uProgress4));
>  99 |     // Acto 14 — Final: todo colapsa de vuelta al punto. `singularityPos` no
      |                                                           ^^^^^^^^^^^^^^
  100 |     // es una forma nueva: es la MISMA fórmula del acto 1, reevaluada con
  101 |     // uProgress1 rebobinando en vivo de 1 a 0 (ver UniverseParticles.jsx) —
  102 |     // el círculo narrativo es real a nivel de estado, no solo un blend

Parsing ecmascript source code failed

Import trace:
  Client Component Browser:
    ./components/canvas/scenes/UniverseParticleMaterial.js [Client Component Browser]
    ./components/canvas/scenes/UniverseParticles.jsx [Client Component Browser]
    ./components/canvas/Experience.jsx [Client Component Browser]
    ./components/canvas/ExperienceLoader.jsx [Client Component Browser]
    ./components/canvas/ExperienceLoader.jsx [Server Component]
    ./app/page.js [Server Component] @ http://localhost:3000/_next/static/chunks/node_modules_next_dist_1e8vcs8._.js:1052
[ 1267047ms] [ERROR] ./components/canvas/scenes/UniverseParticleMaterial.js:99:61
Error: Expected a semicolon
   97 |     pos = mix(pos, nebulaPos, smoothstep(0.0, 1.0, uProgress3));
   98 |     pos = mix(pos, galaxyPos, smoothstep(0.0, 1.0, uProgress4));
>  99 |     // Acto 14 — Final: todo colapsa de vuelta al punto. `singularityPos` no
      |                                                           ^^^^^^^^^^^^^^
  100 |     // es una forma nueva: es la MISMA fórmula del acto 1, reevaluada con
  101 |     // uProgress1 rebobinando en vivo de 1 a 0 (ver UniverseParticles.jsx) —
  102 |     // el círculo narrativo es real a nivel de estado, no solo un blend

Parsing ecmascript source code failed

Import trace:
  Client Component Browser:
    ./components/canvas/scenes/UniverseParticleMaterial.js [Client Component Browser]
    ./components/canvas/scenes/UniverseParticles.jsx [Client Component Browser]
    ./components/canvas/Experience.jsx [Client Component Browser]
    ./components/canvas/ExperienceLoader.jsx [Client Component Browser]
    ./components/canvas/ExperienceLoader.jsx [Server Component]
    ./app/page.js [Server Component] @ http://localhost:3000/_next/static/chunks/node_modules_next_dist_1e8vcs8._.js:1052
[ 1267112ms] [LOG] [Fast Refresh] rebuilding @ http://localhost:3000/_next/static/chunks/node_modules_next_dist_1e8vcs8._.js:776
[ 1329415ms] [ERROR] ./components/canvas/scenes/UniverseParticleMaterial.js:99:61
Error: Expected a semicolon
   97 |     pos = mix(pos, nebulaPos, smoothstep(0.0, 1.0, uProgress3));
   98 |     pos = mix(pos, galaxyPos, smoothstep(0.0, 1.0, uProgress4));
>  99 |     // Acto 14 — Final: todo colapsa de vuelta al punto. `singularityPos` no
      |                                                           ^^^^^^^^^^^^^^
  100 |     // es una forma nueva: es la MISMA fórmula del acto 1, reevaluada con
  101 |     // uProgress1 rebobinando en vivo de 1 a 0 (ver UniverseParticles.jsx) —
  102 |     // el círculo narrativo es real a nivel de estado, no solo un blend

Parsing ecmascript source code failed

Import trace:
  Client Component Browser:
    ./components/canvas/scenes/UniverseParticleMaterial.js [Client Component Browser]
    ./components/canvas/scenes/UniverseParticles.jsx [Client Component Browser]
    ./components/canvas/Experience.jsx [Client Component Browser]
    ./components/canvas/ExperienceLoader.jsx [Client Component Browser]
    ./components/canvas/ExperienceLoader.jsx [Server Component]
    ./app/page.js [Server Component] @ http://localhost:3000/_next/static/chunks/node_modules_next_dist_1e8vcs8._.js:1052
[ 1329628ms] [LOG] [Fast Refresh] rebuilding @ http://localhost:3000/_next/static/chunks/node_modules_next_dist_1e8vcs8._.js:776
[ 1329770ms] [ERROR] ./components/canvas/scenes/UniverseParticleMaterial.js:99:61
Error: Expected a semicolon
   97 |     pos = mix(pos, nebulaPos, smoothstep(0.0, 1.0, uProgress3));
   98 |     pos = mix(pos, galaxyPos, smoothstep(0.0, 1.0, uProgress4));
>  99 |     // Acto 14 — Final: todo colapsa de vuelta al punto. `singularityPos` no
      |                                                           ^^^^^^^^^^^^^^
  100 |     // es una forma nueva: es la MISMA fórmula del acto 1, reevaluada con
  101 |     // uProgress1 rebobinando en vivo de 1 a 0 (ver UniverseParticles.jsx) —
  102 |     // el círculo narrativo es real a nivel de estado, no solo un blend

Parsing ecmascript source code failed

Import trace:
  Client Component Browser:
    ./components/canvas/scenes/UniverseParticleMaterial.js [Client Component Browser]
    ./components/canvas/scenes/UniverseParticles.jsx [Client Component Browser]
    ./components/canvas/Experience.jsx [Client Component Browser]
    ./components/canvas/ExperienceLoader.jsx [Client Component Browser]
    ./components/canvas/ExperienceLoader.jsx [Server Component]
    ./app/page.js [Server Component] @ http://localhost:3000/_next/static/chunks/node_modules_next_dist_1e8vcs8._.js:1052
[ 1344333ms] [ERROR] ./components/canvas/scenes/UniverseParticleMaterial.js:99:61
Error: Expected a semicolon
   97 |     pos = mix(pos, nebulaPos, smoothstep(0.0, 1.0, uProgress3));
   98 |     pos = mix(pos, galaxyPos, smoothstep(0.0, 1.0, uProgress4));
>  99 |     // Acto 14 — Final: todo colapsa de vuelta al punto. `singularityPos` no
      |                                                           ^^^^^^^^^^^^^^
  100 |     // es una forma nueva: es la MISMA fórmula del acto 1, reevaluada con
  101 |     // uProgress1 rebobinando en vivo de 1 a 0 (ver UniverseParticles.jsx) —
  102 |     // el círculo narrativo es real a nivel de estado, no solo un blend

Parsing ecmascript source code failed

Import trace:
  Client Component Browser:
    ./components/canvas/scenes/UniverseParticleMaterial.js [Client Component Browser]
    ./components/canvas/scenes/UniverseParticles.jsx [Client Component Browser]
    ./components/canvas/Experience.jsx [Client Component Browser]
    ./components/canvas/ExperienceLoader.jsx [Client Component Browser]
    ./components/canvas/ExperienceLoader.jsx [Server Component]
    ./app/page.js [Server Component] @ http://localhost:3000/_next/static/chunks/node_modules_next_dist_1e8vcs8._.js:1052
[ 1344389ms] [ERROR] ./components/canvas/scenes/UniverseParticleMaterial.js:99:61
Error: Expected a semicolon
   97 |     pos = mix(pos, nebulaPos, smoothstep(0.0, 1.0, uProgress3));
   98 |     pos = mix(pos, galaxyPos, smoothstep(0.0, 1.0, uProgress4));
>  99 |     // Acto 14 — Final: todo colapsa de vuelta al punto. `singularityPos` no
      |                                                           ^^^^^^^^^^^^^^
  100 |     // es una forma nueva: es la MISMA fórmula del acto 1, reevaluada con
  101 |     // uProgress1 rebobinando en vivo de 1 a 0 (ver UniverseParticles.jsx) —
  102 |     // el círculo narrativo es real a nivel de estado, no solo un blend

Parsing ecmascript source code failed

Import trace:
  Client Component Browser:
    ./components/canvas/scenes/UniverseParticleMaterial.js [Client Component Browser]
    ./components/canvas/scenes/UniverseParticles.jsx [Client Component Browser]
    ./components/canvas/Experience.jsx [Client Component Browser]
    ./components/canvas/ExperienceLoader.jsx [Client Component Browser]
    ./components/canvas/ExperienceLoader.jsx [Server Component]
    ./app/page.js [Server Component] @ http://localhost:3000/_next/static/chunks/node_modules_next_dist_1e8vcs8._.js:1052
[ 1344461ms] [LOG] [Fast Refresh] rebuilding @ http://localhost:3000/_next/static/chunks/node_modules_next_dist_1e8vcs8._.js:776
[ 1377728ms] [ERROR] ./components/canvas/scenes/UniverseParticleMaterial.js:99:61
Error: Expected a semicolon
   97 |     pos = mix(pos, nebulaPos, smoothstep(0.0, 1.0, uProgress3));
   98 |     pos = mix(pos, galaxyPos, smoothstep(0.0, 1.0, uProgress4));
>  99 |     // Acto 14 — Final: todo colapsa de vuelta al punto. `singularityPos` no
      |                                                           ^^^^^^^^^^^^^^
  100 |     // es una forma nueva: es la MISMA fórmula del acto 1, reevaluada con
  101 |     // uProgress1 rebobinando en vivo de 1 a 0 (ver UniverseParticles.jsx) —
  102 |     // el círculo narrativo es real a nivel de estado, no solo un blend

Parsing ecmascript source code failed

Import trace:
  Client Component Browser:
    ./components/canvas/scenes/UniverseParticleMaterial.js [Client Component Browser]
    ./components/canvas/scenes/UniverseParticles.jsx [Client Component Browser]
    ./components/canvas/Experience.jsx [Client Component Browser]
    ./components/canvas/ExperienceLoader.jsx [Client Component Browser]
    ./components/canvas/ExperienceLoader.jsx [Server Component]
    ./app/page.js [Server Component] @ http://localhost:3000/_next/static/chunks/node_modules_next_dist_1e8vcs8._.js:1052
[ 1377940ms] [LOG] [Fast Refresh] rebuilding @ http://localhost:3000/_next/static/chunks/node_modules_next_dist_1e8vcs8._.js:776
[ 1378537ms] [ERROR] ./components/canvas/scenes/UniverseParticleMaterial.js:99:61
Error: Expected a semicolon
   97 |     pos = mix(pos, nebulaPos, smoothstep(0.0, 1.0, uProgress3));
   98 |     pos = mix(pos, galaxyPos, smoothstep(0.0, 1.0, uProgress4));
>  99 |     // Acto 14 — Final: todo colapsa de vuelta al punto. `singularityPos` no
      |                                                           ^^^^^^^^^^^^^^
  100 |     // es una forma nueva: es la MISMA fórmula del acto 1, reevaluada con
  101 |     // uProgress1 rebobinando en vivo de 1 a 0 (ver UniverseParticles.jsx) —
  102 |     // el círculo narrativo es real a nivel de estado, no solo un blend

Parsing ecmascript source code failed

Import trace:
  Client Component Browser:
    ./components/canvas/scenes/UniverseParticleMaterial.js [Client Component Browser]
    ./components/canvas/scenes/UniverseParticles.jsx [Client Component Browser]
    ./components/canvas/Experience.jsx [Client Component Browser]
    ./components/canvas/ExperienceLoader.jsx [Client Component Browser]
    ./components/canvas/ExperienceLoader.jsx [Server Component]
    ./app/page.js [Server Component] @ http://localhost:3000/_next/static/chunks/node_modules_next_dist_1e8vcs8._.js:1052
[ 1392611ms] [ERROR] ./components/canvas/scenes/UniverseParticleMaterial.js:99:61
Error: Expected a semicolon
   97 |     pos = mix(pos, nebulaPos, smoothstep(0.0, 1.0, uProgress3));
   98 |     pos = mix(pos, galaxyPos, smoothstep(0.0, 1.0, uProgress4));
>  99 |     // Acto 14 — Final: todo colapsa de vuelta al punto. `singularityPos` no
      |                                                           ^^^^^^^^^^^^^^
  100 |     // es una forma nueva: es la MISMA fórmula del acto 1, reevaluada con
  101 |     // uProgress1 rebobinando en vivo de 1 a 0 (ver UniverseParticles.jsx) —
  102 |     // el círculo narrativo es real a nivel de estado, no solo un blend

Parsing ecmascript source code failed

Import trace:
  Client Component Browser:
    ./components/canvas/scenes/UniverseParticleMaterial.js [Client Component Browser]
    ./components/canvas/scenes/UniverseParticles.jsx [Client Component Browser]
    ./components/canvas/Experience.jsx [Client Component Browser]
    ./components/canvas/ExperienceLoader.jsx [Client Component Browser]
    ./components/canvas/ExperienceLoader.jsx [Server Component]
    ./app/page.js [Server Component] @ http://localhost:3000/_next/static/chunks/node_modules_next_dist_1e8vcs8._.js:1052
[ 1393265ms] [ERROR] ./components/canvas/scenes/UniverseParticleMaterial.js:99:61
Error: Expected a semicolon
   97 |     pos = mix(pos, nebulaPos, smoothstep(0.0, 1.0, uProgress3));
   98 |     pos = mix(pos, galaxyPos, smoothstep(0.0, 1.0, uProgress4));
>  99 |     // Acto 14 — Final: todo colapsa de vuelta al punto. `singularityPos` no
      |                                                           ^^^^^^^^^^^^^^
  100 |     // es una forma nueva: es la MISMA fórmula del acto 1, reevaluada con
  101 |     // uProgress1 rebobinando en vivo de 1 a 0 (ver UniverseParticles.jsx) —
  102 |     // el círculo narrativo es real a nivel de estado, no solo un blend

Parsing ecmascript source code failed

Import trace:
  Client Component Browser:
    ./components/canvas/scenes/UniverseParticleMaterial.js [Client Component Browser]
    ./components/canvas/scenes/UniverseParticles.jsx [Client Component Browser]
    ./components/canvas/Experience.jsx [Client Component Browser]
    ./components/canvas/ExperienceLoader.jsx [Client Component Browser]
    ./components/canvas/ExperienceLoader.jsx [Server Component]
    ./app/page.js [Server Component] @ http://localhost:3000/_next/static/chunks/node_modules_next_dist_1e8vcs8._.js:1052
[ 1400425ms] [LOG] [Fast Refresh] rebuilding @ http://localhost:3000/_next/static/chunks/node_modules_next_dist_1e8vcs8._.js:776
[ 1400477ms] [ERROR] ./components/canvas/scenes/UniverseParticleMaterial.js:99:61
Error: Expected a semicolon
   97 |     pos = mix(pos, nebulaPos, smoothstep(0.0, 1.0, uProgress3));
   98 |     pos = mix(pos, galaxyPos, smoothstep(0.0, 1.0, uProgress4));
>  99 |     // Acto 14 — Final: todo colapsa de vuelta al punto. `singularityPos` no
      |                                                           ^^^^^^^^^^^^^^
  100 |     // es una forma nueva: es la MISMA fórmula del acto 1, reevaluada con
  101 |     // uProgress1 rebobinando en vivo de 1 a 0 (ver UniverseParticles.jsx) —
  102 |     // el círculo narrativo es real a nivel de estado, no solo un blend

Parsing ecmascript source code failed

Import trace:
  Client Component Browser:
    ./components/canvas/scenes/UniverseParticleMaterial.js [Client Component Browser]
    ./components/canvas/scenes/UniverseParticles.jsx [Client Component Browser]
    ./components/canvas/Experience.jsx [Client Component Browser]
    ./components/canvas/ExperienceLoader.jsx [Client Component Browser]
    ./components/canvas/ExperienceLoader.jsx [Server Component]
    ./app/page.js [Server Component] @ http://localhost:3000/_next/static/chunks/node_modules_next_dist_1e8vcs8._.js:1052
[ 1400478ms] [ERROR] ./app/page.js:6:1
Error: Module not found: Can't resolve '@/components/dom/NffcLabels'
  4 | import ChapterLettering from "@/components/dom/ChapterLettering";
  5 | import ChainLabels from "@/components/dom/ChainLabels";
> 6 | import NffcLabels from "@/components/dom/NffcLabels";
    | ^^^^^^^^^^^^^^^^^^^^^^^^^^^^^^^^^^^^^^^^^^^^^^^^^^^^^
  7 | import NffcIdentityCard from "@/components/dom/NffcIdentityCard";
  8 | import Letterbox from "@/components/dom/Letterbox";
  9 | import ExperienceLoader from "@/components/canvas/ExperienceLoader";

Import map: aliased to relative './components/dom/NffcLabels' inside of [project]/

https://nextjs.org/docs/messages/module-not-found @ http://localhost:3000/_next/static/chunks/node_modules_next_dist_1e8vcs8._.js:1052
[ 1413951ms] [ERROR] ./components/canvas/scenes/UniverseParticleMaterial.js:99:61
Error: Expected a semicolon
   97 |     pos = mix(pos, nebulaPos, smoothstep(0.0, 1.0, uProgress3));
   98 |     pos = mix(pos, galaxyPos, smoothstep(0.0, 1.0, uProgress4));
>  99 |     // Acto 14 — Final: todo colapsa de vuelta al punto. `singularityPos` no
      |                                                           ^^^^^^^^^^^^^^
  100 |     // es una forma nueva: es la MISMA fórmula del acto 1, reevaluada con
  101 |     // uProgress1 rebobinando en vivo de 1 a 0 (ver UniverseParticles.jsx) —
  102 |     // el círculo narrativo es real a nivel de estado, no solo un blend

Parsing ecmascript source code failed

Import trace:
  Client Component Browser:
    ./components/canvas/scenes/UniverseParticleMaterial.js [Client Component Browser]
    ./components/canvas/scenes/UniverseParticles.jsx [Client Component Browser]
    ./components/canvas/Experience.jsx [Client Component Browser]
    ./components/canvas/ExperienceLoader.jsx [Client Component Browser]
    ./components/canvas/ExperienceLoader.jsx [Server Component]
    ./app/page.js [Server Component] @ http://localhost:3000/_next/static/chunks/node_modules_next_dist_1e8vcs8._.js:1052
[ 1413951ms] [ERROR] ./app/page.js:6:1
Error: Module not found: Can't resolve '@/components/dom/NffcLabels'
  4 | import ChapterLettering from "@/components/dom/ChapterLettering";
  5 | import ChainLabels from "@/components/dom/ChainLabels";
> 6 | import NffcLabels from "@/components/dom/NffcLabels";
    | ^^^^^^^^^^^^^^^^^^^^^^^^^^^^^^^^^^^^^^^^^^^^^^^^^^^^^
  7 | import NffcIdentityCard from "@/components/dom/NffcIdentityCard";
  8 | import Letterbox from "@/components/dom/Letterbox";
  9 | import ExperienceLoader from "@/components/canvas/ExperienceLoader";

Import map: aliased to relative './components/dom/NffcLabels' inside of [project]/

https://nextjs.org/docs/messages/module-not-found @ http://localhost:3000/_next/static/chunks/node_modules_next_dist_1e8vcs8._.js:1052
[ 1413997ms] [ERROR] ./components/canvas/scenes/UniverseParticleMaterial.js:99:61
Error: Expected a semicolon
   97 |     pos = mix(pos, nebulaPos, smoothstep(0.0, 1.0, uProgress3));
   98 |     pos = mix(pos, galaxyPos, smoothstep(0.0, 1.0, uProgress4));
>  99 |     // Acto 14 — Final: todo colapsa de vuelta al punto. `singularityPos` no
      |                                                           ^^^^^^^^^^^^^^
  100 |     // es una forma nueva: es la MISMA fórmula del acto 1, reevaluada con
  101 |     // uProgress1 rebobinando en vivo de 1 a 0 (ver UniverseParticles.jsx) —
  102 |     // el círculo narrativo es real a nivel de estado, no solo un blend

Parsing ecmascript source code failed

Import trace:
  Client Component Browser:
    ./components/canvas/scenes/UniverseParticleMaterial.js [Client Component Browser]
    ./components/canvas/scenes/UniverseParticles.jsx [Client Component Browser]
    ./components/canvas/Experience.jsx [Client Component Browser]
    ./components/canvas/ExperienceLoader.jsx [Client Component Browser]
    ./components/canvas/ExperienceLoader.jsx [Server Component]
    ./app/page.js [Server Component] @ http://localhost:3000/_next/static/chunks/node_modules_next_dist_1e8vcs8._.js:1052
[ 1413998ms] [ERROR] ./app/page.js:6:1
Error: Module not found: Can't resolve '@/components/dom/NffcLabels'
  4 | import ChapterLettering from "@/components/dom/ChapterLettering";
  5 | import ChainLabels from "@/components/dom/ChainLabels";
> 6 | import NffcLabels from "@/components/dom/NffcLabels";
    | ^^^^^^^^^^^^^^^^^^^^^^^^^^^^^^^^^^^^^^^^^^^^^^^^^^^^^
  7 | import NffcIdentityCard from "@/components/dom/NffcIdentityCard";
  8 | import Letterbox from "@/components/dom/Letterbox";
  9 | import ExperienceLoader from "@/components/canvas/ExperienceLoader";

Import map: aliased to relative './components/dom/NffcLabels' inside of [project]/

https://nextjs.org/docs/messages/module-not-found @ http://localhost:3000/_next/static/chunks/node_modules_next_dist_1e8vcs8._.js:1052
[ 1422981ms] [ERROR] ./components/canvas/scenes/UniverseParticleMaterial.js:99:61
Error: Expected a semicolon
   97 |     pos = mix(pos, nebulaPos, smoothstep(0.0, 1.0, uProgress3));
   98 |     pos = mix(pos, galaxyPos, smoothstep(0.0, 1.0, uProgress4));
>  99 |     // Acto 14 — Final: todo colapsa de vuelta al punto. `singularityPos` no
      |                                                           ^^^^^^^^^^^^^^
  100 |     // es una forma nueva: es la MISMA fórmula del acto 1, reevaluada con
  101 |     // uProgress1 rebobinando en vivo de 1 a 0 (ver UniverseParticles.jsx) —
  102 |     // el círculo narrativo es real a nivel de estado, no solo un blend

Parsing ecmascript source code failed

Import trace:
  Client Component Browser:
    ./components/canvas/scenes/UniverseParticleMaterial.js [Client Component Browser]
    ./components/canvas/scenes/UniverseParticles.jsx [Client Component Browser]
    ./components/canvas/Experience.jsx [Client Component Browser]
    ./components/canvas/ExperienceLoader.jsx [Client Component Browser]
    ./components/canvas/ExperienceLoader.jsx [Server Component]
    ./app/page.js [Server Component] @ http://localhost:3000/_next/static/chunks/node_modules_next_dist_1e8vcs8._.js:1052
[ 1422981ms] [ERROR] ./app/page.js:6:1
Error: Module not found: Can't resolve '@/components/dom/NffcLabels'
  4 | import ChapterLettering from "@/components/dom/ChapterLettering";
  5 | import ChainLabels from "@/components/dom/ChainLabels";
> 6 | import NffcLabels from "@/components/dom/NffcLabels";
    | ^^^^^^^^^^^^^^^^^^^^^^^^^^^^^^^^^^^^^^^^^^^^^^^^^^^^^
  7 | import NffcIdentityCard from "@/components/dom/NffcIdentityCard";
  8 | import Letterbox from "@/components/dom/Letterbox";
  9 | import ExperienceLoader from "@/components/canvas/ExperienceLoader";

Import map: aliased to relative './components/dom/NffcLabels' inside of [project]/

https://nextjs.org/docs/messages/module-not-found @ http://localhost:3000/_next/static/chunks/node_modules_next_dist_1e8vcs8._.js:1052
[ 1446228ms] [ERROR] ./components/canvas/scenes/UniverseParticleMaterial.js:99:61
Error: Expected a semicolon
   97 |     pos = mix(pos, nebulaPos, smoothstep(0.0, 1.0, uProgress3));
   98 |     pos = mix(pos, galaxyPos, smoothstep(0.0, 1.0, uProgress4));
>  99 |     // Acto 14 — Final: todo colapsa de vuelta al punto. `singularityPos` no
      |                                                           ^^^^^^^^^^^^^^
  100 |     // es una forma nueva: es la MISMA fórmula del acto 1, reevaluada con
  101 |     // uProgress1 rebobinando en vivo de 1 a 0 (ver UniverseParticles.jsx) —
  102 |     // el círculo narrativo es real a nivel de estado, no solo un blend

Parsing ecmascript source code failed

Import trace:
  Client Component Browser:
    ./components/canvas/scenes/UniverseParticleMaterial.js [Client Component Browser]
    ./components/canvas/scenes/UniverseParticles.jsx [Client Component Browser]
    ./components/canvas/Experience.jsx [Client Component Browser]
    ./components/canvas/ExperienceLoader.jsx [Client Component Browser]
    ./components/canvas/ExperienceLoader.jsx [Server Component]
    ./app/page.js [Server Component] @ http://localhost:3000/_next/static/chunks/node_modules_next_dist_1e8vcs8._.js:1052
[ 1446228ms] [ERROR] ./app/page.js:6:1
Error: Module not found: Can't resolve '@/components/dom/NffcLabels'
  4 | import ChapterLettering from "@/components/dom/ChapterLettering";
  5 | import ChainLabels from "@/components/dom/ChainLabels";
> 6 | import NffcLabels from "@/components/dom/NffcLabels";
    | ^^^^^^^^^^^^^^^^^^^^^^^^^^^^^^^^^^^^^^^^^^^^^^^^^^^^^
  7 | import NffcIdentityCard from "@/components/dom/NffcIdentityCard";
  8 | import Letterbox from "@/components/dom/Letterbox";
  9 | import ExperienceLoader from "@/components/canvas/ExperienceLoader";

Import map: aliased to relative './components/dom/NffcLabels' inside of [project]/

https://nextjs.org/docs/messages/module-not-found @ http://localhost:3000/_next/static/chunks/node_modules_next_dist_1e8vcs8._.js:1052
[ 1446271ms] [ERROR] ./components/canvas/scenes/UniverseParticleMaterial.js:99:61
Error: Expected a semicolon
   97 |     pos = mix(pos, nebulaPos, smoothstep(0.0, 1.0, uProgress3));
   98 |     pos = mix(pos, galaxyPos, smoothstep(0.0, 1.0, uProgress4));
>  99 |     // Acto 14 — Final: todo colapsa de vuelta al punto. `singularityPos` no
      |                                                           ^^^^^^^^^^^^^^
  100 |     // es una forma nueva: es la MISMA fórmula del acto 1, reevaluada con
  101 |     // uProgress1 rebobinando en vivo de 1 a 0 (ver UniverseParticles.jsx) —
  102 |     // el círculo narrativo es real a nivel de estado, no solo un blend

Parsing ecmascript source code failed

Import trace:
  Client Component Browser:
    ./components/canvas/scenes/UniverseParticleMaterial.js [Client Component Browser]
    ./components/canvas/scenes/UniverseParticles.jsx [Client Component Browser]
    ./components/canvas/Experience.jsx [Client Component Browser]
    ./components/canvas/ExperienceLoader.jsx [Client Component Browser]
    ./components/canvas/ExperienceLoader.jsx [Server Component]
    ./app/page.js [Server Component] @ http://localhost:3000/_next/static/chunks/node_modules_next_dist_1e8vcs8._.js:1052
[ 1446271ms] [ERROR] ./app/page.js:6:1
Error: Module not found: Can't resolve '@/components/dom/NffcLabels'
  4 | import ChapterLettering from "@/components/dom/ChapterLettering";
  5 | import ChainLabels from "@/components/dom/ChainLabels";
> 6 | import NffcLabels from "@/components/dom/NffcLabels";
    | ^^^^^^^^^^^^^^^^^^^^^^^^^^^^^^^^^^^^^^^^^^^^^^^^^^^^^
  7 | import NffcIdentityCard from "@/components/dom/NffcIdentityCard";
  8 | import Letterbox from "@/components/dom/Letterbox";
  9 | import ExperienceLoader from "@/components/canvas/ExperienceLoader";

Import map: aliased to relative './components/dom/NffcLabels' inside of [project]/

https://nextjs.org/docs/messages/module-not-found @ http://localhost:3000/_next/static/chunks/node_modules_next_dist_1e8vcs8._.js:1052
[ 1467326ms] [ERROR] ./components/canvas/scenes/UniverseParticleMaterial.js:99:61
Error: Expected a semicolon
   97 |     pos = mix(pos, nebulaPos, smoothstep(0.0, 1.0, uProgress3));
   98 |     pos = mix(pos, galaxyPos, smoothstep(0.0, 1.0, uProgress4));
>  99 |     // Acto 14 — Final: todo colapsa de vuelta al punto. `singularityPos` no
      |                                                           ^^^^^^^^^^^^^^
  100 |     // es una forma nueva: es la MISMA fórmula del acto 1, reevaluada con
  101 |     // uProgress1 rebobinando en vivo de 1 a 0 (ver UniverseParticles.jsx) —
  102 |     // el círculo narrativo es real a nivel de estado, no solo un blend

Parsing ecmascript source code failed

Import trace:
  Client Component Browser:
    ./components/canvas/scenes/UniverseParticleMaterial.js [Client Component Browser]
    ./components/canvas/scenes/UniverseParticles.jsx [Client Component Browser]
    ./components/canvas/Experience.jsx [Client Component Browser]
    ./components/canvas/ExperienceLoader.jsx [Client Component Browser]
    ./components/canvas/ExperienceLoader.jsx [Server Component]
    ./app/page.js [Server Component] @ http://localhost:3000/_next/static/chunks/node_modules_next_dist_1e8vcs8._.js:1052
[ 1467327ms] [ERROR] ./app/page.js:6:1
Error: Module not found: Can't resolve '@/components/dom/NffcLabels'
  4 | import ChapterLettering from "@/components/dom/ChapterLettering";
  5 | import ChainLabels from "@/components/dom/ChainLabels";
> 6 | import NffcLabels from "@/components/dom/NffcLabels";
    | ^^^^^^^^^^^^^^^^^^^^^^^^^^^^^^^^^^^^^^^^^^^^^^^^^^^^^
  7 | import NffcIdentityCard from "@/components/dom/NffcIdentityCard";
  8 | import Letterbox from "@/components/dom/Letterbox";
  9 | import ExperienceLoader from "@/components/canvas/ExperienceLoader";

Import map: aliased to relative './components/dom/NffcLabels' inside of [project]/

https://nextjs.org/docs/messages/module-not-found @ http://localhost:3000/_next/static/chunks/node_modules_next_dist_1e8vcs8._.js:1052
[ 1467368ms] [ERROR] ./components/canvas/scenes/UniverseParticleMaterial.js:99:61
Error: Expected a semicolon
   97 |     pos = mix(pos, nebulaPos, smoothstep(0.0, 1.0, uProgress3));
   98 |     pos = mix(pos, galaxyPos, smoothstep(0.0, 1.0, uProgress4));
>  99 |     // Acto 14 — Final: todo colapsa de vuelta al punto. `singularityPos` no
      |                                                           ^^^^^^^^^^^^^^
  100 |     // es una forma nueva: es la MISMA fórmula del acto 1, reevaluada con
  101 |     // uProgress1 rebobinando en vivo de 1 a 0 (ver UniverseParticles.jsx) —
  102 |     // el círculo narrativo es real a nivel de estado, no solo un blend

Parsing ecmascript source code failed

Import trace:
  Client Component Browser:
    ./components/canvas/scenes/UniverseParticleMaterial.js [Client Component Browser]
    ./components/canvas/scenes/UniverseParticles.jsx [Client Component Browser]
    ./components/canvas/Experience.jsx [Client Component Browser]
    ./components/canvas/ExperienceLoader.jsx [Client Component Browser]
    ./components/canvas/ExperienceLoader.jsx [Server Component]
    ./app/page.js [Server Component] @ http://localhost:3000/_next/static/chunks/node_modules_next_dist_1e8vcs8._.js:1052
[ 1467369ms] [ERROR] ./app/page.js:6:1
Error: Module not found: Can't resolve '@/components/dom/NffcLabels'
  4 | import ChapterLettering from "@/components/dom/ChapterLettering";
  5 | import ChainLabels from "@/components/dom/ChainLabels";
> 6 | import NffcLabels from "@/components/dom/NffcLabels";
    | ^^^^^^^^^^^^^^^^^^^^^^^^^^^^^^^^^^^^^^^^^^^^^^^^^^^^^
  7 | import NffcIdentityCard from "@/components/dom/NffcIdentityCard";
  8 | import Letterbox from "@/components/dom/Letterbox";
  9 | import ExperienceLoader from "@/components/canvas/ExperienceLoader";

Import map: aliased to relative './components/dom/NffcLabels' inside of [project]/

https://nextjs.org/docs/messages/module-not-found @ http://localhost:3000/_next/static/chunks/node_modules_next_dist_1e8vcs8._.js:1052
[ 1478507ms] [ERROR] ./components/canvas/scenes/UniverseParticleMaterial.js:99:61
Error: Expected a semicolon
   97 |     pos = mix(pos, nebulaPos, smoothstep(0.0, 1.0, uProgress3));
   98 |     pos = mix(pos, galaxyPos, smoothstep(0.0, 1.0, uProgress4));
>  99 |     // Acto 14 — Final: todo colapsa de vuelta al punto. `singularityPos` no
      |                                                           ^^^^^^^^^^^^^^
  100 |     // es una forma nueva: es la MISMA fórmula del acto 1, reevaluada con
  101 |     // uProgress1 rebobinando en vivo de 1 a 0 (ver UniverseParticles.jsx) —
  102 |     // el círculo narrativo es real a nivel de estado, no solo un blend

Parsing ecmascript source code failed

Import trace:
  Client Component Browser:
    ./components/canvas/scenes/UniverseParticleMaterial.js [Client Component Browser]
    ./components/canvas/scenes/UniverseParticles.jsx [Client Component Browser]
    ./components/canvas/Experience.jsx [Client Component Browser]
    ./components/canvas/ExperienceLoader.jsx [Client Component Browser]
    ./components/canvas/ExperienceLoader.jsx [Server Component]
    ./app/page.js [Server Component] @ http://localhost:3000/_next/static/chunks/node_modules_next_dist_1e8vcs8._.js:1052
[ 1478507ms] [ERROR] ./app/page.js:6:1
Error: Module not found: Can't resolve '@/components/dom/NffcLabels'
  4 | import ChapterLettering from "@/components/dom/ChapterLettering";
  5 | import ChainLabels from "@/components/dom/ChainLabels";
> 6 | import NffcLabels from "@/components/dom/NffcLabels";
    | ^^^^^^^^^^^^^^^^^^^^^^^^^^^^^^^^^^^^^^^^^^^^^^^^^^^^^
  7 | import NffcIdentityCard from "@/components/dom/NffcIdentityCard";
  8 | import Letterbox from "@/components/dom/Letterbox";
  9 | import ExperienceLoader from "@/components/canvas/ExperienceLoader";

Import map: aliased to relative './components/dom/NffcLabels' inside of [project]/

https://nextjs.org/docs/messages/module-not-found @ http://localhost:3000/_next/static/chunks/node_modules_next_dist_1e8vcs8._.js:1052
[ 1478568ms] [ERROR] ./components/canvas/scenes/UniverseParticleMaterial.js:99:61
Error: Expected a semicolon
   97 |     pos = mix(pos, nebulaPos, smoothstep(0.0, 1.0, uProgress3));
   98 |     pos = mix(pos, galaxyPos, smoothstep(0.0, 1.0, uProgress4));
>  99 |     // Acto 14 — Final: todo colapsa de vuelta al punto. `singularityPos` no
      |                                                           ^^^^^^^^^^^^^^
  100 |     // es una forma nueva: es la MISMA fórmula del acto 1, reevaluada con
  101 |     // uProgress1 rebobinando en vivo de 1 a 0 (ver UniverseParticles.jsx) —
  102 |     // el círculo narrativo es real a nivel de estado, no solo un blend

Parsing ecmascript source code failed

Import trace:
  Client Component Browser:
    ./components/canvas/scenes/UniverseParticleMaterial.js [Client Component Browser]
    ./components/canvas/scenes/UniverseParticles.jsx [Client Component Browser]
    ./components/canvas/Experience.jsx [Client Component Browser]
    ./components/canvas/ExperienceLoader.jsx [Client Component Browser]
    ./components/canvas/ExperienceLoader.jsx [Server Component]
    ./app/page.js [Server Component] @ http://localhost:3000/_next/static/chunks/node_modules_next_dist_1e8vcs8._.js:1052
[ 1478569ms] [ERROR] ./app/page.js:6:1
Error: Module not found: Can't resolve '@/components/dom/NffcLabels'
  4 | import ChapterLettering from "@/components/dom/ChapterLettering";
  5 | import ChainLabels from "@/components/dom/ChainLabels";
> 6 | import NffcLabels from "@/components/dom/NffcLabels";
    | ^^^^^^^^^^^^^^^^^^^^^^^^^^^^^^^^^^^^^^^^^^^^^^^^^^^^^
  7 | import NffcIdentityCard from "@/components/dom/NffcIdentityCard";
  8 | import Letterbox from "@/components/dom/Letterbox";
  9 | import ExperienceLoader from "@/components/canvas/ExperienceLoader";

Import map: aliased to relative './components/dom/NffcLabels' inside of [project]/

https://nextjs.org/docs/messages/module-not-found @ http://localhost:3000/_next/static/chunks/node_modules_next_dist_1e8vcs8._.js:1052
[ 1511266ms] [LOG] [Fast Refresh] rebuilding @ http://localhost:3000/_next/static/chunks/node_modules_next_dist_1e8vcs8._.js:776
[ 1511597ms] [ERROR] ./components/canvas/scenes/UniverseParticleMaterial.js:99:61
Error: Expected a semicolon
   97 |     pos = mix(pos, nebulaPos, smoothstep(0.0, 1.0, uProgress3));
   98 |     pos = mix(pos, galaxyPos, smoothstep(0.0, 1.0, uProgress4));
>  99 |     // Acto 14 — Final: todo colapsa de vuelta al punto. `singularityPos` no
      |                                                           ^^^^^^^^^^^^^^
  100 |     // es una forma nueva: es la MISMA fórmula del acto 1, reevaluada con
  101 |     // uProgress1 rebobinando en vivo de 1 a 0 (ver UniverseParticles.jsx) —
  102 |     // el círculo narrativo es real a nivel de estado, no solo un blend

Parsing ecmascript source code failed

Import trace:
  Client Component Browser:
    ./components/canvas/scenes/UniverseParticleMaterial.js [Client Component Browser]
    ./components/canvas/scenes/UniverseParticles.jsx [Client Component Browser]
    ./components/canvas/Experience.jsx [Client Component Browser]
    ./components/canvas/ExperienceLoader.jsx [Client Component Browser]
    ./components/canvas/ExperienceLoader.jsx [Server Component]
    ./app/page.js [Server Component] @ http://localhost:3000/_next/static/chunks/node_modules_next_dist_1e8vcs8._.js:1052
[ 1511598ms] [ERROR] ./app/page.js:6:1
Error: Module not found: Can't resolve '@/components/dom/NffcLabels'
  4 | import ChapterLettering from "@/components/dom/ChapterLettering";
  5 | import ChainLabels from "@/components/dom/ChainLabels";
> 6 | import NffcLabels from "@/components/dom/NffcLabels";
    | ^^^^^^^^^^^^^^^^^^^^^^^^^^^^^^^^^^^^^^^^^^^^^^^^^^^^^
  7 | import NffcIdentityCard from "@/components/dom/NffcIdentityCard";
  8 | import Letterbox from "@/components/dom/Letterbox";
  9 | import ExperienceLoader from "@/components/canvas/ExperienceLoader";

Import map: aliased to relative './components/dom/NffcLabels' inside of [project]/

https://nextjs.org/docs/messages/module-not-found @ http://localhost:3000/_next/static/chunks/node_modules_next_dist_1e8vcs8._.js:1052
[ 1523430ms] [ERROR] ./components/canvas/scenes/UniverseParticleMaterial.js:99:61
Error: Expected a semicolon
   97 |     pos = mix(pos, nebulaPos, smoothstep(0.0, 1.0, uProgress3));
   98 |     pos = mix(pos, galaxyPos, smoothstep(0.0, 1.0, uProgress4));
>  99 |     // Acto 14 — Final: todo colapsa de vuelta al punto. `singularityPos` no
      |                                                           ^^^^^^^^^^^^^^
  100 |     // es una forma nueva: es la MISMA fórmula del acto 1, reevaluada con
  101 |     // uProgress1 rebobinando en vivo de 1 a 0 (ver UniverseParticles.jsx) —
  102 |     // el círculo narrativo es real a nivel de estado, no solo un blend

Parsing ecmascript source code failed

Import trace:
  Client Component Browser:
    ./components/canvas/scenes/UniverseParticleMaterial.js [Client Component Browser]
    ./components/canvas/scenes/UniverseParticles.jsx [Client Component Browser]
    ./components/canvas/Experience.jsx [Client Component Browser]
    ./components/canvas/ExperienceLoader.jsx [Client Component Browser]
    ./components/canvas/ExperienceLoader.jsx [Server Component]
    ./app/page.js [Server Component] @ http://localhost:3000/_next/static/chunks/node_modules_next_dist_1e8vcs8._.js:1052
[ 1523430ms] [ERROR] ./app/page.js:6:1
Error: Module not found: Can't resolve '@/components/dom/NffcLabels'
  4 | import ChapterLettering from "@/components/dom/ChapterLettering";
  5 | import ChainLabels from "@/components/dom/ChainLabels";
> 6 | import NffcLabels from "@/components/dom/NffcLabels";
    | ^^^^^^^^^^^^^^^^^^^^^^^^^^^^^^^^^^^^^^^^^^^^^^^^^^^^^
  7 | import NffcIdentityCard from "@/components/dom/NffcIdentityCard";
  8 | import Letterbox from "@/components/dom/Letterbox";
  9 | import ExperienceLoader from "@/components/canvas/ExperienceLoader";

Import map: aliased to relative './components/dom/NffcLabels' inside of [project]/

https://nextjs.org/docs/messages/module-not-found @ http://localhost:3000/_next/static/chunks/node_modules_next_dist_1e8vcs8._.js:1052
[ 1523515ms] [ERROR] ./components/canvas/scenes/UniverseParticleMaterial.js:99:61
Error: Expected a semicolon
   97 |     pos = mix(pos, nebulaPos, smoothstep(0.0, 1.0, uProgress3));
   98 |     pos = mix(pos, galaxyPos, smoothstep(0.0, 1.0, uProgress4));
>  99 |     // Acto 14 — Final: todo colapsa de vuelta al punto. `singularityPos` no
      |                                                           ^^^^^^^^^^^^^^
  100 |     // es una forma nueva: es la MISMA fórmula del acto 1, reevaluada con
  101 |     // uProgress1 rebobinando en vivo de 1 a 0 (ver UniverseParticles.jsx) —
  102 |     // el círculo narrativo es real a nivel de estado, no solo un blend

Parsing ecmascript source code failed

Import trace:
  Client Component Browser:
    ./components/canvas/scenes/UniverseParticleMaterial.js [Client Component Browser]
    ./components/canvas/scenes/UniverseParticles.jsx [Client Component Browser]
    ./components/canvas/Experience.jsx [Client Component Browser]
    ./components/canvas/ExperienceLoader.jsx [Client Component Browser]
    ./components/canvas/ExperienceLoader.jsx [Server Component]
    ./app/page.js [Server Component] @ http://localhost:3000/_next/static/chunks/node_modules_next_dist_1e8vcs8._.js:1052
[ 1523516ms] [ERROR] ./app/page.js:6:1
Error: Module not found: Can't resolve '@/components/dom/NffcLabels'
  4 | import ChapterLettering from "@/components/dom/ChapterLettering";
  5 | import ChainLabels from "@/components/dom/ChainLabels";
> 6 | import NffcLabels from "@/components/dom/NffcLabels";
    | ^^^^^^^^^^^^^^^^^^^^^^^^^^^^^^^^^^^^^^^^^^^^^^^^^^^^^
  7 | import NffcIdentityCard from "@/components/dom/NffcIdentityCard";
  8 | import Letterbox from "@/components/dom/Letterbox";
  9 | import ExperienceLoader from "@/components/canvas/ExperienceLoader";

Import map: aliased to relative './components/dom/NffcLabels' inside of [project]/

https://nextjs.org/docs/messages/module-not-found @ http://localhost:3000/_next/static/chunks/node_modules_next_dist_1e8vcs8._.js:1052
[ 1523589ms] [LOG] [Fast Refresh] rebuilding @ http://localhost:3000/_next/static/chunks/node_modules_next_dist_1e8vcs8._.js:776
[ 1533715ms] [ERROR] ./components/canvas/scenes/UniverseParticleMaterial.js:99:61
Error: Expected a semicolon
   97 |     pos = mix(pos, nebulaPos, smoothstep(0.0, 1.0, uProgress3));
   98 |     pos = mix(pos, galaxyPos, smoothstep(0.0, 1.0, uProgress4));
>  99 |     // Acto 14 — Final: todo colapsa de vuelta al punto. `singularityPos` no
      |                                                           ^^^^^^^^^^^^^^
  100 |     // es una forma nueva: es la MISMA fórmula del acto 1, reevaluada con
  101 |     // uProgress1 rebobinando en vivo de 1 a 0 (ver UniverseParticles.jsx) —
  102 |     // el círculo narrativo es real a nivel de estado, no solo un blend

Parsing ecmascript source code failed

Import trace:
  Client Component Browser:
    ./components/canvas/scenes/UniverseParticleMaterial.js [Client Component Browser]
    ./components/canvas/scenes/UniverseParticles.jsx [Client Component Browser]
    ./components/canvas/Experience.jsx [Client Component Browser]
    ./components/canvas/ExperienceLoader.jsx [Client Component Browser]
    ./components/canvas/ExperienceLoader.jsx [Server Component]
    ./app/page.js [Server Component] @ http://localhost:3000/_next/static/chunks/node_modules_next_dist_1e8vcs8._.js:1052
[ 1533715ms] [ERROR] ./app/page.js:6:1
Error: Module not found: Can't resolve '@/components/dom/NffcLabels'
  4 | import ChapterLettering from "@/components/dom/ChapterLettering";
  5 | import ChainLabels from "@/components/dom/ChainLabels";
> 6 | import NffcLabels from "@/components/dom/NffcLabels";
    | ^^^^^^^^^^^^^^^^^^^^^^^^^^^^^^^^^^^^^^^^^^^^^^^^^^^^^
  7 | import NffcIdentityCard from "@/components/dom/NffcIdentityCard";
  8 | import Letterbox from "@/components/dom/Letterbox";
  9 | import ExperienceLoader from "@/components/canvas/ExperienceLoader";

Import map: aliased to relative './components/dom/NffcLabels' inside of [project]/

https://nextjs.org/docs/messages/module-not-found @ http://localhost:3000/_next/static/chunks/node_modules_next_dist_1e8vcs8._.js:1052
[ 1533723ms] [ERROR] ./components/canvas/scenes/UniverseParticleMaterial.js:99:61
Error: Expected a semicolon
   97 |     pos = mix(pos, nebulaPos, smoothstep(0.0, 1.0, uProgress3));
   98 |     pos = mix(pos, galaxyPos, smoothstep(0.0, 1.0, uProgress4));
>  99 |     // Acto 14 — Final: todo colapsa de vuelta al punto. `singularityPos` no
      |                                                           ^^^^^^^^^^^^^^
  100 |     // es una forma nueva: es la MISMA fórmula del acto 1, reevaluada con
  101 |     // uProgress1 rebobinando en vivo de 1 a 0 (ver UniverseParticles.jsx) —
  102 |     // el círculo narrativo es real a nivel de estado, no solo un blend

Parsing ecmascript source code failed

Import trace:
  Client Component Browser:
    ./components/canvas/scenes/UniverseParticleMaterial.js [Client Component Browser]
    ./components/canvas/scenes/UniverseParticles.jsx [Client Component Browser]
    ./components/canvas/Experience.jsx [Client Component Browser]
    ./components/canvas/ExperienceLoader.jsx [Client Component Browser]
    ./components/canvas/ExperienceLoader.jsx [Server Component]
    ./app/page.js [Server Component] @ http://localhost:3000/_next/static/chunks/node_modules_next_dist_1e8vcs8._.js:1052
[ 1533724ms] [ERROR] ./app/page.js:6:1
Error: Module not found: Can't resolve '@/components/dom/NffcLabels'
  4 | import ChapterLettering from "@/components/dom/ChapterLettering";
  5 | import ChainLabels from "@/components/dom/ChainLabels";
> 6 | import NffcLabels from "@/components/dom/NffcLabels";
    | ^^^^^^^^^^^^^^^^^^^^^^^^^^^^^^^^^^^^^^^^^^^^^^^^^^^^^
  7 | import NffcIdentityCard from "@/components/dom/NffcIdentityCard";
  8 | import Letterbox from "@/components/dom/Letterbox";
  9 | import ExperienceLoader from "@/components/canvas/ExperienceLoader";

Import map: aliased to relative './components/dom/NffcLabels' inside of [project]/

https://nextjs.org/docs/messages/module-not-found @ http://localhost:3000/_next/static/chunks/node_modules_next_dist_1e8vcs8._.js:1052
[ 1533796ms] [LOG] [Fast Refresh] rebuilding @ http://localhost:3000/_next/static/chunks/node_modules_next_dist_1e8vcs8._.js:776
[ 1555478ms] [ERROR] ./components/canvas/scenes/UniverseParticleMaterial.js:99:61
Error: Expected a semicolon
   97 |     pos = mix(pos, nebulaPos, smoothstep(0.0, 1.0, uProgress3));
   98 |     pos = mix(pos, galaxyPos, smoothstep(0.0, 1.0, uProgress4));
>  99 |     // Acto 14 — Final: todo colapsa de vuelta al punto. `singularityPos` no
      |                                                           ^^^^^^^^^^^^^^
  100 |     // es una forma nueva: es la MISMA fórmula del acto 1, reevaluada con
  101 |     // uProgress1 rebobinando en vivo de 1 a 0 (ver UniverseParticles.jsx) —
  102 |     // el círculo narrativo es real a nivel de estado, no solo un blend

Parsing ecmascript source code failed

Import trace:
  Client Component Browser:
    ./components/canvas/scenes/UniverseParticleMaterial.js [Client Component Browser]
    ./components/canvas/scenes/UniverseParticles.jsx [Client Component Browser]
    ./components/canvas/Experience.jsx [Client Component Browser]
    ./components/canvas/ExperienceLoader.jsx [Client Component Browser]
    ./components/canvas/ExperienceLoader.jsx [Server Component]
    ./app/page.js [Server Component] @ http://localhost:3000/_next/static/chunks/node_modules_next_dist_1e8vcs8._.js:1052
[ 1555479ms] [ERROR] ./app/page.js:6:1
Error: Module not found: Can't resolve '@/components/dom/NffcLabels'
  4 | import ChapterLettering from "@/components/dom/ChapterLettering";
  5 | import ChainLabels from "@/components/dom/ChainLabels";
> 6 | import NffcLabels from "@/components/dom/NffcLabels";
    | ^^^^^^^^^^^^^^^^^^^^^^^^^^^^^^^^^^^^^^^^^^^^^^^^^^^^^
  7 | import NffcIdentityCard from "@/components/dom/NffcIdentityCard";
  8 | import Letterbox from "@/components/dom/Letterbox";
  9 | import ExperienceLoader from "@/components/canvas/ExperienceLoader";

Import map: aliased to relative './components/dom/NffcLabels' inside of [project]/

https://nextjs.org/docs/messages/module-not-found @ http://localhost:3000/_next/static/chunks/node_modules_next_dist_1e8vcs8._.js:1052
[ 1555524ms] [ERROR] ./components/canvas/scenes/UniverseParticleMaterial.js:99:61
Error: Expected a semicolon
   97 |     pos = mix(pos, nebulaPos, smoothstep(0.0, 1.0, uProgress3));
   98 |     pos = mix(pos, galaxyPos, smoothstep(0.0, 1.0, uProgress4));
>  99 |     // Acto 14 — Final: todo colapsa de vuelta al punto. `singularityPos` no
      |                                                           ^^^^^^^^^^^^^^
  100 |     // es una forma nueva: es la MISMA fórmula del acto 1, reevaluada con
  101 |     // uProgress1 rebobinando en vivo de 1 a 0 (ver UniverseParticles.jsx) —
  102 |     // el círculo narrativo es real a nivel de estado, no solo un blend

Parsing ecmascript source code failed

Import trace:
  Client Component Browser:
    ./components/canvas/scenes/UniverseParticleMaterial.js [Client Component Browser]
    ./components/canvas/scenes/UniverseParticles.jsx [Client Component Browser]
    ./components/canvas/Experience.jsx [Client Component Browser]
    ./components/canvas/ExperienceLoader.jsx [Client Component Browser]
    ./components/canvas/ExperienceLoader.jsx [Server Component]
    ./app/page.js [Server Component] @ http://localhost:3000/_next/static/chunks/node_modules_next_dist_1e8vcs8._.js:1052
[ 1555525ms] [ERROR] ./app/page.js:6:1
Error: Module not found: Can't resolve '@/components/dom/NffcLabels'
  4 | import ChapterLettering from "@/components/dom/ChapterLettering";
  5 | import ChainLabels from "@/components/dom/ChainLabels";
> 6 | import NffcLabels from "@/components/dom/NffcLabels";
    | ^^^^^^^^^^^^^^^^^^^^^^^^^^^^^^^^^^^^^^^^^^^^^^^^^^^^^
  7 | import NffcIdentityCard from "@/components/dom/NffcIdentityCard";
  8 | import Letterbox from "@/components/dom/Letterbox";
  9 | import ExperienceLoader from "@/components/canvas/ExperienceLoader";

Import map: aliased to relative './components/dom/NffcLabels' inside of [project]/

https://nextjs.org/docs/messages/module-not-found @ http://localhost:3000/_next/static/chunks/node_modules_next_dist_1e8vcs8._.js:1052
[ 1555741ms] [LOG] [Fast Refresh] rebuilding @ http://localhost:3000/_next/static/chunks/node_modules_next_dist_1e8vcs8._.js:776
[ 1555747ms] [ERROR] ./components/canvas/scenes/UniverseParticleMaterial.js:99:61
Error: Expected a semicolon
   97 |     pos = mix(pos, nebulaPos, smoothstep(0.0, 1.0, uProgress3));
   98 |     pos = mix(pos, galaxyPos, smoothstep(0.0, 1.0, uProgress4));
>  99 |     // Acto 14 — Final: todo colapsa de vuelta al punto. `singularityPos` no
      |                                                           ^^^^^^^^^^^^^^
  100 |     // es una forma nueva: es la MISMA fórmula del acto 1, reevaluada con
  101 |     // uProgress1 rebobinando en vivo de 1 a 0 (ver UniverseParticles.jsx) —
  102 |     // el círculo narrativo es real a nivel de estado, no solo un blend

Parsing ecmascript source code failed

Import trace:
  Client Component Browser:
    ./components/canvas/scenes/UniverseParticleMaterial.js [Client Component Browser]
    ./components/canvas/scenes/UniverseParticles.jsx [Client Component Browser]
    ./components/canvas/Experience.jsx [Client Component Browser]
    ./components/canvas/ExperienceLoader.jsx [Client Component Browser]
    ./components/canvas/ExperienceLoader.jsx [Server Component]
    ./app/page.js [Server Component] @ http://localhost:3000/_next/static/chunks/node_modules_next_dist_1e8vcs8._.js:1052
[ 1555747ms] [ERROR] ./app/page.js:6:1
Error: Module not found: Can't resolve '@/components/dom/NffcLabels'
  4 | import ChapterLettering from "@/components/dom/ChapterLettering";
  5 | import ChainLabels from "@/components/dom/ChainLabels";
> 6 | import NffcLabels from "@/components/dom/NffcLabels";
    | ^^^^^^^^^^^^^^^^^^^^^^^^^^^^^^^^^^^^^^^^^^^^^^^^^^^^^
  7 | import NffcIdentityCard from "@/components/dom/NffcIdentityCard";
  8 | import Letterbox from "@/components/dom/Letterbox";
  9 | import ExperienceLoader from "@/components/canvas/ExperienceLoader";

Import map: aliased to relative './components/dom/NffcLabels' inside of [project]/

https://nextjs.org/docs/messages/module-not-found @ http://localhost:3000/_next/static/chunks/node_modules_next_dist_1e8vcs8._.js:1052
[ 1580231ms] [LOG] [Fast Refresh] rebuilding @ http://localhost:3000/_next/static/chunks/node_modules_next_dist_1e8vcs8._.js:776
[ 1580952ms] [ERROR] ./components/canvas/scenes/UniverseParticleMaterial.js:99:61
Error: Expected a semicolon
   97 |     pos = mix(pos, nebulaPos, smoothstep(0.0, 1.0, uProgress3));
   98 |     pos = mix(pos, galaxyPos, smoothstep(0.0, 1.0, uProgress4));
>  99 |     // Acto 14 — Final: todo colapsa de vuelta al punto. `singularityPos` no
      |                                                           ^^^^^^^^^^^^^^
  100 |     // es una forma nueva: es la MISMA fórmula del acto 1, reevaluada con
  101 |     // uProgress1 rebobinando en vivo de 1 a 0 (ver UniverseParticles.jsx) —
  102 |     // el círculo narrativo es real a nivel de estado, no solo un blend

Parsing ecmascript source code failed

Import trace:
  Client Component Browser:
    ./components/canvas/scenes/UniverseParticleMaterial.js [Client Component Browser]
    ./components/canvas/scenes/UniverseParticles.jsx [Client Component Browser]
    ./components/canvas/Experience.jsx [Client Component Browser]
    ./components/canvas/ExperienceLoader.jsx [Client Component Browser]
    ./components/canvas/ExperienceLoader.jsx [Server Component]
    ./app/page.js [Server Component] @ http://localhost:3000/_next/static/chunks/node_modules_next_dist_1e8vcs8._.js:1052
[ 1580952ms] [ERROR] ./app/page.js:6:1
Error: Module not found: Can't resolve '@/components/dom/NffcLabels'
  4 | import ChapterLettering from "@/components/dom/ChapterLettering";
  5 | import ChainLabels from "@/components/dom/ChainLabels";
> 6 | import NffcLabels from "@/components/dom/NffcLabels";
    | ^^^^^^^^^^^^^^^^^^^^^^^^^^^^^^^^^^^^^^^^^^^^^^^^^^^^^
  7 | import NffcIdentityCard from "@/components/dom/NffcIdentityCard";
  8 | import Letterbox from "@/components/dom/Letterbox";
  9 | import ExperienceLoader from "@/components/canvas/ExperienceLoader";

Import map: aliased to relative './components/dom/NffcLabels' inside of [project]/

https://nextjs.org/docs/messages/module-not-found @ http://localhost:3000/_next/static/chunks/node_modules_next_dist_1e8vcs8._.js:1052
[ 1606508ms] [ERROR] ./components/canvas/scenes/UniverseParticleMaterial.js:99:61
Error: Expected a semicolon
   97 |     pos = mix(pos, nebulaPos, smoothstep(0.0, 1.0, uProgress3));
   98 |     pos = mix(pos, galaxyPos, smoothstep(0.0, 1.0, uProgress4));
>  99 |     // Acto 14 — Final: todo colapsa de vuelta al punto. `singularityPos` no
      |                                                           ^^^^^^^^^^^^^^
  100 |     // es una forma nueva: es la MISMA fórmula del acto 1, reevaluada con
  101 |     // uProgress1 rebobinando en vivo de 1 a 0 (ver UniverseParticles.jsx) —
  102 |     // el círculo narrativo es real a nivel de estado, no solo un blend

Parsing ecmascript source code failed

Import trace:
  Client Component Browser:
    ./components/canvas/scenes/UniverseParticleMaterial.js [Client Component Browser]
    ./components/canvas/scenes/UniverseParticles.jsx [Client Component Browser]
    ./components/canvas/Experience.jsx [Client Component Browser]
    ./components/canvas/ExperienceLoader.jsx [Client Component Browser]
    ./components/canvas/ExperienceLoader.jsx [Server Component]
    ./app/page.js [Server Component] @ http://localhost:3000/_next/static/chunks/node_modules_next_dist_1e8vcs8._.js:1052
[ 1606509ms] [ERROR] ./app/page.js:6:1
Error: Module not found: Can't resolve '@/components/dom/NffcLabels'
  4 | import ChapterLettering from "@/components/dom/ChapterLettering";
  5 | import ChainLabels from "@/components/dom/ChainLabels";
> 6 | import NffcLabels from "@/components/dom/NffcLabels";
    | ^^^^^^^^^^^^^^^^^^^^^^^^^^^^^^^^^^^^^^^^^^^^^^^^^^^^^
  7 | import NffcIdentityCard from "@/components/dom/NffcIdentityCard";
  8 | import Letterbox from "@/components/dom/Letterbox";
  9 | import ExperienceLoader from "@/components/canvas/ExperienceLoader";

Import map: aliased to relative './components/dom/NffcLabels' inside of [project]/

https://nextjs.org/docs/messages/module-not-found @ http://localhost:3000/_next/static/chunks/node_modules_next_dist_1e8vcs8._.js:1052
[ 1606660ms] [ERROR] ./components/canvas/scenes/UniverseParticleMaterial.js:99:61
Error: Expected a semicolon
   97 |     pos = mix(pos, nebulaPos, smoothstep(0.0, 1.0, uProgress3));
   98 |     pos = mix(pos, galaxyPos, smoothstep(0.0, 1.0, uProgress4));
>  99 |     // Acto 14 — Final: todo colapsa de vuelta al punto. `singularityPos` no
      |                                                           ^^^^^^^^^^^^^^
  100 |     // es una forma nueva: es la MISMA fórmula del acto 1, reevaluada con
  101 |     // uProgress1 rebobinando en vivo de 1 a 0 (ver UniverseParticles.jsx) —
  102 |     // el círculo narrativo es real a nivel de estado, no solo un blend

Parsing ecmascript source code failed

Import trace:
  Client Component Browser:
    ./components/canvas/scenes/UniverseParticleMaterial.js [Client Component Browser]
    ./components/canvas/scenes/UniverseParticles.jsx [Client Component Browser]
    ./components/canvas/Experience.jsx [Client Component Browser]
    ./components/canvas/ExperienceLoader.jsx [Client Component Browser]
    ./components/canvas/ExperienceLoader.jsx [Server Component]
    ./app/page.js [Server Component] @ http://localhost:3000/_next/static/chunks/node_modules_next_dist_1e8vcs8._.js:1052
[ 1606661ms] [ERROR] ./app/page.js:6:1
Error: Module not found: Can't resolve '@/components/dom/NffcLabels'
  4 | import ChapterLettering from "@/components/dom/ChapterLettering";
  5 | import ChainLabels from "@/components/dom/ChainLabels";
> 6 | import NffcLabels from "@/components/dom/NffcLabels";
    | ^^^^^^^^^^^^^^^^^^^^^^^^^^^^^^^^^^^^^^^^^^^^^^^^^^^^^
  7 | import NffcIdentityCard from "@/components/dom/NffcIdentityCard";
  8 | import Letterbox from "@/components/dom/Letterbox";
  9 | import ExperienceLoader from "@/components/canvas/ExperienceLoader";

Import map: aliased to relative './components/dom/NffcLabels' inside of [project]/

https://nextjs.org/docs/messages/module-not-found @ http://localhost:3000/_next/static/chunks/node_modules_next_dist_1e8vcs8._.js:1052
[ 1606722ms] [LOG] [Fast Refresh] rebuilding @ http://localhost:3000/_next/static/chunks/node_modules_next_dist_1e8vcs8._.js:776
[ 1641916ms] [ERROR] ./components/canvas/scenes/UniverseParticleMaterial.js:99:61
Error: Expected a semicolon
   97 |     pos = mix(pos, nebulaPos, smoothstep(0.0, 1.0, uProgress3));
   98 |     pos = mix(pos, galaxyPos, smoothstep(0.0, 1.0, uProgress4));
>  99 |     // Acto 14 — Final: todo colapsa de vuelta al punto. `singularityPos` no
      |                                                           ^^^^^^^^^^^^^^
  100 |     // es una forma nueva: es la MISMA fórmula del acto 1, reevaluada con
  101 |     // uProgress1 rebobinando en vivo de 1 a 0 (ver UniverseParticles.jsx) —
  102 |     // el círculo narrativo es real a nivel de estado, no solo un blend

Parsing ecmascript source code failed

Import trace:
  Client Component Browser:
    ./components/canvas/scenes/UniverseParticleMaterial.js [Client Component Browser]
    ./components/canvas/scenes/UniverseParticles.jsx [Client Component Browser]
    ./components/canvas/Experience.jsx [Client Component Browser]
    ./components/canvas/ExperienceLoader.jsx [Client Component Browser]
    ./components/canvas/ExperienceLoader.jsx [Server Component]
    ./app/page.js [Server Component] @ http://localhost:3000/_next/static/chunks/node_modules_next_dist_1e8vcs8._.js:1052
[ 1641917ms] [ERROR] ./app/page.js:6:1
Error: Module not found: Can't resolve '@/components/dom/NffcLabels'
  4 | import ChapterLettering from "@/components/dom/ChapterLettering";
  5 | import ChainLabels from "@/components/dom/ChainLabels";
> 6 | import NffcLabels from "@/components/dom/NffcLabels";
    | ^^^^^^^^^^^^^^^^^^^^^^^^^^^^^^^^^^^^^^^^^^^^^^^^^^^^^
  7 | import NffcIdentityCard from "@/components/dom/NffcIdentityCard";
  8 | import Letterbox from "@/components/dom/Letterbox";
  9 | import ExperienceLoader from "@/components/canvas/ExperienceLoader";

Import map: aliased to relative './components/dom/NffcLabels' inside of [project]/

https://nextjs.org/docs/messages/module-not-found @ http://localhost:3000/_next/static/chunks/node_modules_next_dist_1e8vcs8._.js:1052
[ 1642134ms] [LOG] [Fast Refresh] rebuilding @ http://localhost:3000/_next/static/chunks/node_modules_next_dist_1e8vcs8._.js:776
[ 1643017ms] [ERROR] ./components/canvas/scenes/UniverseParticleMaterial.js:99:61
Error: Expected a semicolon
   97 |     pos = mix(pos, nebulaPos, smoothstep(0.0, 1.0, uProgress3));
   98 |     pos = mix(pos, galaxyPos, smoothstep(0.0, 1.0, uProgress4));
>  99 |     // Acto 14 — Final: todo colapsa de vuelta al punto. `singularityPos` no
      |                                                           ^^^^^^^^^^^^^^
  100 |     // es una forma nueva: es la MISMA fórmula del acto 1, reevaluada con
  101 |     // uProgress1 rebobinando en vivo de 1 a 0 (ver UniverseParticles.jsx) —
  102 |     // el círculo narrativo es real a nivel de estado, no solo un blend

Parsing ecmascript source code failed

Import trace:
  Client Component Browser:
    ./components/canvas/scenes/UniverseParticleMaterial.js [Client Component Browser]
    ./components/canvas/scenes/UniverseParticles.jsx [Client Component Browser]
    ./components/canvas/Experience.jsx [Client Component Browser]
    ./components/canvas/ExperienceLoader.jsx [Client Component Browser]
    ./components/canvas/ExperienceLoader.jsx [Server Component]
    ./app/page.js [Server Component] @ http://localhost:3000/_next/static/chunks/node_modules_next_dist_1e8vcs8._.js:1052
[ 1643018ms] [ERROR] ./app/page.js:6:1
Error: Module not found: Can't resolve '@/components/dom/NffcLabels'
  4 | import ChapterLettering from "@/components/dom/ChapterLettering";
  5 | import ChainLabels from "@/components/dom/ChainLabels";
> 6 | import NffcLabels from "@/components/dom/NffcLabels";
    | ^^^^^^^^^^^^^^^^^^^^^^^^^^^^^^^^^^^^^^^^^^^^^^^^^^^^^
  7 | import NffcIdentityCard from "@/components/dom/NffcIdentityCard";
  8 | import Letterbox from "@/components/dom/Letterbox";
  9 | import ExperienceLoader from "@/components/canvas/ExperienceLoader";

Import map: aliased to relative './components/dom/NffcLabels' inside of [project]/

https://nextjs.org/docs/messages/module-not-found @ http://localhost:3000/_next/static/chunks/node_modules_next_dist_1e8vcs8._.js:1052
[ 1656642ms] [ERROR] ./components/canvas/scenes/UniverseParticleMaterial.js:99:61
Error: Expected a semicolon
   97 |     pos = mix(pos, nebulaPos, smoothstep(0.0, 1.0, uProgress3));
   98 |     pos = mix(pos, galaxyPos, smoothstep(0.0, 1.0, uProgress4));
>  99 |     // Acto 14 — Final: todo colapsa de vuelta al punto. `singularityPos` no
      |                                                           ^^^^^^^^^^^^^^
  100 |     // es una forma nueva: es la MISMA fórmula del acto 1, reevaluada con
  101 |     // uProgress1 rebobinando en vivo de 1 a 0 (ver UniverseParticles.jsx) —
  102 |     // el círculo narrativo es real a nivel de estado, no solo un blend

Parsing ecmascript source code failed

Import trace:
  Client Component Browser:
    ./components/canvas/scenes/UniverseParticleMaterial.js [Client Component Browser]
    ./components/canvas/scenes/UniverseParticles.jsx [Client Component Browser]
    ./components/canvas/Experience.jsx [Client Component Browser]
    ./components/canvas/ExperienceLoader.jsx [Client Component Browser]
    ./components/canvas/ExperienceLoader.jsx [Server Component]
    ./app/page.js [Server Component] @ http://localhost:3000/_next/static/chunks/node_modules_next_dist_1e8vcs8._.js:1052
[ 1656642ms] [ERROR] ./app/page.js:6:1
Error: Module not found: Can't resolve '@/components/dom/NffcLabels'
  4 | import ChapterLettering from "@/components/dom/ChapterLettering";
  5 | import ChainLabels from "@/components/dom/ChainLabels";
> 6 | import NffcLabels from "@/components/dom/NffcLabels";
    | ^^^^^^^^^^^^^^^^^^^^^^^^^^^^^^^^^^^^^^^^^^^^^^^^^^^^^
  7 | import NffcIdentityCard from "@/components/dom/NffcIdentityCard";
  8 | import Letterbox from "@/components/dom/Letterbox";
  9 | import ExperienceLoader from "@/components/canvas/ExperienceLoader";

Import map: aliased to relative './components/dom/NffcLabels' inside of [project]/

https://nextjs.org/docs/messages/module-not-found @ http://localhost:3000/_next/static/chunks/node_modules_next_dist_1e8vcs8._.js:1052
[ 1657747ms] [ERROR] ./components/canvas/scenes/UniverseParticleMaterial.js:99:61
Error: Expected a semicolon
   97 |     pos = mix(pos, nebulaPos, smoothstep(0.0, 1.0, uProgress3));
   98 |     pos = mix(pos, galaxyPos, smoothstep(0.0, 1.0, uProgress4));
>  99 |     // Acto 14 — Final: todo colapsa de vuelta al punto. `singularityPos` no
      |                                                           ^^^^^^^^^^^^^^
  100 |     // es una forma nueva: es la MISMA fórmula del acto 1, reevaluada con
  101 |     // uProgress1 rebobinando en vivo de 1 a 0 (ver UniverseParticles.jsx) —
  102 |     // el círculo narrativo es real a nivel de estado, no solo un blend

Parsing ecmascript source code failed

Import trace:
  Client Component Browser:
    ./components/canvas/scenes/UniverseParticleMaterial.js [Client Component Browser]
    ./components/canvas/scenes/UniverseParticles.jsx [Client Component Browser]
    ./components/canvas/Experience.jsx [Client Component Browser]
    ./components/canvas/ExperienceLoader.jsx [Client Component Browser]
    ./components/canvas/ExperienceLoader.jsx [Server Component]
    ./app/page.js [Server Component] @ http://localhost:3000/_next/static/chunks/node_modules_next_dist_1e8vcs8._.js:1052
[ 1657747ms] [ERROR] ./app/page.js:6:1
Error: Module not found: Can't resolve '@/components/dom/NffcLabels'
  4 | import ChapterLettering from "@/components/dom/ChapterLettering";
  5 | import ChainLabels from "@/components/dom/ChainLabels";
> 6 | import NffcLabels from "@/components/dom/NffcLabels";
    | ^^^^^^^^^^^^^^^^^^^^^^^^^^^^^^^^^^^^^^^^^^^^^^^^^^^^^
  7 | import NffcIdentityCard from "@/components/dom/NffcIdentityCard";
  8 | import Letterbox from "@/components/dom/Letterbox";
  9 | import ExperienceLoader from "@/components/canvas/ExperienceLoader";

Import map: aliased to relative './components/dom/NffcLabels' inside of [project]/

https://nextjs.org/docs/messages/module-not-found @ http://localhost:3000/_next/static/chunks/node_modules_next_dist_1e8vcs8._.js:1052
[ 1657820ms] [LOG] [Fast Refresh] rebuilding @ http://localhost:3000/_next/static/chunks/node_modules_next_dist_1e8vcs8._.js:776
[ 1664194ms] [ERROR] ./components/canvas/scenes/UniverseParticleMaterial.js:99:61
Error: Expected a semicolon
   97 |     pos = mix(pos, nebulaPos, smoothstep(0.0, 1.0, uProgress3));
   98 |     pos = mix(pos, galaxyPos, smoothstep(0.0, 1.0, uProgress4));
>  99 |     // Acto 14 — Final: todo colapsa de vuelta al punto. `singularityPos` no
      |                                                           ^^^^^^^^^^^^^^
  100 |     // es una forma nueva: es la MISMA fórmula del acto 1, reevaluada con
  101 |     // uProgress1 rebobinando en vivo de 1 a 0 (ver UniverseParticles.jsx) —
  102 |     // el círculo narrativo es real a nivel de estado, no solo un blend

Parsing ecmascript source code failed

Import trace:
  Client Component Browser:
    ./components/canvas/scenes/UniverseParticleMaterial.js [Client Component Browser]
    ./components/canvas/scenes/UniverseParticles.jsx [Client Component Browser]
    ./components/canvas/Experience.jsx [Client Component Browser]
    ./components/canvas/ExperienceLoader.jsx [Client Component Browser]
    ./components/canvas/ExperienceLoader.jsx [Server Component]
    ./app/page.js [Server Component] @ http://localhost:3000/_next/static/chunks/node_modules_next_dist_1e8vcs8._.js:1052
[ 1664194ms] [ERROR] ./app/page.js:6:1
Error: Module not found: Can't resolve '@/components/dom/NffcLabels'
  4 | import ChapterLettering from "@/components/dom/ChapterLettering";
  5 | import ChainLabels from "@/components/dom/ChainLabels";
> 6 | import NffcLabels from "@/components/dom/NffcLabels";
    | ^^^^^^^^^^^^^^^^^^^^^^^^^^^^^^^^^^^^^^^^^^^^^^^^^^^^^
  7 | import NffcIdentityCard from "@/components/dom/NffcIdentityCard";
  8 | import Letterbox from "@/components/dom/Letterbox";
  9 | import ExperienceLoader from "@/components/canvas/ExperienceLoader";

Import map: aliased to relative './components/dom/NffcLabels' inside of [project]/

https://nextjs.org/docs/messages/module-not-found @ http://localhost:3000/_next/static/chunks/node_modules_next_dist_1e8vcs8._.js:1052
[ 1664264ms] [ERROR] ./components/canvas/scenes/UniverseParticleMaterial.js:99:61
Error: Expected a semicolon
   97 |     pos = mix(pos, nebulaPos, smoothstep(0.0, 1.0, uProgress3));
   98 |     pos = mix(pos, galaxyPos, smoothstep(0.0, 1.0, uProgress4));
>  99 |     // Acto 14 — Final: todo colapsa de vuelta al punto. `singularityPos` no
      |                                                           ^^^^^^^^^^^^^^
  100 |     // es una forma nueva: es la MISMA fórmula del acto 1, reevaluada con
  101 |     // uProgress1 rebobinando en vivo de 1 a 0 (ver UniverseParticles.jsx) —
  102 |     // el círculo narrativo es real a nivel de estado, no solo un blend

Parsing ecmascript source code failed

Import trace:
  Client Component Browser:
    ./components/canvas/scenes/UniverseParticleMaterial.js [Client Component Browser]
    ./components/canvas/scenes/UniverseParticles.jsx [Client Component Browser]
    ./components/canvas/Experience.jsx [Client Component Browser]
    ./components/canvas/ExperienceLoader.jsx [Client Component Browser]
    ./components/canvas/ExperienceLoader.jsx [Server Component]
    ./app/page.js [Server Component] @ http://localhost:3000/_next/static/chunks/node_modules_next_dist_1e8vcs8._.js:1052
[ 1664265ms] [ERROR] ./app/page.js:6:1
Error: Module not found: Can't resolve '@/components/dom/NffcLabels'
  4 | import ChapterLettering from "@/components/dom/ChapterLettering";
  5 | import ChainLabels from "@/components/dom/ChainLabels";
> 6 | import NffcLabels from "@/components/dom/NffcLabels";
    | ^^^^^^^^^^^^^^^^^^^^^^^^^^^^^^^^^^^^^^^^^^^^^^^^^^^^^
  7 | import NffcIdentityCard from "@/components/dom/NffcIdentityCard";
  8 | import Letterbox from "@/components/dom/Letterbox";
  9 | import ExperienceLoader from "@/components/canvas/ExperienceLoader";

Import map: aliased to relative './components/dom/NffcLabels' inside of [project]/

https://nextjs.org/docs/messages/module-not-found @ http://localhost:3000/_next/static/chunks/node_modules_next_dist_1e8vcs8._.js:1052
[ 1664337ms] [LOG] [Fast Refresh] rebuilding @ http://localhost:3000/_next/static/chunks/node_modules_next_dist_1e8vcs8._.js:776
[ 1681461ms] [ERROR] ./components/canvas/scenes/UniverseParticleMaterial.js:99:61
Error: Expected a semicolon
   97 |     pos = mix(pos, nebulaPos, smoothstep(0.0, 1.0, uProgress3));
   98 |     pos = mix(pos, galaxyPos, smoothstep(0.0, 1.0, uProgress4));
>  99 |     // Acto 14 — Final: todo colapsa de vuelta al punto. `singularityPos` no
      |                                                           ^^^^^^^^^^^^^^
  100 |     // es una forma nueva: es la MISMA fórmula del acto 1, reevaluada con
  101 |     // uProgress1 rebobinando en vivo de 1 a 0 (ver UniverseParticles.jsx) —
  102 |     // el círculo narrativo es real a nivel de estado, no solo un blend

Parsing ecmascript source code failed

Import trace:
  Client Component Browser:
    ./components/canvas/scenes/UniverseParticleMaterial.js [Client Component Browser]
    ./components/canvas/scenes/UniverseParticles.jsx [Client Component Browser]
    ./components/canvas/Experience.jsx [Client Component Browser]
    ./components/canvas/ExperienceLoader.jsx [Client Component Browser]
    ./components/canvas/ExperienceLoader.jsx [Server Component]
    ./app/page.js [Server Component] @ http://localhost:3000/_next/static/chunks/node_modules_next_dist_1e8vcs8._.js:1052
[ 1681462ms] [ERROR] ./app/page.js:6:1
Error: Module not found: Can't resolve '@/components/dom/NffcLabels'
  4 | import ChapterLettering from "@/components/dom/ChapterLettering";
  5 | import ChainLabels from "@/components/dom/ChainLabels";
> 6 | import NffcLabels from "@/components/dom/NffcLabels";
    | ^^^^^^^^^^^^^^^^^^^^^^^^^^^^^^^^^^^^^^^^^^^^^^^^^^^^^
  7 | import NffcIdentityCard from "@/components/dom/NffcIdentityCard";
  8 | import Letterbox from "@/components/dom/Letterbox";
  9 | import ExperienceLoader from "@/components/canvas/ExperienceLoader";

Import map: aliased to relative './components/dom/NffcLabels' inside of [project]/

https://nextjs.org/docs/messages/module-not-found @ http://localhost:3000/_next/static/chunks/node_modules_next_dist_1e8vcs8._.js:1052
[ 1681679ms] [LOG] [Fast Refresh] rebuilding @ http://localhost:3000/_next/static/chunks/node_modules_next_dist_1e8vcs8._.js:776
[ 1682805ms] [ERROR] ./components/canvas/scenes/UniverseParticleMaterial.js:99:61
Error: Expected a semicolon
   97 |     pos = mix(pos, nebulaPos, smoothstep(0.0, 1.0, uProgress3));
   98 |     pos = mix(pos, galaxyPos, smoothstep(0.0, 1.0, uProgress4));
>  99 |     // Acto 14 — Final: todo colapsa de vuelta al punto. `singularityPos` no
      |                                                           ^^^^^^^^^^^^^^
  100 |     // es una forma nueva: es la MISMA fórmula del acto 1, reevaluada con
  101 |     // uProgress1 rebobinando en vivo de 1 a 0 (ver UniverseParticles.jsx) —
  102 |     // el círculo narrativo es real a nivel de estado, no solo un blend

Parsing ecmascript source code failed

Import trace:
  Client Component Browser:
    ./components/canvas/scenes/UniverseParticleMaterial.js [Client Component Browser]
    ./components/canvas/scenes/UniverseParticles.jsx [Client Component Browser]
    ./components/canvas/Experience.jsx [Client Component Browser]
    ./components/canvas/ExperienceLoader.jsx [Client Component Browser]
    ./components/canvas/ExperienceLoader.jsx [Server Component]
    ./app/page.js [Server Component] @ http://localhost:3000/_next/static/chunks/node_modules_next_dist_1e8vcs8._.js:1052
[ 1698005ms] [ERROR] WebSocket connection to 'ws://localhost:3000/_next/hmr?id=ReUT1SPJtxk4Ki_ON4aB2' failed: Error in connection establishment: net::ERR_CONNECTION_REFUSED @ http://localhost:3000/_next/static/chunks/node_modules_next_dist_client_0_90u2t._.js:16348
[ 1699032ms] [ERROR] WebSocket connection to 'ws://localhost:3000/_next/hmr?id=ReUT1SPJtxk4Ki_ON4aB2' failed: Error in connection establishment: net::ERR_CONNECTION_REFUSED @ http://localhost:3000/_next/static/chunks/node_modules_next_dist_client_0_90u2t._.js:16348
[ 1702044ms] [LOG] [HMR] connected @ http://localhost:3000/_next/static/chunks/node_modules_next_dist_1e8vcs8._.js:776
[ 1711864ms] [ERROR] Failed to load resource: the server responded with a status of 500 (Internal Server Error) @ http://localhost:3000/:0
[ 1712108ms] [INFO] %cDownload the React DevTools for a better development experience: https://react.dev/link/react-devtools font-weight:bold @ http://localhost:3000/_next/static/chunks/node_modules_react-dom_0kla17-._.js:15093
[ 1712403ms] Error: ./components/canvas/scenes/UniverseParticleMaterial.js:99:61
Error: Expected a semicolon
   97 |     pos = mix(pos, nebulaPos, smoothstep(0.0, 1.0, uProgress3));
   98 |     pos = mix(pos, galaxyPos, smoothstep(0.0, 1.0, uProgress4));
>  99 |     // Acto 14 — Final: todo colapsa de vuelta al punto. `singularityPos` no
      |                                                           ^^^^^^^^^^^^^^
  100 |     // es una forma nueva: es la MISMA fórmula del acto 1, reevaluada con
  101 |     // uProgress1 rebobinando en vivo de 1 a 0 (ver UniverseParticles.jsx) —
  102 |     // el círculo narrativo es real a nivel de estado, no solo un blend

Parsing ecmascript source code failed

Import trace:
  Client Component Browser:
    ./components/canvas/scenes/UniverseParticleMaterial.js [Client Component Browser]
    ./components/canvas/scenes/UniverseParticles.jsx [Client Component Browser]
    ./components/canvas/Experience.jsx [Client Component Browser]
    ./components/canvas/ExperienceLoader.jsx [Client Component Browser]
    ./components/canvas/ExperienceLoader.jsx [Server Component]
    ./app/page.js [Server Component]


    at <unknown> (Error: ./components/canvas/scenes/UniverseParticleMaterial.js:99:61)
    at Object.getCompilationErrors (file://D:\Projects\somewhere.finance\landing\node_modules\next\dist\server\dev\hot-reloader-turbopack.js:1417:59)
    at DevBundlerService.getCompilationError (file://D:\Projects\somewhere.finance\landing\node_modules\next\dist\server\lib\dev-bundler-service.js:59:55)
    at DevServer.getCompilationError (file://D:\Projects\somewhere.finance\landing\node_modules\next\dist\server\dev\next-dev-server.js:754:42)
    at DevServer.findPageComponents (file://D:\Projects\somewhere.finance\landing\node_modules\next\dist\server\dev\next-dev-server.js:724:43)
    at async DevServer.renderErrorToResponseImpl (file://D:\Projects\somewhere.finance\landing\node_modules\next\dist\server\base-server.js:1828:26)
[ 1712404ms] [LOG] [HMR] connected @ http://localhost:3000/_next/static/chunks/node_modules_next_dist_1gdrd03._.js:756
[ 1712408ms] [ERROR] ./components/canvas/scenes/UniverseParticleMaterial.js:99:61
Error: Expected a semicolon
   97 |     pos = mix(pos, nebulaPos, smoothstep(0.0, 1.0, uProgress3));
   98 |     pos = mix(pos, galaxyPos, smoothstep(0.0, 1.0, uProgress4));
>  99 |     // Acto 14 — Final: todo colapsa de vuelta al punto. `singularityPos` no
      |                                                           ^^^^^^^^^^^^^^
  100 |     // es una forma nueva: es la MISMA fórmula del acto 1, reevaluada con
  101 |     // uProgress1 rebobinando en vivo de 1 a 0 (ver UniverseParticles.jsx) —
  102 |     // el círculo narrativo es real a nivel de estado, no solo un blend

Parsing ecmascript source code failed

Import trace:
  Client Component Browser:
    ./components/canvas/scenes/UniverseParticleMaterial.js [Client Component Browser]
    ./components/canvas/scenes/UniverseParticles.jsx [Client Component Browser]
    ./components/canvas/Experience.jsx [Client Component Browser]
    ./components/canvas/ExperienceLoader.jsx [Client Component Browser]
    ./components/canvas/ExperienceLoader.jsx [Server Component]
    ./app/page.js [Server Component] @ http://localhost:3000/_next/static/chunks/node_modules_next_dist_1gdrd03._.js:1817
[ 1712411ms] [ERROR] Failed to load resource: the server responded with a status of 404 (Not Found) @ http://localhost:3000/favicon.ico:0
[ 1712854ms] [LOG] [Fast Refresh] rebuilding @ http://localhost:3000/_next/static/chunks/node_modules_next_dist_1gdrd03._.js:756
[ 1712961ms] [ERROR] ./components/canvas/scenes/UniverseParticleMaterial.js:99:61
Error: Expected a semicolon
   97 |     pos = mix(pos, nebulaPos, smoothstep(0.0, 1.0, uProgress3));
   98 |     pos = mix(pos, galaxyPos, smoothstep(0.0, 1.0, uProgress4));
>  99 |     // Acto 14 — Final: todo colapsa de vuelta al punto. `singularityPos` no
      |                                                           ^^^^^^^^^^^^^^
  100 |     // es una forma nueva: es la MISMA fórmula del acto 1, reevaluada con
  101 |     // uProgress1 rebobinando en vivo de 1 a 0 (ver UniverseParticles.jsx) —
  102 |     // el círculo narrativo es real a nivel de estado, no solo un blend

Parsing ecmascript source code failed

Import trace:
  Client Component Browser:
    ./components/canvas/scenes/UniverseParticleMaterial.js [Client Component Browser]
    ./components/canvas/scenes/UniverseParticles.jsx [Client Component Browser]
    ./components/canvas/Experience.jsx [Client Component Browser]
    ./components/canvas/ExperienceLoader.jsx [Client Component Browser]
    ./components/canvas/ExperienceLoader.jsx [Server Component]
    ./app/page.js [Server Component] @ http://localhost:3000/_next/static/chunks/node_modules_next_dist_1gdrd03._.js:1817
[ 1713069ms] [ERROR] ./components/canvas/scenes/UniverseParticleMaterial.js:99:61
Error: Expected a semicolon
   97 |     pos = mix(pos, nebulaPos, smoothstep(0.0, 1.0, uProgress3));
   98 |     pos = mix(pos, galaxyPos, smoothstep(0.0, 1.0, uProgress4));
>  99 |     // Acto 14 — Final: todo colapsa de vuelta al punto. `singularityPos` no
      |                                                           ^^^^^^^^^^^^^^
  100 |     // es una forma nueva: es la MISMA fórmula del acto 1, reevaluada con
  101 |     // uProgress1 rebobinando en vivo de 1 a 0 (ver UniverseParticles.jsx) —
  102 |     // el círculo narrativo es real a nivel de estado, no solo un blend

Parsing ecmascript source code failed

Import trace:
  Client Component Browser:
    ./components/canvas/scenes/UniverseParticleMaterial.js [Client Component Browser]
    ./components/canvas/scenes/UniverseParticles.jsx [Client Component Browser]
    ./components/canvas/Experience.jsx [Client Component Browser]
    ./components/canvas/ExperienceLoader.jsx [Client Component Browser]
    ./components/canvas/ExperienceLoader.jsx [Server Component]
    ./app/page.js [Server Component] @ http://localhost:3000/_next/static/chunks/node_modules_next_dist_1gdrd03._.js:1817
[ 1713130ms] [ERROR] ./components/canvas/scenes/UniverseParticleMaterial.js:99:61
Error: Expected a semicolon
   97 |     pos = mix(pos, nebulaPos, smoothstep(0.0, 1.0, uProgress3));
   98 |     pos = mix(pos, galaxyPos, smoothstep(0.0, 1.0, uProgress4));
>  99 |     // Acto 14 — Final: todo colapsa de vuelta al punto. `singularityPos` no
      |                                                           ^^^^^^^^^^^^^^
  100 |     // es una forma nueva: es la MISMA fórmula del acto 1, reevaluada con
  101 |     // uProgress1 rebobinando en vivo de 1 a 0 (ver UniverseParticles.jsx) —
  102 |     // el círculo narrativo es real a nivel de estado, no solo un blend

Parsing ecmascript source code failed

Import trace:
  Client Component Browser:
    ./components/canvas/scenes/UniverseParticleMaterial.js [Client Component Browser]
    ./components/canvas/scenes/UniverseParticles.jsx [Client Component Browser]
    ./components/canvas/Experience.jsx [Client Component Browser]
    ./components/canvas/ExperienceLoader.jsx [Client Component Browser]
    ./components/canvas/ExperienceLoader.jsx [Server Component]
    ./app/page.js [Server Component] @ http://localhost:3000/_next/static/chunks/node_modules_next_dist_1gdrd03._.js:1817
[ 1713365ms] [ERROR] ./components/canvas/scenes/UniverseParticleMaterial.js:99:61
Error: Expected a semicolon
   97 |     pos = mix(pos, nebulaPos, smoothstep(0.0, 1.0, uProgress3));
   98 |     pos = mix(pos, galaxyPos, smoothstep(0.0, 1.0, uProgress4));
>  99 |     // Acto 14 — Final: todo colapsa de vuelta al punto. `singularityPos` no
      |                                                           ^^^^^^^^^^^^^^
  100 |     // es una forma nueva: es la MISMA fórmula del acto 1, reevaluada con
  101 |     // uProgress1 rebobinando en vivo de 1 a 0 (ver UniverseParticles.jsx) —
  102 |     // el círculo narrativo es real a nivel de estado, no solo un blend

Parsing ecmascript source code failed

Import trace:
  Client Component Browser:
    ./components/canvas/scenes/UniverseParticleMaterial.js [Client Component Browser]
    ./components/canvas/scenes/UniverseParticles.jsx [Client Component Browser]
    ./components/canvas/Experience.jsx [Client Component Browser]
    ./components/canvas/ExperienceLoader.jsx [Client Component Browser]
    ./components/canvas/ExperienceLoader.jsx [Server Component]
    ./app/page.js [Server Component] @ http://localhost:3000/_next/static/chunks/node_modules_next_dist_1gdrd03._.js:1817
[ 1717605ms] [ERROR] ./components/canvas/scenes/UniverseParticleMaterial.js:99:61
Error: Expected a semicolon
   97 |     pos = mix(pos, nebulaPos, smoothstep(0.0, 1.0, uProgress3));
   98 |     pos = mix(pos, galaxyPos, smoothstep(0.0, 1.0, uProgress4));
>  99 |     // Acto 14 — Final: todo colapsa de vuelta al punto. `singularityPos` no
      |                                                           ^^^^^^^^^^^^^^
  100 |     // es una forma nueva: es la MISMA fórmula del acto 1, reevaluada con
  101 |     // uProgress1 rebobinando en vivo de 1 a 0 (ver UniverseParticles.jsx) —
  102 |     // el círculo narrativo es real a nivel de estado, no solo un blend

Parsing ecmascript source code failed

Import trace:
  Client Component Browser:
    ./components/canvas/scenes/UniverseParticleMaterial.js [Client Component Browser]
    ./components/canvas/scenes/UniverseParticles.jsx [Client Component Browser]
    ./components/canvas/Experience.jsx [Client Component Browser]
    ./components/canvas/ExperienceLoader.jsx [Client Component Browser]
    ./components/canvas/ExperienceLoader.jsx [Server Component]
    ./app/page.js [Server Component] @ http://localhost:3000/_next/static/chunks/node_modules_next_dist_1gdrd03._.js:1817
[ 1719979ms] [ERROR] ./components/canvas/scenes/UniverseParticleMaterial.js:99:61
Error: Expected a semicolon
   97 |     pos = mix(pos, nebulaPos, smoothstep(0.0, 1.0, uProgress3));
   98 |     pos = mix(pos, galaxyPos, smoothstep(0.0, 1.0, uProgress4));
>  99 |     // Acto 14 — Final: todo colapsa de vuelta al punto. `singularityPos` no
      |                                                           ^^^^^^^^^^^^^^
  100 |     // es una forma nueva: es la MISMA fórmula del acto 1, reevaluada con
  101 |     // uProgress1 rebobinando en vivo de 1 a 0 (ver UniverseParticles.jsx) —
  102 |     // el círculo narrativo es real a nivel de estado, no solo un blend

Parsing ecmascript source code failed

Import trace:
  Client Component Browser:
    ./components/canvas/scenes/UniverseParticleMaterial.js [Client Component Browser]
    ./components/canvas/scenes/UniverseParticles.jsx [Client Component Browser]
    ./components/canvas/Experience.jsx [Client Component Browser]
    ./components/canvas/ExperienceLoader.jsx [Client Component Browser]
    ./components/canvas/ExperienceLoader.jsx [Server Component]
    ./app/page.js [Server Component] @ http://localhost:3000/_next/static/chunks/node_modules_next_dist_1gdrd03._.js:1817
[ 1720087ms] [LOG] [Fast Refresh] rebuilding @ http://localhost:3000/_next/static/chunks/node_modules_next_dist_1gdrd03._.js:756
[ 1726921ms] [ERROR] ./components/canvas/scenes/UniverseParticleMaterial.js:99:61
Error: Expected a semicolon
   97 |     pos = mix(pos, nebulaPos, smoothstep(0.0, 1.0, uProgress3));
   98 |     pos = mix(pos, galaxyPos, smoothstep(0.0, 1.0, uProgress4));
>  99 |     // Acto 14 — Final: todo colapsa de vuelta al punto. `singularityPos` no
      |                                                           ^^^^^^^^^^^^^^
  100 |     // es una forma nueva: es la MISMA fórmula del acto 1, reevaluada con
  101 |     // uProgress1 rebobinando en vivo de 1 a 0 (ver UniverseParticles.jsx) —
  102 |     // el círculo narrativo es real a nivel de estado, no solo un blend

Parsing ecmascript source code failed

Import trace:
  Client Component Browser:
    ./components/canvas/scenes/UniverseParticleMaterial.js [Client Component Browser]
    ./components/canvas/scenes/UniverseParticles.jsx [Client Component Browser]
    ./components/canvas/Experience.jsx [Client Component Browser]
    ./components/canvas/ExperienceLoader.jsx [Client Component Browser]
    ./components/canvas/ExperienceLoader.jsx [Server Component]
    ./app/page.js [Server Component] @ http://localhost:3000/_next/static/chunks/node_modules_next_dist_1gdrd03._.js:1817
[ 1744452ms] [LOG] [Fast Refresh] rebuilding @ http://localhost:3000/_next/static/chunks/node_modules_next_dist_1gdrd03._.js:756
[ 1744863ms] [LOG] [Fast Refresh] done in 519ms @ http://localhost:3000/_next/static/chunks/node_modules_next_dist_1gdrd03._.js:756
[ 1744940ms] [LOG] [Fast Refresh] done in 519ms @ http://localhost:3000/_next/static/chunks/node_modules_next_dist_1gdrd03._.js:756
[ 1746341ms] [LOG] [Fast Refresh] done in 519ms @ http://localhost:3000/_next/static/chunks/node_modules_next_dist_1gdrd03._.js:756
[ 1746342ms] [LOG] [Fast Refresh] done in 519ms @ http://localhost:3000/_next/static/chunks/node_modules_next_dist_1gdrd03._.js:756
[ 1747767ms] [ERROR] Failed to load resource: the server responded with a status of 500 (Internal Server Error) @ http://localhost:3000/:0
[ 1748225ms] [INFO] %cDownload the React DevTools for a better development experience: https://react.dev/link/react-devtools font-weight:bold @ http://localhost:3000/_next/static/chunks/node_modules_next_dist_1e8vcs8._.js:776
[ 1748324ms] [LOG] [HMR] connected @ http://localhost:3000/_next/static/chunks/node_modules_next_dist_1e8vcs8._.js:776
[ 1748421ms] Error: Functions cannot be passed directly to Client Components unless you explicitly expose it by marking it with "use server". Or maybe you meant to call this function rather than return it.
  <... items={[...]} anchors={[...]} getVisible={function getNffcRingsVisible} actIndex=...>
                                                ^^^^^^^^^^^^^^^^^^^^^^^^^^^^^^
    at resolveErrorDev (http://localhost:3000/_next/static/chunks/node_modules_next_dist_compiled_react-server-dom-turbopack_164kp-6._.js:1937:105)
    at processFullStringRow (http://localhost:3000/_next/static/chunks/node_modules_next_dist_compiled_react-server-dom-turbopack_164kp-6._.js:2456:29)
    at processFullBinaryRow (http://localhost:3000/_next/static/chunks/node_modules_next_dist_compiled_react-server-dom-turbopack_164kp-6._.js:2415:9)
    at processBinaryChunk (http://localhost:3000/_next/static/chunks/node_modules_next_dist_compiled_react-server-dom-turbopack_164kp-6._.js:2524:221)
    at progress (http://localhost:3000/_next/static/chunks/node_modules_next_dist_compiled_react-server-dom-turbopack_164kp-6._.js:2711:13)
[ 1751932ms] [WARNING] The resource http://localhost:3000/logos/eth-diamond-purple.svg was preloaded using link preload but not used within a few seconds from the window's load event. Please make sure it has an appropriate `as` value and it is preloaded intentionally. @ http://localhost:3000/:0
[ 1751932ms] [WARNING] The resource http://localhost:3000/logos/bnb-symbol-yellow.svg was preloaded using link preload but not used within a few seconds from the window's load event. Please make sure it has an appropriate `as` value and it is preloaded intentionally. @ http://localhost:3000/:0
[ 1751932ms] [WARNING] The resource http://localhost:3000/_next/static/chunks/components_dom_1jkia3d._.css was preloaded using link preload but not used within a few seconds from the window's load event. Please make sure it has an appropriate `as` value and it is preloaded intentionally. @ http://localhost:3000/:0
[ 1751932ms] [WARNING] The resource http://localhost:3000/logos/solana-logomark.svg was preloaded using link preload but not used within a few seconds from the window's load event. Please make sure it has an appropriate `as` value and it is preloaded intentionally. @ http://localhost:3000/:0
[ 1832715ms] [LOG] [Fast Refresh] rebuilding @ http://localhost:3000/_next/static/chunks/node_modules_next_dist_1e8vcs8._.js:776
[ 1832821ms] [LOG] [Fast Refresh] done in 95ms @ http://localhost:3000/_next/static/chunks/node_modules_next_dist_1e8vcs8._.js:776
[ 1832990ms] [ERROR] Failed to load resource: the server responded with a status of 500 (Internal Server Error) @ http://localhost:3000/:0
[ 1833254ms] [INFO] %cDownload the React DevTools for a better development experience: https://react.dev/link/react-devtools font-weight:bold @ http://localhost:3000/_next/static/chunks/node_modules_next_dist_1e8vcs8._.js:776
[ 1833312ms] [LOG] [HMR] connected @ http://localhost:3000/_next/static/chunks/node_modules_next_dist_1e8vcs8._.js:776
[ 1833381ms] Error: Functions cannot be passed directly to Client Components unless you explicitly expose it by marking it with "use server". Or maybe you meant to call this function rather than return it.
  <... items={[...]} anchors={[...]} getVisible={function getNffcRingsVisible} actIndex=...>
                                                ^^^^^^^^^^^^^^^^^^^^^^^^^^^^^^
    at resolveErrorDev (http://localhost:3000/_next/static/chunks/node_modules_next_dist_compiled_react-server-dom-turbopack_164kp-6._.js:1937:105)
    at processFullStringRow (http://localhost:3000/_next/static/chunks/node_modules_next_dist_compiled_react-server-dom-turbopack_164kp-6._.js:2456:29)
    at processFullBinaryRow (http://localhost:3000/_next/static/chunks/node_modules_next_dist_compiled_react-server-dom-turbopack_164kp-6._.js:2415:9)
    at processBinaryChunk (http://localhost:3000/_next/static/chunks/node_modules_next_dist_compiled_react-server-dom-turbopack_164kp-6._.js:2524:221)
    at progress (http://localhost:3000/_next/static/chunks/node_modules_next_dist_compiled_react-server-dom-turbopack_164kp-6._.js:2711:13)
[ 1836474ms] [WARNING] The resource http://localhost:3000/logos/eth-diamond-purple.svg was preloaded using link preload but not used within a few seconds from the window's load event. Please make sure it has an appropriate `as` value and it is preloaded intentionally. @ http://localhost:3000/:0
[ 1836474ms] [WARNING] The resource http://localhost:3000/logos/bnb-symbol-yellow.svg was preloaded using link preload but not used within a few seconds from the window's load event. Please make sure it has an appropriate `as` value and it is preloaded intentionally. @ http://localhost:3000/:0
[ 1836474ms] [WARNING] The resource http://localhost:3000/_next/static/chunks/components_dom_1jkia3d._.css was preloaded using link preload but not used within a few seconds from the window's load event. Please make sure it has an appropriate `as` value and it is preloaded intentionally. @ http://localhost:3000/:0
[ 1836474ms] [WARNING] The resource http://localhost:3000/logos/solana-logomark.svg was preloaded using link preload but not used within a few seconds from the window's load event. Please make sure it has an appropriate `as` value and it is preloaded intentionally. @ http://localhost:3000/:0
[ 1842359ms] [LOG] [Fast Refresh] rebuilding @ http://localhost:3000/_next/static/chunks/node_modules_next_dist_1e8vcs8._.js:776
[ 1843110ms] [LOG] [Fast Refresh] done in 861ms @ http://localhost:3000/_next/static/chunks/node_modules_next_dist_1e8vcs8._.js:776
[ 1843364ms] [ERROR] Failed to load resource: the server responded with a status of 500 (Internal Server Error) @ http://localhost:3000/:0
[ 1843491ms] [INFO] %cDownload the React DevTools for a better development experience: https://react.dev/link/react-devtools font-weight:bold @ http://localhost:3000/_next/static/chunks/node_modules_next_dist_1e8vcs8._.js:776
[ 1843589ms] [LOG] [HMR] connected @ http://localhost:3000/_next/static/chunks/node_modules_next_dist_1e8vcs8._.js:776
[ 1843646ms] ReferenceError: FEATURED_NFFC is not defined
    at Home (about://React/Server/file:///D:/Projects/somewhere.finance/landing/.next/dev/server/chunks/ssr/%255Broot-of-the-server%255D__0w0ko4-._.js?id=%255Bproject%255D/app/page.js+%255Bapp-rsc%255D+(ecmascript)?0:78:24)
    at resolveErrorDev (http://localhost:3000/_next/static/chunks/node_modules_next_dist_compiled_react-server-dom-turbopack_164kp-6._.js:1937:105)
    at processFullStringRow (http://localhost:3000/_next/static/chunks/node_modules_next_dist_compiled_react-server-dom-turbopack_164kp-6._.js:2456:29)
    at processFullBinaryRow (http://localhost:3000/_next/static/chunks/node_modules_next_dist_compiled_react-server-dom-turbopack_164kp-6._.js:2415:9)
    at processBinaryChunk (http://localhost:3000/_next/static/chunks/node_modules_next_dist_compiled_react-server-dom-turbopack_164kp-6._.js:2524:221)
    at progress (http://localhost:3000/_next/static/chunks/node_modules_next_dist_compiled_react-server-dom-turbopack_164kp-6._.js:2711:13)
[ 1846659ms] [WARNING] The resource http://localhost:3000/_next/static/chunks/components_dom_1jkia3d._.css was preloaded using link preload but not used within a few seconds from the window's load event. Please make sure it has an appropriate `as` value and it is preloaded intentionally. @ http://localhost:3000/:0
[ 1851754ms] [INFO] %cDownload the React DevTools for a better development experience: https://react.dev/link/react-devtools font-weight:bold @ http://localhost:3000/_next/static/chunks/node_modules_next_dist_1e8vcs8._.js:776
[ 1851787ms] [LOG] [HMR] connected @ http://localhost:3000/_next/static/chunks/node_modules_next_dist_1e8vcs8._.js:776
[ 1852434ms] [WARNING] THREE.Clock: This module has been deprecated. Please use THREE.Timer instead. @ http://localhost:3000/_next/static/chunks/node_modules_next_dist_1e8vcs8._.js:776
