[     114ms] [INFO] %cDownload the React DevTools for a better development experience: https://react.dev/link/react-devtools font-weight:bold @ http://localhost:3000/_next/static/chunks/node_modules_next_dist_1e8vcs8._.js:776
[     130ms] [LOG] [HMR] connected @ http://localhost:3000/_next/static/chunks/node_modules_next_dist_1e8vcs8._.js:776
[     384ms] [WARNING] THREE.Clock: This module has been deprecated. Please use THREE.Timer instead. @ http://localhost:3000/_next/static/chunks/node_modules_next_dist_1e8vcs8._.js:776
[32028402ms] [LOG] [HMR] connected @ http://localhost:3000/_next/static/chunks/node_modules_next_dist_1e8vcs8._.js:776
[32694780ms] [LOG] [Fast Refresh] rebuilding @ http://localhost:3000/_next/static/chunks/node_modules_next_dist_1e8vcs8._.js:776
[32695789ms] [LOG] [Fast Refresh] done in 1016ms @ http://localhost:3000/_next/static/chunks/node_modules_next_dist_1e8vcs8._.js:776
[32695841ms] [LOG] [Fast Refresh] done in 1016ms @ http://localhost:3000/_next/static/chunks/node_modules_next_dist_1e8vcs8._.js:776
[32695949ms] [LOG] [Fast Refresh] done in 1016ms @ http://localhost:3000/_next/static/chunks/node_modules_next_dist_1e8vcs8._.js:776
[32699098ms] [LOG] [Fast Refresh] done in 1016ms @ http://localhost:3000/_next/static/chunks/node_modules_next_dist_1e8vcs8._.js:776
[32699147ms] [LOG] [Fast Refresh] done in 1016ms @ http://localhost:3000/_next/static/chunks/node_modules_next_dist_1e8vcs8._.js:776
[32709325ms] [LOG] [Fast Refresh] done in 1016ms @ http://localhost:3000/_next/static/chunks/node_modules_next_dist_1e8vcs8._.js:776
[32719909ms] [LOG] [Fast Refresh] done in 1016ms @ http://localhost:3000/_next/static/chunks/node_modules_next_dist_1e8vcs8._.js:776
[32720892ms] [LOG] [Fast Refresh] done in 1016ms @ http://localhost:3000/_next/static/chunks/node_modules_next_dist_1e8vcs8._.js:776
[32721110ms] [LOG] [Fast Refresh] rebuilding @ http://localhost:3000/_next/static/chunks/node_modules_next_dist_1e8vcs8._.js:776
[32721519ms] [LOG] [Fast Refresh] done in 488ms @ http://localhost:3000/_next/static/chunks/node_modules_next_dist_1e8vcs8._.js:776
[32722323ms] [LOG] THREE.WebGLRenderer: Context Lost. @ http://localhost:3000/_next/static/chunks/node_modules_next_dist_1e8vcs8._.js:776
[32727398ms] [LOG] [Fast Refresh] done in 488ms @ http://localhost:3000/_next/static/chunks/node_modules_next_dist_1e8vcs8._.js:776
[32727430ms] [LOG] [Fast Refresh] rebuilding @ http://localhost:3000/_next/static/chunks/node_modules_next_dist_1e8vcs8._.js:776
[32727456ms] [LOG] [Fast Refresh] done in 12ms @ http://localhost:3000/_next/static/chunks/node_modules_next_dist_1e8vcs8._.js:776
[32734519ms] [LOG] [Fast Refresh] done in 12ms @ http://localhost:3000/_next/static/chunks/node_modules_next_dist_1e8vcs8._.js:776
[32735901ms] [LOG] [Fast Refresh] rebuilding @ http://localhost:3000/_next/static/chunks/node_modules_next_dist_1e8vcs8._.js:776
[32735999ms] [LOG] [Fast Refresh] done in 42ms @ http://localhost:3000/_next/static/chunks/node_modules_next_dist_1e8vcs8._.js:776
[32736071ms] [LOG] [Fast Refresh] done in 42ms @ http://localhost:3000/_next/static/chunks/node_modules_next_dist_1e8vcs8._.js:776
[32740792ms] [LOG] [Fast Refresh] done in 42ms @ http://localhost:3000/_next/static/chunks/node_modules_next_dist_1e8vcs8._.js:776
[32740919ms] [LOG] [Fast Refresh] rebuilding @ http://localhost:3000/_next/static/chunks/node_modules_next_dist_1e8vcs8._.js:776
[32740965ms] [LOG] [Fast Refresh] done in 11ms @ http://localhost:3000/_next/static/chunks/node_modules_next_dist_1e8vcs8._.js:776
[32751299ms] [LOG] [Fast Refresh] done in 11ms @ http://localhost:3000/_next/static/chunks/node_modules_next_dist_1e8vcs8._.js:776
[32751334ms] [LOG] [Fast Refresh] rebuilding @ http://localhost:3000/_next/static/chunks/node_modules_next_dist_1e8vcs8._.js:776
[32751365ms] [LOG] [Fast Refresh] done in 17ms @ http://localhost:3000/_next/static/chunks/node_modules_next_dist_1e8vcs8._.js:776
[32753032ms] [LOG] [Fast Refresh] done in 17ms @ http://localhost:3000/_next/static/chunks/node_modules_next_dist_1e8vcs8._.js:776
[32753087ms] [LOG] [Fast Refresh] rebuilding @ http://localhost:3000/_next/static/chunks/node_modules_next_dist_1e8vcs8._.js:776
[32754315ms] [LOG] [Fast Refresh] done in 17ms @ http://localhost:3000/_next/static/chunks/node_modules_next_dist_1e8vcs8._.js:776
[32761653ms] [LOG] [Fast Refresh] done in 17ms @ http://localhost:3000/_next/static/chunks/node_modules_next_dist_1e8vcs8._.js:776
[32761674ms] [LOG] [Fast Refresh] rebuilding @ http://localhost:3000/_next/static/chunks/node_modules_next_dist_1e8vcs8._.js:776
[32762469ms] [LOG] [Fast Refresh] done in 16ms @ http://localhost:3000/_next/static/chunks/node_modules_next_dist_1e8vcs8._.js:776
[32762758ms] [LOG] [Fast Refresh] done in 16ms @ http://localhost:3000/_next/static/chunks/node_modules_next_dist_1e8vcs8._.js:776
[32762806ms] [LOG] [Fast Refresh] rebuilding @ http://localhost:3000/_next/static/chunks/node_modules_next_dist_1e8vcs8._.js:776
[32763611ms] [LOG] [Fast Refresh] done in 29ms @ http://localhost:3000/_next/static/chunks/node_modules_next_dist_1e8vcs8._.js:776
[32764777ms] [LOG] [Fast Refresh] rebuilding @ http://localhost:3000/_next/static/chunks/node_modules_next_dist_1e8vcs8._.js:776
[32765057ms] [LOG] [Fast Refresh] done in 216ms @ http://localhost:3000/_next/static/chunks/node_modules_next_dist_1e8vcs8._.js:776
[32765126ms] [LOG] [Fast Refresh] done in 216ms @ http://localhost:3000/_next/static/chunks/node_modules_next_dist_1e8vcs8._.js:776
[32796294ms] [LOG] [Fast Refresh] rebuilding @ http://localhost:3000/_next/static/chunks/node_modules_next_dist_1e8vcs8._.js:776
[32797640ms] [LOG] [Fast Refresh] done in 1257ms @ http://localhost:3000/_next/static/chunks/node_modules_next_dist_1e8vcs8._.js:776
[32805318ms] [LOG] [Fast Refresh] done in 1257ms @ http://localhost:3000/_next/static/chunks/node_modules_next_dist_1e8vcs8._.js:776
[32805540ms] [LOG] [Fast Refresh] rebuilding @ http://localhost:3000/_next/static/chunks/node_modules_next_dist_1e8vcs8._.js:776
[32805641ms] [LOG] [Fast Refresh] done in 126ms @ http://localhost:3000/_next/static/chunks/node_modules_next_dist_1e8vcs8._.js:776
[32805705ms] [LOG] [Fast Refresh] done in 126ms @ http://localhost:3000/_next/static/chunks/node_modules_next_dist_1e8vcs8._.js:776
[32806602ms] [LOG] [Fast Refresh] done in 126ms @ http://localhost:3000/_next/static/chunks/node_modules_next_dist_1e8vcs8._.js:776
[32806631ms] [LOG] [Fast Refresh] rebuilding @ http://localhost:3000/_next/static/chunks/node_modules_next_dist_1e8vcs8._.js:776
[32806722ms] [LOG] [Fast Refresh] done in 11ms @ http://localhost:3000/_next/static/chunks/node_modules_next_dist_1e8vcs8._.js:776
[32806796ms] [LOG] [Fast Refresh] done in 11ms @ http://localhost:3000/_next/static/chunks/node_modules_next_dist_1e8vcs8._.js:776
[32807913ms] [LOG] [Fast Refresh] done in 11ms @ http://localhost:3000/_next/static/chunks/node_modules_next_dist_1e8vcs8._.js:776
[32807955ms] [LOG] [Fast Refresh] rebuilding @ http://localhost:3000/_next/static/chunks/node_modules_next_dist_1e8vcs8._.js:776
[32808034ms] [LOG] [Fast Refresh] done in 12ms @ http://localhost:3000/_next/static/chunks/node_modules_next_dist_1e8vcs8._.js:776
[32808098ms] [LOG] [Fast Refresh] done in 12ms @ http://localhost:3000/_next/static/chunks/node_modules_next_dist_1e8vcs8._.js:776
[32809195ms] [LOG] [Fast Refresh] done in 12ms @ http://localhost:3000/_next/static/chunks/node_modules_next_dist_1e8vcs8._.js:776
[32809215ms] [LOG] [Fast Refresh] rebuilding @ http://localhost:3000/_next/static/chunks/node_modules_next_dist_1e8vcs8._.js:776
[32809279ms] [LOG] [Fast Refresh] done in 9ms @ http://localhost:3000/_next/static/chunks/node_modules_next_dist_1e8vcs8._.js:776
[32809333ms] [LOG] [Fast Refresh] done in 9ms @ http://localhost:3000/_next/static/chunks/node_modules_next_dist_1e8vcs8._.js:776
[32813744ms] [LOG] [Fast Refresh] done in 9ms @ http://localhost:3000/_next/static/chunks/node_modules_next_dist_1e8vcs8._.js:776
[32813971ms] [LOG] [Fast Refresh] rebuilding @ http://localhost:3000/_next/static/chunks/node_modules_next_dist_1e8vcs8._.js:776
[32814787ms] [LOG] [Fast Refresh] done in 5ms @ http://localhost:3000/_next/static/chunks/node_modules_next_dist_1e8vcs8._.js:776
[32814787ms] [LOG] [Fast Refresh] done in 5ms @ http://localhost:3000/_next/static/chunks/node_modules_next_dist_1e8vcs8._.js:776
[32814886ms] [WARNING] THREE.Clock: This module has been deprecated. Please use THREE.Timer instead. @ http://localhost:3000/_next/static/chunks/node_modules_next_dist_1e8vcs8._.js:776
[32858173ms] [LOG] [Fast Refresh] rebuilding @ http://localhost:3000/_next/static/chunks/node_modules_next_dist_1e8vcs8._.js:776
[32858197ms] [LOG] [Fast Refresh] done in 25ms @ http://localhost:3000/_next/static/chunks/node_modules_next_dist_1e8vcs8._.js:776
[32891097ms] [LOG] [Fast Refresh] done in 25ms @ http://localhost:3000/_next/static/chunks/node_modules_next_dist_1e8vcs8._.js:776
[32892067ms] [LOG] [Fast Refresh] rebuilding @ http://localhost:3000/_next/static/chunks/node_modules_next_dist_1e8vcs8._.js:776
[32892283ms] [ERROR] ./components/canvas/scenes/RwaNode.jsx:6:1
Error: Export RWA_SCENE doesn't exist in target module
  4 | import { scrollStore } from "@/lib/scroll/scrollStore";
  5 | import { getActProgress } from "@/lib/scroll/actProgress";
> 6 | import { RWA_SCENE } from "@/lib/tuning";
    | ^^^^^^^^^^^^^^^^^^^^^^^^^^^^^^^^^^^^^^^^^
  7 | import { REAL_WORLD_ASSETS } from "@/data/realWorldAssets";
  8 | import { createGalaxyAttributes } from "@/lib/shaders/galaxyAttributes";
  9 | import Galaxy from "./Galaxy";

The export RWA_SCENE was not found in module [project]/lib/tuning.js [app-client] (ecmascript).
Did you mean to import CHAINS_SCENE?
All exports of the module are statically known (It doesn't have dynamic exports). So it's known statically that the requested export doesn't exist.

Import trace:
  Client Component Browser:
    ./components/canvas/scenes/RwaNode.jsx [Client Component Browser]
    ./components/canvas/Experience.jsx [Client Component Browser]
    ./components/canvas/ExperienceLoader.jsx [Client Component Browser]
    ./components/canvas/ExperienceLoader.jsx [Server Component]
    ./app/page.js [Server Component] @ http://localhost:3000/_next/static/chunks/node_modules_next_dist_1e8vcs8._.js:1052
[32892570ms] [LOG] [Fast Refresh] rebuilding @ http://localhost:3000/_next/static/chunks/node_modules_next_dist_1e8vcs8._.js:776
[32892603ms] [ERROR] ./components/canvas/scenes/RwaNode.jsx:6:1
Error: Export RWA_SCENE doesn't exist in target module
  4 | import { scrollStore } from "@/lib/scroll/scrollStore";
  5 | import { getActProgress } from "@/lib/scroll/actProgress";
> 6 | import { RWA_SCENE } from "@/lib/tuning";
    | ^^^^^^^^^^^^^^^^^^^^^^^^^^^^^^^^^^^^^^^^^
  7 | import { REAL_WORLD_ASSETS } from "@/data/realWorldAssets";
  8 | import { createGalaxyAttributes } from "@/lib/shaders/galaxyAttributes";
  9 | import Galaxy from "./Galaxy";

The export RWA_SCENE was not found in module [project]/lib/tuning.js [app-client] (ecmascript).
Did you mean to import CHAINS_SCENE?
All exports of the module are statically known (It doesn't have dynamic exports). So it's known statically that the requested export doesn't exist.

Import trace:
  Client Component Browser:
    ./components/canvas/scenes/RwaNode.jsx [Client Component Browser]
    ./components/canvas/Experience.jsx [Client Component Browser]
    ./components/canvas/ExperienceLoader.jsx [Client Component Browser]
    ./components/canvas/ExperienceLoader.jsx [Server Component]
    ./app/page.js [Server Component] @ http://localhost:3000/_next/static/chunks/node_modules_next_dist_1e8vcs8._.js:1052
[32908364ms] [ERROR] ./components/canvas/scenes/RwaNode.jsx:6:1
Error: Export RWA_SCENE doesn't exist in target module
  4 | import { scrollStore } from "@/lib/scroll/scrollStore";
  5 | import { getActProgress } from "@/lib/scroll/actProgress";
> 6 | import { RWA_SCENE } from "@/lib/tuning";
    | ^^^^^^^^^^^^^^^^^^^^^^^^^^^^^^^^^^^^^^^^^
  7 | import { REAL_WORLD_ASSETS } from "@/data/realWorldAssets";
  8 | import { createGalaxyAttributes } from "@/lib/shaders/galaxyAttributes";
  9 | import Galaxy from "./Galaxy";

The export RWA_SCENE was not found in module [project]/lib/tuning.js [app-client] (ecmascript).
Did you mean to import CHAINS_SCENE?
All exports of the module are statically known (It doesn't have dynamic exports). So it's known statically that the requested export doesn't exist.

Import trace:
  Client Component Browser:
    ./components/canvas/scenes/RwaNode.jsx [Client Component Browser]
    ./components/canvas/Experience.jsx [Client Component Browser]
    ./components/canvas/ExperienceLoader.jsx [Client Component Browser]
    ./components/canvas/ExperienceLoader.jsx [Server Component]
    ./app/page.js [Server Component] @ http://localhost:3000/_next/static/chunks/node_modules_next_dist_1e8vcs8._.js:1052
[32908412ms] [ERROR] ./components/canvas/scenes/RwaNode.jsx:6:1
Error: Export RWA_SCENE doesn't exist in target module
  4 | import { scrollStore } from "@/lib/scroll/scrollStore";
  5 | import { getActProgress } from "@/lib/scroll/actProgress";
> 6 | import { RWA_SCENE } from "@/lib/tuning";
    | ^^^^^^^^^^^^^^^^^^^^^^^^^^^^^^^^^^^^^^^^^
  7 | import { REAL_WORLD_ASSETS } from "@/data/realWorldAssets";
  8 | import { createGalaxyAttributes } from "@/lib/shaders/galaxyAttributes";
  9 | import Galaxy from "./Galaxy";

The export RWA_SCENE was not found in module [project]/lib/tuning.js [app-client] (ecmascript).
Did you mean to import CHAINS_SCENE?
All exports of the module are statically known (It doesn't have dynamic exports). So it's known statically that the requested export doesn't exist.

Import trace:
  Client Component Browser:
    ./components/canvas/scenes/RwaNode.jsx [Client Component Browser]
    ./components/canvas/Experience.jsx [Client Component Browser]
    ./components/canvas/ExperienceLoader.jsx [Client Component Browser]
    ./components/canvas/ExperienceLoader.jsx [Server Component]
    ./app/page.js [Server Component] @ http://localhost:3000/_next/static/chunks/node_modules_next_dist_1e8vcs8._.js:1052
[32908519ms] [ERROR] ./components/canvas/scenes/RwaNode.jsx:6:1
Error: Export RWA_SCENE doesn't exist in target module
  4 | import { scrollStore } from "@/lib/scroll/scrollStore";
  5 | import { getActProgress } from "@/lib/scroll/actProgress";
> 6 | import { RWA_SCENE } from "@/lib/tuning";
    | ^^^^^^^^^^^^^^^^^^^^^^^^^^^^^^^^^^^^^^^^^
  7 | import { REAL_WORLD_ASSETS } from "@/data/realWorldAssets";
  8 | import { createGalaxyAttributes } from "@/lib/shaders/galaxyAttributes";
  9 | import Galaxy from "./Galaxy";

The export RWA_SCENE was not found in module [project]/lib/tuning.js [app-client] (ecmascript).
Did you mean to import CHAINS_SCENE?
All exports of the module are statically known (It doesn't have dynamic exports). So it's known statically that the requested export doesn't exist.

Import trace:
  Client Component Browser:
    ./components/canvas/scenes/RwaNode.jsx [Client Component Browser]
    ./components/canvas/Experience.jsx [Client Component Browser]
    ./components/canvas/ExperienceLoader.jsx [Client Component Browser]
    ./components/canvas/ExperienceLoader.jsx [Server Component]
    ./app/page.js [Server Component] @ http://localhost:3000/_next/static/chunks/node_modules_next_dist_1e8vcs8._.js:1052
[32908592ms] [LOG] [Fast Refresh] rebuilding @ http://localhost:3000/_next/static/chunks/node_modules_next_dist_1e8vcs8._.js:776
[32914399ms] [ERROR] ./components/canvas/scenes/RwaNode.jsx:6:1
Error: Export RWA_SCENE doesn't exist in target module
  4 | import { scrollStore } from "@/lib/scroll/scrollStore";
  5 | import { getActProgress } from "@/lib/scroll/actProgress";
> 6 | import { RWA_SCENE } from "@/lib/tuning";
    | ^^^^^^^^^^^^^^^^^^^^^^^^^^^^^^^^^^^^^^^^^
  7 | import { REAL_WORLD_ASSETS } from "@/data/realWorldAssets";
  8 | import { createGalaxyAttributes } from "@/lib/shaders/galaxyAttributes";
  9 | import Galaxy from "./Galaxy";

The export RWA_SCENE was not found in module [project]/lib/tuning.js [app-client] (ecmascript).
Did you mean to import CHAINS_SCENE?
All exports of the module are statically known (It doesn't have dynamic exports). So it's known statically that the requested export doesn't exist.

Import trace:
  Client Component Browser:
    ./components/canvas/scenes/RwaNode.jsx [Client Component Browser]
    ./components/canvas/Experience.jsx [Client Component Browser]
    ./components/canvas/ExperienceLoader.jsx [Client Component Browser]
    ./components/canvas/ExperienceLoader.jsx [Server Component]
    ./app/page.js [Server Component] @ http://localhost:3000/_next/static/chunks/node_modules_next_dist_1e8vcs8._.js:1052
[32915438ms] [LOG] [Fast Refresh] rebuilding @ http://localhost:3000/_next/static/chunks/node_modules_next_dist_1e8vcs8._.js:776
[32917037ms] [LOG] [Fast Refresh] done in 57ms @ http://localhost:3000/_next/static/chunks/node_modules_next_dist_1e8vcs8._.js:776
[32917143ms] [WARNING] THREE.Clock: This module has been deprecated. Please use THREE.Timer instead. @ http://localhost:3000/_next/static/chunks/node_modules_next_dist_1e8vcs8._.js:776
[32917705ms] [LOG] THREE.WebGLRenderer: Context Lost. @ http://localhost:3000/_next/static/chunks/node_modules_next_dist_1e8vcs8._.js:776
[32941720ms] [LOG] [Fast Refresh] rebuilding @ http://localhost:3000/_next/static/chunks/node_modules_next_dist_1e8vcs8._.js:776
[32943231ms] [LOG] [Fast Refresh] done in 22ms @ http://localhost:3000/_next/static/chunks/node_modules_next_dist_1e8vcs8._.js:776
[32943232ms] [LOG] [Fast Refresh] done in 22ms @ http://localhost:3000/_next/static/chunks/node_modules_next_dist_1e8vcs8._.js:776
[32952500ms] [LOG] [Fast Refresh] done in 22ms @ http://localhost:3000/_next/static/chunks/node_modules_next_dist_1e8vcs8._.js:776
[32952569ms] [LOG] [Fast Refresh] done in 22ms @ http://localhost:3000/_next/static/chunks/node_modules_next_dist_1e8vcs8._.js:776
[32954961ms] [LOG] [Fast Refresh] done in 22ms @ http://localhost:3000/_next/static/chunks/node_modules_next_dist_1e8vcs8._.js:776
[32955000ms] [LOG] [Fast Refresh] rebuilding @ http://localhost:3000/_next/static/chunks/node_modules_next_dist_1e8vcs8._.js:776
[32956518ms] [LOG] [Fast Refresh] done in 24ms @ http://localhost:3000/_next/static/chunks/node_modules_next_dist_1e8vcs8._.js:776
[32956518ms] [LOG] [Fast Refresh] done in 24ms @ http://localhost:3000/_next/static/chunks/node_modules_next_dist_1e8vcs8._.js:776
[32990825ms] [LOG] [Fast Refresh] done in 24ms @ http://localhost:3000/_next/static/chunks/node_modules_next_dist_1e8vcs8._.js:776
[32991040ms] [LOG] [Fast Refresh] rebuilding @ http://localhost:3000/_next/static/chunks/node_modules_next_dist_1e8vcs8._.js:776
[32991417ms] [LOG] [Fast Refresh] done in 484ms @ http://localhost:3000/_next/static/chunks/node_modules_next_dist_1e8vcs8._.js:776
[32991618ms] [LOG] [Fast Refresh] rebuilding @ http://localhost:3000/_next/static/chunks/node_modules_next_dist_1e8vcs8._.js:776
[32993171ms] [LOG] [Fast Refresh] done in 108ms @ http://localhost:3000/_next/static/chunks/node_modules_next_dist_1e8vcs8._.js:776
[32993173ms] [LOG] [Fast Refresh] done in 108ms @ http://localhost:3000/_next/static/chunks/node_modules_next_dist_1e8vcs8._.js:776
[32997919ms] [LOG] [Fast Refresh] rebuilding @ http://localhost:3000/_next/static/chunks/node_modules_next_dist_1e8vcs8._.js:776
[32998297ms] [LOG] [Fast Refresh] done in 486ms @ http://localhost:3000/_next/static/chunks/node_modules_next_dist_1e8vcs8._.js:776
[33065366ms] [LOG] [Fast Refresh] rebuilding @ http://localhost:3000/_next/static/chunks/node_modules_next_dist_1e8vcs8._.js:776
[33066869ms] [LOG] [Fast Refresh] done in 25ms @ http://localhost:3000/_next/static/chunks/node_modules_next_dist_1e8vcs8._.js:776
[33066870ms] [LOG] [Fast Refresh] done in 25ms @ http://localhost:3000/_next/static/chunks/node_modules_next_dist_1e8vcs8._.js:776
[33105399ms] [LOG] [Fast Refresh] done in 25ms @ http://localhost:3000/_next/static/chunks/node_modules_next_dist_1e8vcs8._.js:776
[33116082ms] [LOG] [Fast Refresh] done in 25ms @ http://localhost:3000/_next/static/chunks/node_modules_next_dist_1e8vcs8._.js:776
[33116566ms] [LOG] [Fast Refresh] rebuilding @ http://localhost:3000/_next/static/chunks/node_modules_next_dist_1e8vcs8._.js:776
[33118512ms] [LOG] [Fast Refresh] done in 2054ms @ http://localhost:3000/_next/static/chunks/node_modules_next_dist_1e8vcs8._.js:776
[33184414ms] [LOG] [Fast Refresh] rebuilding @ http://localhost:3000/_next/static/chunks/node_modules_next_dist_1e8vcs8._.js:776
[33185714ms] [LOG] [Fast Refresh] done in 1406ms @ http://localhost:3000/_next/static/chunks/node_modules_next_dist_1e8vcs8._.js:776
[33205166ms] [LOG] [Fast Refresh] rebuilding @ http://localhost:3000/_next/static/chunks/node_modules_next_dist_1e8vcs8._.js:776
[33209430ms] [LOG] [Fast Refresh] done in 2826ms @ http://localhost:3000/_next/static/chunks/node_modules_next_dist_1e8vcs8._.js:776
[33213304ms] [LOG] [Fast Refresh] done in 2826ms @ http://localhost:3000/_next/static/chunks/node_modules_next_dist_1e8vcs8._.js:776
[33213550ms] [LOG] [Fast Refresh] done in 2826ms @ http://localhost:3000/_next/static/chunks/node_modules_next_dist_1e8vcs8._.js:776
[33237279ms] [LOG] [Fast Refresh] done in 2826ms @ http://localhost:3000/_next/static/chunks/node_modules_next_dist_1e8vcs8._.js:776
[33237780ms] [LOG] [Fast Refresh] done in 2826ms @ http://localhost:3000/_next/static/chunks/node_modules_next_dist_1e8vcs8._.js:776
[33329969ms] [LOG] [Fast Refresh] done in 2826ms @ http://localhost:3000/_next/static/chunks/node_modules_next_dist_1e8vcs8._.js:776
[33330184ms] [LOG] [Fast Refresh] rebuilding @ http://localhost:3000/_next/static/chunks/node_modules_next_dist_1e8vcs8._.js:776
[33330303ms] [LOG] [Fast Refresh] done in 191ms @ http://localhost:3000/_next/static/chunks/node_modules_next_dist_1e8vcs8._.js:776
[33335537ms] [LOG] [Fast Refresh] done in 191ms @ http://localhost:3000/_next/static/chunks/node_modules_next_dist_1e8vcs8._.js:776
[33335705ms] [LOG] [Fast Refresh] done in 191ms @ http://localhost:3000/_next/static/chunks/node_modules_next_dist_1e8vcs8._.js:776
[33362634ms] [LOG] [Fast Refresh] rebuilding @ http://localhost:3000/_next/static/chunks/node_modules_next_dist_1e8vcs8._.js:776
[33364971ms] [LOG] [Fast Refresh] done in 2417ms @ http://localhost:3000/_next/static/chunks/node_modules_next_dist_1e8vcs8._.js:776
[33368961ms] [LOG] [Fast Refresh] done in 2417ms @ http://localhost:3000/_next/static/chunks/node_modules_next_dist_1e8vcs8._.js:776
[33369122ms] [LOG] [Fast Refresh] done in 2417ms @ http://localhost:3000/_next/static/chunks/node_modules_next_dist_1e8vcs8._.js:776
[33427987ms] [LOG] [Fast Refresh] done in 2417ms @ http://localhost:3000/_next/static/chunks/node_modules_next_dist_1e8vcs8._.js:776
[33428199ms] [LOG] [Fast Refresh] rebuilding @ http://localhost:3000/_next/static/chunks/node_modules_next_dist_1e8vcs8._.js:776
[33429489ms] [LOG] [Fast Refresh] done in 1344ms @ http://localhost:3000/_next/static/chunks/node_modules_next_dist_1e8vcs8._.js:776
[33429542ms] [LOG] [Fast Refresh] done in 1344ms @ http://localhost:3000/_next/static/chunks/node_modules_next_dist_1e8vcs8._.js:776
[33429605ms] [LOG] [Fast Refresh] done in 1344ms @ http://localhost:3000/_next/static/chunks/node_modules_next_dist_1e8vcs8._.js:776
[33437959ms] [LOG] [Fast Refresh] rebuilding @ http://localhost:3000/_next/static/chunks/node_modules_next_dist_1e8vcs8._.js:776
[33438024ms] [LOG] [Fast Refresh] done in 174ms @ http://localhost:3000/_next/static/chunks/node_modules_next_dist_1e8vcs8._.js:776
[33438381ms] [LOG] [Fast Refresh] rebuilding @ http://localhost:3000/_next/static/chunks/node_modules_next_dist_1e8vcs8._.js:776
[33438399ms] [LOG] [Fast Refresh] done in 120ms @ http://localhost:3000/_next/static/chunks/node_modules_next_dist_1e8vcs8._.js:776
[53592523ms] [LOG] [HMR] connected @ http://localhost:3000/_next/static/chunks/node_modules_next_dist_1e8vcs8._.js:776
[57422762ms] [LOG] [HMR] connected @ http://localhost:3000/_next/static/chunks/node_modules_next_dist_1e8vcs8._.js:776
[57728766ms] [LOG] [Fast Refresh] rebuilding @ http://localhost:3000/_next/static/chunks/node_modules_next_dist_1e8vcs8._.js:776
[57730307ms] [LOG] [Fast Refresh] done in 1302ms @ http://localhost:3000/_next/static/chunks/node_modules_next_dist_1e8vcs8._.js:776
[57732704ms] [LOG] [Fast Refresh] done in 1302ms @ http://localhost:3000/_next/static/chunks/node_modules_next_dist_1e8vcs8._.js:776
[57733041ms] [LOG] [Fast Refresh] done in 1302ms @ http://localhost:3000/_next/static/chunks/node_modules_next_dist_1e8vcs8._.js:776
[57777279ms] [LOG] [Fast Refresh] rebuilding @ http://localhost:3000/_next/static/chunks/node_modules_next_dist_1e8vcs8._.js:776
[57777292ms] [LOG] [Fast Refresh] done in 22ms @ http://localhost:3000/_next/static/chunks/node_modules_next_dist_1e8vcs8._.js:776
[57779645ms] [LOG] [Fast Refresh] done in 22ms @ http://localhost:3000/_next/static/chunks/node_modules_next_dist_1e8vcs8._.js:776
[57779929ms] [LOG] [Fast Refresh] done in 22ms @ http://localhost:3000/_next/static/chunks/node_modules_next_dist_1e8vcs8._.js:776
[57834139ms] [LOG] [Fast Refresh] rebuilding @ http://localhost:3000/_next/static/chunks/node_modules_next_dist_1e8vcs8._.js:776
[57835646ms] [LOG] [Fast Refresh] done in 252ms @ http://localhost:3000/_next/static/chunks/node_modules_next_dist_1e8vcs8._.js:776
[57837377ms] [LOG] [Fast Refresh] done in 252ms @ http://localhost:3000/_next/static/chunks/node_modules_next_dist_1e8vcs8._.js:776
[57837580ms] [LOG] [Fast Refresh] done in 252ms @ http://localhost:3000/_next/static/chunks/node_modules_next_dist_1e8vcs8._.js:776
[57864389ms] [LOG] [Fast Refresh] rebuilding @ http://localhost:3000/_next/static/chunks/node_modules_next_dist_1e8vcs8._.js:776
[57865693ms] [LOG] [Fast Refresh] done in 11ms @ http://localhost:3000/_next/static/chunks/node_modules_next_dist_1e8vcs8._.js:776
[57874806ms] [LOG] [Fast Refresh] rebuilding @ http://localhost:3000/_next/static/chunks/node_modules_next_dist_1e8vcs8._.js:776
[57876171ms] [LOG] [Fast Refresh] done in 13ms @ http://localhost:3000/_next/static/chunks/node_modules_next_dist_1e8vcs8._.js:776
[57883711ms] [LOG] [Fast Refresh] rebuilding @ http://localhost:3000/_next/static/chunks/node_modules_next_dist_1e8vcs8._.js:776
[57884965ms] [LOG] [Fast Refresh] done in 10ms @ http://localhost:3000/_next/static/chunks/node_modules_next_dist_1e8vcs8._.js:776
[57889495ms] [LOG] [Fast Refresh] rebuilding @ http://localhost:3000/_next/static/chunks/node_modules_next_dist_1e8vcs8._.js:776
[57890772ms] [LOG] [Fast Refresh] done in 11ms @ http://localhost:3000/_next/static/chunks/node_modules_next_dist_1e8vcs8._.js:776
[57897301ms] [LOG] [Fast Refresh] rebuilding @ http://localhost:3000/_next/static/chunks/node_modules_next_dist_1e8vcs8._.js:776
[57899809ms] [LOG] [Fast Refresh] done in 1390ms @ http://localhost:3000/_next/static/chunks/node_modules_next_dist_1e8vcs8._.js:776
[57901668ms] [LOG] [Fast Refresh] rebuilding @ http://localhost:3000/_next/static/chunks/node_modules_next_dist_1e8vcs8._.js:776
[57903404ms] [LOG] [Fast Refresh] done in 462ms @ http://localhost:3000/_next/static/chunks/node_modules_next_dist_1e8vcs8._.js:776
[57918917ms] [LOG] [Fast Refresh] rebuilding @ http://localhost:3000/_next/static/chunks/node_modules_next_dist_1e8vcs8._.js:776
[57920298ms] [LOG] [Fast Refresh] done in 21ms @ http://localhost:3000/_next/static/chunks/node_modules_next_dist_1e8vcs8._.js:776
[57942090ms] [LOG] [Fast Refresh] rebuilding @ http://localhost:3000/_next/static/chunks/node_modules_next_dist_1e8vcs8._.js:776
[57943370ms] [LOG] [Fast Refresh] done in 15ms @ http://localhost:3000/_next/static/chunks/node_modules_next_dist_1e8vcs8._.js:776
[57954534ms] [LOG] [Fast Refresh] done in 15ms @ http://localhost:3000/_next/static/chunks/node_modules_next_dist_1e8vcs8._.js:776
[57958069ms] [LOG] [Fast Refresh] rebuilding @ http://localhost:3000/_next/static/chunks/node_modules_next_dist_1e8vcs8._.js:776
[57959429ms] [LOG] [Fast Refresh] done in 29ms @ http://localhost:3000/_next/static/chunks/node_modules_next_dist_1e8vcs8._.js:776
[58053922ms] [LOG] [Fast Refresh] rebuilding @ http://localhost:3000/_next/static/chunks/node_modules_next_dist_1e8vcs8._.js:776
[58054930ms] [LOG] [Fast Refresh] done in 1086ms @ http://localhost:3000/_next/static/chunks/node_modules_next_dist_1e8vcs8._.js:776
[58068056ms] [LOG] [Fast Refresh] rebuilding @ http://localhost:3000/_next/static/chunks/node_modules_next_dist_1e8vcs8._.js:776
[58068325ms] [LOG] [Fast Refresh] done in 356ms @ http://localhost:3000/_next/static/chunks/node_modules_next_dist_1e8vcs8._.js:776
[58083423ms] [LOG] [Fast Refresh] rebuilding @ http://localhost:3000/_next/static/chunks/node_modules_next_dist_1e8vcs8._.js:776
[58083456ms] [LOG] [Fast Refresh] done in 13ms @ http://localhost:3000/_next/static/chunks/node_modules_next_dist_1e8vcs8._.js:776
[58088336ms] [LOG] [Fast Refresh] rebuilding @ http://localhost:3000/_next/static/chunks/node_modules_next_dist_1e8vcs8._.js:776
[58089498ms] [LOG] [Fast Refresh] done in 1245ms @ http://localhost:3000/_next/static/chunks/node_modules_next_dist_1e8vcs8._.js:776
[58314444ms] [LOG] [Fast Refresh] rebuilding @ http://localhost:3000/_next/static/chunks/node_modules_next_dist_1e8vcs8._.js:776
[58314472ms] [LOG] [Fast Refresh] done in 17ms @ http://localhost:3000/_next/static/chunks/node_modules_next_dist_1e8vcs8._.js:776
[58324563ms] [LOG] [Fast Refresh] done in 17ms @ http://localhost:3000/_next/static/chunks/node_modules_next_dist_1e8vcs8._.js:776
[58324965ms] [LOG] [Fast Refresh] done in 17ms @ http://localhost:3000/_next/static/chunks/node_modules_next_dist_1e8vcs8._.js:776
[58657264ms] [LOG] [Fast Refresh] rebuilding @ http://localhost:3000/_next/static/chunks/node_modules_next_dist_1e8vcs8._.js:776
[58657333ms] [LOG] [Fast Refresh] done in 68ms @ http://localhost:3000/_next/static/chunks/node_modules_next_dist_1e8vcs8._.js:776
[58665241ms] [LOG] [Fast Refresh] done in 68ms @ http://localhost:3000/_next/static/chunks/node_modules_next_dist_1e8vcs8._.js:776
[58665449ms] [LOG] [Fast Refresh] done in 68ms @ http://localhost:3000/_next/static/chunks/node_modules_next_dist_1e8vcs8._.js:776
[58687752ms] [LOG] [Fast Refresh] done in 68ms @ http://localhost:3000/_next/static/chunks/node_modules_next_dist_1e8vcs8._.js:776
[58687968ms] [LOG] [Fast Refresh] done in 68ms @ http://localhost:3000/_next/static/chunks/node_modules_next_dist_1e8vcs8._.js:776
[58987689ms] [LOG] [Fast Refresh] done in 68ms @ http://localhost:3000/_next/static/chunks/node_modules_next_dist_1e8vcs8._.js:776
[59546602ms] [LOG] [Fast Refresh] done in 68ms @ http://localhost:3000/_next/static/chunks/node_modules_next_dist_1e8vcs8._.js:776
[59759677ms] [LOG] [Fast Refresh] rebuilding @ http://localhost:3000/_next/static/chunks/node_modules_next_dist_1e8vcs8._.js:776
[59761465ms] [LOG] [Fast Refresh] done in 1869ms @ http://localhost:3000/_next/static/chunks/node_modules_next_dist_1e8vcs8._.js:776
[59776458ms] [LOG] [Fast Refresh] rebuilding @ http://localhost:3000/_next/static/chunks/node_modules_next_dist_1e8vcs8._.js:776
[59776865ms] [LOG] [Fast Refresh] done in 515ms @ http://localhost:3000/_next/static/chunks/node_modules_next_dist_1e8vcs8._.js:776
[59781509ms] [LOG] [Fast Refresh] rebuilding @ http://localhost:3000/_next/static/chunks/node_modules_next_dist_1e8vcs8._.js:776
[59784025ms] [LOG] [Fast Refresh] done in 2163ms @ http://localhost:3000/_next/static/chunks/node_modules_next_dist_1e8vcs8._.js:776
[59784027ms] [LOG] [Fast Refresh] rebuilding @ http://localhost:3000/_next/static/chunks/node_modules_next_dist_1e8vcs8._.js:776
[59784033ms] [LOG] [Fast Refresh] done in 3ms @ http://localhost:3000/_next/static/chunks/node_modules_next_dist_1e8vcs8._.js:776
[59784714ms] [WARNING] THREE.Clock: This module has been deprecated. Please use THREE.Timer instead. @ http://localhost:3000/_next/static/chunks/node_modules_next_dist_1e8vcs8._.js:776
[59789275ms] [LOG] THREE.WebGLRenderer: Context Lost. @ http://localhost:3000/_next/static/chunks/node_modules_next_dist_1e8vcs8._.js:776
[59801564ms] [LOG] [Fast Refresh] done in 3ms @ http://localhost:3000/_next/static/chunks/node_modules_next_dist_1e8vcs8._.js:776
[59814075ms] [LOG] [Fast Refresh] done in 3ms @ http://localhost:3000/_next/static/chunks/node_modules_next_dist_1e8vcs8._.js:776
[59814808ms] [LOG] [Fast Refresh] done in 3ms @ http://localhost:3000/_next/static/chunks/node_modules_next_dist_1e8vcs8._.js:776
[59861793ms] [LOG] [Fast Refresh] rebuilding @ http://localhost:3000/_next/static/chunks/node_modules_next_dist_1e8vcs8._.js:776
[59864917ms] [LOG] [Fast Refresh] done in 3232ms @ http://localhost:3000/_next/static/chunks/node_modules_next_dist_1e8vcs8._.js:776
[62477880ms] [LOG] [Fast Refresh] rebuilding @ http://localhost:3000/_next/static/chunks/node_modules_next_dist_1e8vcs8._.js:776
[62478906ms] [ERROR] ./components/canvas/Experience.jsx:18:1
Error: Module not found: Can't resolve './scenes/ChainsField'
  16 | import DigitalGrid from "./scenes/DigitalGrid";
  17 | import CollectionsField from "./scenes/CollectionsField";
> 18 | import ChainsField from "./scenes/ChainsField";
     | ^^^^^^^^^^^^^^^^^^^^^^^^^^^^^^^^^^^^^^^^^^^^^^^
  19 | import RwaNode from "./scenes/RwaNode";
  20 | import UniverseField from "./scenes/UniverseField";
  21 | import NffcSystem from "./scenes/NffcSystem";

Import trace:
  Client Component Browser:
    ./components/canvas/Experience.jsx [Client Component Browser]
    ./components/canvas/ExperienceLoader.jsx [Client Component Browser]
    ./components/canvas/ExperienceLoader.jsx [Server Component]
    ./app/page.js [Server Component]

https://nextjs.org/docs/messages/module-not-found @ http://localhost:3000/_next/static/chunks/node_modules_next_dist_1e8vcs8._.js:1052
[62478906ms] [ERROR] ./components/canvas/Experience.jsx:17:1
Error: Module not found: Can't resolve './scenes/CollectionsField'
  15 | import NftEmergence from "./scenes/NftEmergence";
  16 | import DigitalGrid from "./scenes/DigitalGrid";
> 17 | import CollectionsField from "./scenes/CollectionsField";
     | ^^^^^^^^^^^^^^^^^^^^^^^^^^^^^^^^^^^^^^^^^^^^^^^^^^^^^^^^^
  18 | import ChainsField from "./scenes/ChainsField";
  19 | import RwaNode from "./scenes/RwaNode";
  20 | import UniverseField from "./scenes/UniverseField";

Import trace:
  Client Component Browser:
    ./components/canvas/Experience.jsx [Client Component Browser]
    ./components/canvas/ExperienceLoader.jsx [Client Component Browser]
    ./components/canvas/ExperienceLoader.jsx [Server Component]
    ./app/page.js [Server Component]

https://nextjs.org/docs/messages/module-not-found @ http://localhost:3000/_next/static/chunks/node_modules_next_dist_1e8vcs8._.js:1052
[62478906ms] [ERROR] ./components/canvas/Experience.jsx:22:1
Error: Module not found: Can't resolve './scenes/GalaxyConnections'
  20 | import UniverseField from "./scenes/UniverseField";
  21 | import NffcSystem from "./scenes/NffcSystem";
> 22 | import GalaxyConnections from "./scenes/GalaxyConnections";
     | ^^^^^^^^^^^^^^^^^^^^^^^^^^^^^^^^^^^^^^^^^^^^^^^^^^^^^^^^^^^
  23 | import PostFX from "./PostFX";
  24 | import styles from "./Experience.module.css";
  25 | import { isMobile, CINEMATIC, BIGBANG } from "@/lib/tuning";

Import trace:
  Client Component Browser:
    ./components/canvas/Experience.jsx [Client Component Browser]
    ./components/canvas/ExperienceLoader.jsx [Client Component Browser]
    ./components/canvas/ExperienceLoader.jsx [Server Component]
    ./app/page.js [Server Component]

https://nextjs.org/docs/messages/module-not-found @ http://localhost:3000/_next/static/chunks/node_modules_next_dist_1e8vcs8._.js:1052
[62478906ms] [ERROR] ./components/canvas/Experience.jsx:21:1
Error: Module not found: Can't resolve './scenes/NffcSystem'
  19 | import RwaNode from "./scenes/RwaNode";
  20 | import UniverseField from "./scenes/UniverseField";
> 21 | import NffcSystem from "./scenes/NffcSystem";
     | ^^^^^^^^^^^^^^^^^^^^^^^^^^^^^^^^^^^^^^^^^^^^^
  22 | import GalaxyConnections from "./scenes/GalaxyConnections";
  23 | import PostFX from "./PostFX";
  24 | import styles from "./Experience.module.css";

Import trace:
  Client Component Browser:
    ./components/canvas/Experience.jsx [Client Component Browser]
    ./components/canvas/ExperienceLoader.jsx [Client Component Browser]
    ./components/canvas/ExperienceLoader.jsx [Server Component]
    ./app/page.js [Server Component]

https://nextjs.org/docs/messages/module-not-found @ http://localhost:3000/_next/static/chunks/node_modules_next_dist_1e8vcs8._.js:1052
[62478906ms] [ERROR] ./components/canvas/Experience.jsx:19:1
Error: Module not found: Can't resolve './scenes/RwaNode'
  17 | import CollectionsField from "./scenes/CollectionsField";
  18 | import ChainsField from "./scenes/ChainsField";
> 19 | import RwaNode from "./scenes/RwaNode";
     | ^^^^^^^^^^^^^^^^^^^^^^^^^^^^^^^^^^^^^^^
  20 | import UniverseField from "./scenes/UniverseField";
  21 | import NffcSystem from "./scenes/NffcSystem";
  22 | import GalaxyConnections from "./scenes/GalaxyConnections";

Import trace:
  Client Component Browser:
    ./components/canvas/Experience.jsx [Client Component Browser]
    ./components/canvas/ExperienceLoader.jsx [Client Component Browser]
    ./components/canvas/ExperienceLoader.jsx [Server Component]
    ./app/page.js [Server Component]

https://nextjs.org/docs/messages/module-not-found @ http://localhost:3000/_next/static/chunks/node_modules_next_dist_1e8vcs8._.js:1052
[62479259ms] [ERROR] ./components/canvas/Experience.jsx:18:1
Error: Module not found: Can't resolve './scenes/ChainsField'
  16 | import DigitalGrid from "./scenes/DigitalGrid";
  17 | import CollectionsField from "./scenes/CollectionsField";
> 18 | import ChainsField from "./scenes/ChainsField";
     | ^^^^^^^^^^^^^^^^^^^^^^^^^^^^^^^^^^^^^^^^^^^^^^^
  19 | import RwaNode from "./scenes/RwaNode";
  20 | import UniverseField from "./scenes/UniverseField";
  21 | import NffcSystem from "./scenes/NffcSystem";

Import trace:
  Client Component Browser:
    ./components/canvas/Experience.jsx [Client Component Browser]
    ./components/canvas/ExperienceLoader.jsx [Client Component Browser]
    ./components/canvas/ExperienceLoader.jsx [Server Component]
    ./app/page.js [Server Component]

https://nextjs.org/docs/messages/module-not-found @ http://localhost:3000/_next/static/chunks/node_modules_next_dist_1e8vcs8._.js:1052
[62479259ms] [ERROR] ./components/canvas/Experience.jsx:17:1
Error: Module not found: Can't resolve './scenes/CollectionsField'
  15 | import NftEmergence from "./scenes/NftEmergence";
  16 | import DigitalGrid from "./scenes/DigitalGrid";
> 17 | import CollectionsField from "./scenes/CollectionsField";
     | ^^^^^^^^^^^^^^^^^^^^^^^^^^^^^^^^^^^^^^^^^^^^^^^^^^^^^^^^^
  18 | import ChainsField from "./scenes/ChainsField";
  19 | import RwaNode from "./scenes/RwaNode";
  20 | import UniverseField from "./scenes/UniverseField";

Import trace:
  Client Component Browser:
    ./components/canvas/Experience.jsx [Client Component Browser]
    ./components/canvas/ExperienceLoader.jsx [Client Component Browser]
    ./components/canvas/ExperienceLoader.jsx [Server Component]
    ./app/page.js [Server Component]

https://nextjs.org/docs/messages/module-not-found @ http://localhost:3000/_next/static/chunks/node_modules_next_dist_1e8vcs8._.js:1052
[62479259ms] [ERROR] ./components/canvas/Experience.jsx:22:1
Error: Module not found: Can't resolve './scenes/GalaxyConnections'
  20 | import UniverseField from "./scenes/UniverseField";
  21 | import NffcSystem from "./scenes/NffcSystem";
> 22 | import GalaxyConnections from "./scenes/GalaxyConnections";
     | ^^^^^^^^^^^^^^^^^^^^^^^^^^^^^^^^^^^^^^^^^^^^^^^^^^^^^^^^^^^
  23 | import PostFX from "./PostFX";
  24 | import styles from "./Experience.module.css";
  25 | import { isMobile, CINEMATIC, BIGBANG } from "@/lib/tuning";

Import trace:
  Client Component Browser:
    ./components/canvas/Experience.jsx [Client Component Browser]
    ./components/canvas/ExperienceLoader.jsx [Client Component Browser]
    ./components/canvas/ExperienceLoader.jsx [Server Component]
    ./app/page.js [Server Component]

https://nextjs.org/docs/messages/module-not-found @ http://localhost:3000/_next/static/chunks/node_modules_next_dist_1e8vcs8._.js:1052
[62479259ms] [ERROR] ./components/canvas/Experience.jsx:21:1
Error: Module not found: Can't resolve './scenes/NffcSystem'
  19 | import RwaNode from "./scenes/RwaNode";
  20 | import UniverseField from "./scenes/UniverseField";
> 21 | import NffcSystem from "./scenes/NffcSystem";
     | ^^^^^^^^^^^^^^^^^^^^^^^^^^^^^^^^^^^^^^^^^^^^^
  22 | import GalaxyConnections from "./scenes/GalaxyConnections";
  23 | import PostFX from "./PostFX";
  24 | import styles from "./Experience.module.css";

Import trace:
  Client Component Browser:
    ./components/canvas/Experience.jsx [Client Component Browser]
    ./components/canvas/ExperienceLoader.jsx [Client Component Browser]
    ./components/canvas/ExperienceLoader.jsx [Server Component]
    ./app/page.js [Server Component]

https://nextjs.org/docs/messages/module-not-found @ http://localhost:3000/_next/static/chunks/node_modules_next_dist_1e8vcs8._.js:1052
[62479259ms] [ERROR] ./components/canvas/Experience.jsx:19:1
Error: Module not found: Can't resolve './scenes/RwaNode'
  17 | import CollectionsField from "./scenes/CollectionsField";
  18 | import ChainsField from "./scenes/ChainsField";
> 19 | import RwaNode from "./scenes/RwaNode";
     | ^^^^^^^^^^^^^^^^^^^^^^^^^^^^^^^^^^^^^^^
  20 | import UniverseField from "./scenes/UniverseField";
  21 | import NffcSystem from "./scenes/NffcSystem";
  22 | import GalaxyConnections from "./scenes/GalaxyConnections";

Import trace:
  Client Component Browser:
    ./components/canvas/Experience.jsx [Client Component Browser]
    ./components/canvas/ExperienceLoader.jsx [Client Component Browser]
    ./components/canvas/ExperienceLoader.jsx [Server Component]
    ./app/page.js [Server Component]

https://nextjs.org/docs/messages/module-not-found @ http://localhost:3000/_next/static/chunks/node_modules_next_dist_1e8vcs8._.js:1052
[62479259ms] [ERROR] ./app/page.js:5:1
Error: Module not found: Can't resolve '@/components/dom/ChainLabels'
  3 | import MicroHud from "@/components/dom/MicroHud";
  4 | import ChapterLettering from "@/components/dom/ChapterLettering";
> 5 | import ChainLabels from "@/components/dom/ChainLabels";
    | ^^^^^^^^^^^^^^^^^^^^^^^^^^^^^^^^^^^^^^^^^^^^^^^^^^^^^^^
  6 | import NebulaMessages from "@/components/dom/NebulaMessages";
  7 | import OrbitalRingLabels from "@/components/dom/OrbitalRingLabels";
  8 | import NffcIdentityCard from "@/components/dom/NffcIdentityCard";

Import map: aliased to relative './components/dom/ChainLabels' inside of [project]/

https://nextjs.org/docs/messages/module-not-found @ http://localhost:3000/_next/static/chunks/node_modules_next_dist_1e8vcs8._.js:1052
[62479259ms] [ERROR] ./app/page.js:9:1
Error: Module not found: Can't resolve '@/components/dom/MarketStats'
   7 | import OrbitalRingLabels from "@/components/dom/OrbitalRingLabels";
   8 | import NffcIdentityCard from "@/components/dom/NffcIdentityCard";
>  9 | import MarketStats from "@/components/dom/MarketStats";
     | ^^^^^^^^^^^^^^^^^^^^^^^^^^^^^^^^^^^^^^^^^^^^^^^^^^^^^^^
  10 | import FinalCta from "@/components/dom/FinalCta";
  11 | import Letterbox from "@/components/dom/Letterbox";
  12 | import ExperienceLoader from "@/components/canvas/ExperienceLoader";

Import map: aliased to relative './components/dom/MarketStats' inside of [project]/

https://nextjs.org/docs/messages/module-not-found @ http://localhost:3000/_next/static/chunks/node_modules_next_dist_1e8vcs8._.js:1052
[62479259ms] [ERROR] ./app/page.js:8:1
Error: Module not found: Can't resolve '@/components/dom/NffcIdentityCard'
   6 | import NebulaMessages from "@/components/dom/NebulaMessages";
   7 | import OrbitalRingLabels from "@/components/dom/OrbitalRingLabels";
>  8 | import NffcIdentityCard from "@/components/dom/NffcIdentityCard";
     | ^^^^^^^^^^^^^^^^^^^^^^^^^^^^^^^^^^^^^^^^^^^^^^^^^^^^^^^^^^^^^^^^^
   9 | import MarketStats from "@/components/dom/MarketStats";
  10 | import FinalCta from "@/components/dom/FinalCta";
  11 | import Letterbox from "@/components/dom/Letterbox";

Import map: aliased to relative './components/dom/NffcIdentityCard' inside of [project]/

https://nextjs.org/docs/messages/module-not-found @ http://localhost:3000/_next/static/chunks/node_modules_next_dist_1e8vcs8._.js:1052
[62479259ms] [ERROR] ./app/page.js:7:1
Error: Module not found: Can't resolve '@/components/dom/OrbitalRingLabels'
   5 | import ChainLabels from "@/components/dom/ChainLabels";
   6 | import NebulaMessages from "@/components/dom/NebulaMessages";
>  7 | import OrbitalRingLabels from "@/components/dom/OrbitalRingLabels";
     | ^^^^^^^^^^^^^^^^^^^^^^^^^^^^^^^^^^^^^^^^^^^^^^^^^^^^^^^^^^^^^^^^^^^
   8 | import NffcIdentityCard from "@/components/dom/NffcIdentityCard";
   9 | import MarketStats from "@/components/dom/MarketStats";
  10 | import FinalCta from "@/components/dom/FinalCta";

Import map: aliased to relative './components/dom/OrbitalRingLabels' inside of [project]/

https://nextjs.org/docs/messages/module-not-found @ http://localhost:3000/_next/static/chunks/node_modules_next_dist_1e8vcs8._.js:1052
[62479365ms] [LOG] [Fast Refresh] rebuilding @ http://localhost:3000/_next/static/chunks/node_modules_next_dist_1e8vcs8._.js:776
[62581597ms] [ERROR] ./components/canvas/Experience.jsx:18:1
Error: Module not found: Can't resolve './scenes/ChainsField'
  16 | import DigitalGrid from "./scenes/DigitalGrid";
  17 | import CollectionsField from "./scenes/CollectionsField";
> 18 | import ChainsField from "./scenes/ChainsField";
     | ^^^^^^^^^^^^^^^^^^^^^^^^^^^^^^^^^^^^^^^^^^^^^^^
  19 | import RwaNode from "./scenes/RwaNode";
  20 | import UniverseField from "./scenes/UniverseField";
  21 | import NffcSystem from "./scenes/NffcSystem";

Import trace:
  Client Component Browser:
    ./components/canvas/Experience.jsx [Client Component Browser]
    ./components/canvas/ExperienceLoader.jsx [Client Component Browser]
    ./components/canvas/ExperienceLoader.jsx [Server Component]
    ./app/page.js [Server Component]

https://nextjs.org/docs/messages/module-not-found @ http://localhost:3000/_next/static/chunks/node_modules_next_dist_1e8vcs8._.js:1052
[62581597ms] [ERROR] ./components/canvas/Experience.jsx:17:1
Error: Module not found: Can't resolve './scenes/CollectionsField'
  15 | import NftEmergence from "./scenes/NftEmergence";
  16 | import DigitalGrid from "./scenes/DigitalGrid";
> 17 | import CollectionsField from "./scenes/CollectionsField";
     | ^^^^^^^^^^^^^^^^^^^^^^^^^^^^^^^^^^^^^^^^^^^^^^^^^^^^^^^^^
  18 | import ChainsField from "./scenes/ChainsField";
  19 | import RwaNode from "./scenes/RwaNode";
  20 | import UniverseField from "./scenes/UniverseField";

Import trace:
  Client Component Browser:
    ./components/canvas/Experience.jsx [Client Component Browser]
    ./components/canvas/ExperienceLoader.jsx [Client Component Browser]
    ./components/canvas/ExperienceLoader.jsx [Server Component]
    ./app/page.js [Server Component]

https://nextjs.org/docs/messages/module-not-found @ http://localhost:3000/_next/static/chunks/node_modules_next_dist_1e8vcs8._.js:1052
[62581597ms] [ERROR] ./components/canvas/Experience.jsx:22:1
Error: Module not found: Can't resolve './scenes/GalaxyConnections'
  20 | import UniverseField from "./scenes/UniverseField";
  21 | import NffcSystem from "./scenes/NffcSystem";
> 22 | import GalaxyConnections from "./scenes/GalaxyConnections";
     | ^^^^^^^^^^^^^^^^^^^^^^^^^^^^^^^^^^^^^^^^^^^^^^^^^^^^^^^^^^^
  23 | import PostFX from "./PostFX";
  24 | import styles from "./Experience.module.css";
  25 | import { isMobile, CINEMATIC, BIGBANG } from "@/lib/tuning";

Import trace:
  Client Component Browser:
    ./components/canvas/Experience.jsx [Client Component Browser]
    ./components/canvas/ExperienceLoader.jsx [Client Component Browser]
    ./components/canvas/ExperienceLoader.jsx [Server Component]
    ./app/page.js [Server Component]

https://nextjs.org/docs/messages/module-not-found @ http://localhost:3000/_next/static/chunks/node_modules_next_dist_1e8vcs8._.js:1052
[62581597ms] [ERROR] ./components/canvas/Experience.jsx:21:1
Error: Module not found: Can't resolve './scenes/NffcSystem'
  19 | import RwaNode from "./scenes/RwaNode";
  20 | import UniverseField from "./scenes/UniverseField";
> 21 | import NffcSystem from "./scenes/NffcSystem";
     | ^^^^^^^^^^^^^^^^^^^^^^^^^^^^^^^^^^^^^^^^^^^^^
  22 | import GalaxyConnections from "./scenes/GalaxyConnections";
  23 | import PostFX from "./PostFX";
  24 | import styles from "./Experience.module.css";

Import trace:
  Client Component Browser:
    ./components/canvas/Experience.jsx [Client Component Browser]
    ./components/canvas/ExperienceLoader.jsx [Client Component Browser]
    ./components/canvas/ExperienceLoader.jsx [Server Component]
    ./app/page.js [Server Component]

https://nextjs.org/docs/messages/module-not-found @ http://localhost:3000/_next/static/chunks/node_modules_next_dist_1e8vcs8._.js:1052
[62581598ms] [ERROR] ./components/canvas/Experience.jsx:19:1
Error: Module not found: Can't resolve './scenes/RwaNode'
  17 | import CollectionsField from "./scenes/CollectionsField";
  18 | import ChainsField from "./scenes/ChainsField";
> 19 | import RwaNode from "./scenes/RwaNode";
     | ^^^^^^^^^^^^^^^^^^^^^^^^^^^^^^^^^^^^^^^
  20 | import UniverseField from "./scenes/UniverseField";
  21 | import NffcSystem from "./scenes/NffcSystem";
  22 | import GalaxyConnections from "./scenes/GalaxyConnections";

Import trace:
  Client Component Browser:
    ./components/canvas/Experience.jsx [Client Component Browser]
    ./components/canvas/ExperienceLoader.jsx [Client Component Browser]
    ./components/canvas/ExperienceLoader.jsx [Server Component]
    ./app/page.js [Server Component]

https://nextjs.org/docs/messages/module-not-found @ http://localhost:3000/_next/static/chunks/node_modules_next_dist_1e8vcs8._.js:1052
[62581598ms] [ERROR] ./app/page.js:5:1
Error: Module not found: Can't resolve '@/components/dom/ChainLabels'
  3 | import MicroHud from "@/components/dom/MicroHud";
  4 | import ChapterLettering from "@/components/dom/ChapterLettering";
> 5 | import ChainLabels from "@/components/dom/ChainLabels";
    | ^^^^^^^^^^^^^^^^^^^^^^^^^^^^^^^^^^^^^^^^^^^^^^^^^^^^^^^
  6 | import NebulaMessages from "@/components/dom/NebulaMessages";
  7 | import OrbitalRingLabels from "@/components/dom/OrbitalRingLabels";
  8 | import NffcIdentityCard from "@/components/dom/NffcIdentityCard";

Import map: aliased to relative './components/dom/ChainLabels' inside of [project]/

https://nextjs.org/docs/messages/module-not-found @ http://localhost:3000/_next/static/chunks/node_modules_next_dist_1e8vcs8._.js:1052
[62581598ms] [ERROR] ./app/page.js:9:1
Error: Module not found: Can't resolve '@/components/dom/MarketStats'
   7 | import OrbitalRingLabels from "@/components/dom/OrbitalRingLabels";
   8 | import NffcIdentityCard from "@/components/dom/NffcIdentityCard";
>  9 | import MarketStats from "@/components/dom/MarketStats";
     | ^^^^^^^^^^^^^^^^^^^^^^^^^^^^^^^^^^^^^^^^^^^^^^^^^^^^^^^
  10 | import FinalCta from "@/components/dom/FinalCta";
  11 | import Letterbox from "@/components/dom/Letterbox";
  12 | import ExperienceLoader from "@/components/canvas/ExperienceLoader";

Import map: aliased to relative './components/dom/MarketStats' inside of [project]/

https://nextjs.org/docs/messages/module-not-found @ http://localhost:3000/_next/static/chunks/node_modules_next_dist_1e8vcs8._.js:1052
[62581598ms] [ERROR] ./app/page.js:8:1
Error: Module not found: Can't resolve '@/components/dom/NffcIdentityCard'
   6 | import NebulaMessages from "@/components/dom/NebulaMessages";
   7 | import OrbitalRingLabels from "@/components/dom/OrbitalRingLabels";
>  8 | import NffcIdentityCard from "@/components/dom/NffcIdentityCard";
     | ^^^^^^^^^^^^^^^^^^^^^^^^^^^^^^^^^^^^^^^^^^^^^^^^^^^^^^^^^^^^^^^^^
   9 | import MarketStats from "@/components/dom/MarketStats";
  10 | import FinalCta from "@/components/dom/FinalCta";
  11 | import Letterbox from "@/components/dom/Letterbox";

Import map: aliased to relative './components/dom/NffcIdentityCard' inside of [project]/

https://nextjs.org/docs/messages/module-not-found @ http://localhost:3000/_next/static/chunks/node_modules_next_dist_1e8vcs8._.js:1052
[62581598ms] [ERROR] ./app/page.js:7:1
Error: Module not found: Can't resolve '@/components/dom/OrbitalRingLabels'
   5 | import ChainLabels from "@/components/dom/ChainLabels";
   6 | import NebulaMessages from "@/components/dom/NebulaMessages";
>  7 | import OrbitalRingLabels from "@/components/dom/OrbitalRingLabels";
     | ^^^^^^^^^^^^^^^^^^^^^^^^^^^^^^^^^^^^^^^^^^^^^^^^^^^^^^^^^^^^^^^^^^^
   8 | import NffcIdentityCard from "@/components/dom/NffcIdentityCard";
   9 | import MarketStats from "@/components/dom/MarketStats";
  10 | import FinalCta from "@/components/dom/FinalCta";

Import map: aliased to relative './components/dom/OrbitalRingLabels' inside of [project]/

https://nextjs.org/docs/messages/module-not-found @ http://localhost:3000/_next/static/chunks/node_modules_next_dist_1e8vcs8._.js:1052
[62589420ms] [ERROR] ./components/canvas/Experience.jsx:18:1
Error: Module not found: Can't resolve './scenes/ChainsField'
  16 | import DigitalGrid from "./scenes/DigitalGrid";
  17 | import CollectionsField from "./scenes/CollectionsField";
> 18 | import ChainsField from "./scenes/ChainsField";
     | ^^^^^^^^^^^^^^^^^^^^^^^^^^^^^^^^^^^^^^^^^^^^^^^
  19 | import RwaNode from "./scenes/RwaNode";
  20 | import UniverseField from "./scenes/UniverseField";
  21 | import NffcSystem from "./scenes/NffcSystem";

Import trace:
  Client Component Browser:
    ./components/canvas/Experience.jsx [Client Component Browser]
    ./components/canvas/ExperienceLoader.jsx [Client Component Browser]
    ./components/canvas/ExperienceLoader.jsx [Server Component]
    ./app/page.js [Server Component]

https://nextjs.org/docs/messages/module-not-found @ http://localhost:3000/_next/static/chunks/node_modules_next_dist_1e8vcs8._.js:1052
[62589421ms] [ERROR] ./components/canvas/Experience.jsx:17:1
Error: Module not found: Can't resolve './scenes/CollectionsField'
  15 | import NftEmergence from "./scenes/NftEmergence";
  16 | import DigitalGrid from "./scenes/DigitalGrid";
> 17 | import CollectionsField from "./scenes/CollectionsField";
     | ^^^^^^^^^^^^^^^^^^^^^^^^^^^^^^^^^^^^^^^^^^^^^^^^^^^^^^^^^
  18 | import ChainsField from "./scenes/ChainsField";
  19 | import RwaNode from "./scenes/RwaNode";
  20 | import UniverseField from "./scenes/UniverseField";

Import trace:
  Client Component Browser:
    ./components/canvas/Experience.jsx [Client Component Browser]
    ./components/canvas/ExperienceLoader.jsx [Client Component Browser]
    ./components/canvas/ExperienceLoader.jsx [Server Component]
    ./app/page.js [Server Component]

https://nextjs.org/docs/messages/module-not-found @ http://localhost:3000/_next/static/chunks/node_modules_next_dist_1e8vcs8._.js:1052
[62589421ms] [ERROR] ./components/canvas/Experience.jsx:22:1
Error: Module not found: Can't resolve './scenes/GalaxyConnections'
  20 | import UniverseField from "./scenes/UniverseField";
  21 | import NffcSystem from "./scenes/NffcSystem";
> 22 | import GalaxyConnections from "./scenes/GalaxyConnections";
     | ^^^^^^^^^^^^^^^^^^^^^^^^^^^^^^^^^^^^^^^^^^^^^^^^^^^^^^^^^^^
  23 | import PostFX from "./PostFX";
  24 | import styles from "./Experience.module.css";
  25 | import { isMobile, CINEMATIC, BIGBANG } from "@/lib/tuning";

Import trace:
  Client Component Browser:
    ./components/canvas/Experience.jsx [Client Component Browser]
    ./components/canvas/ExperienceLoader.jsx [Client Component Browser]
    ./components/canvas/ExperienceLoader.jsx [Server Component]
    ./app/page.js [Server Component]

https://nextjs.org/docs/messages/module-not-found @ http://localhost:3000/_next/static/chunks/node_modules_next_dist_1e8vcs8._.js:1052
[62589421ms] [ERROR] ./components/canvas/Experience.jsx:21:1
Error: Module not found: Can't resolve './scenes/NffcSystem'
  19 | import RwaNode from "./scenes/RwaNode";
  20 | import UniverseField from "./scenes/UniverseField";
> 21 | import NffcSystem from "./scenes/NffcSystem";
     | ^^^^^^^^^^^^^^^^^^^^^^^^^^^^^^^^^^^^^^^^^^^^^
  22 | import GalaxyConnections from "./scenes/GalaxyConnections";
  23 | import PostFX from "./PostFX";
  24 | import styles from "./Experience.module.css";

Import trace:
  Client Component Browser:
    ./components/canvas/Experience.jsx [Client Component Browser]
    ./components/canvas/ExperienceLoader.jsx [Client Component Browser]
    ./components/canvas/ExperienceLoader.jsx [Server Component]
    ./app/page.js [Server Component]

https://nextjs.org/docs/messages/module-not-found @ http://localhost:3000/_next/static/chunks/node_modules_next_dist_1e8vcs8._.js:1052
[62589421ms] [ERROR] ./components/canvas/Experience.jsx:19:1
Error: Module not found: Can't resolve './scenes/RwaNode'
  17 | import CollectionsField from "./scenes/CollectionsField";
  18 | import ChainsField from "./scenes/ChainsField";
> 19 | import RwaNode from "./scenes/RwaNode";
     | ^^^^^^^^^^^^^^^^^^^^^^^^^^^^^^^^^^^^^^^
  20 | import UniverseField from "./scenes/UniverseField";
  21 | import NffcSystem from "./scenes/NffcSystem";
  22 | import GalaxyConnections from "./scenes/GalaxyConnections";

Import trace:
  Client Component Browser:
    ./components/canvas/Experience.jsx [Client Component Browser]
    ./components/canvas/ExperienceLoader.jsx [Client Component Browser]
    ./components/canvas/ExperienceLoader.jsx [Server Component]
    ./app/page.js [Server Component]

https://nextjs.org/docs/messages/module-not-found @ http://localhost:3000/_next/static/chunks/node_modules_next_dist_1e8vcs8._.js:1052
[62589421ms] [ERROR] ./app/page.js:5:1
Error: Module not found: Can't resolve '@/components/dom/ChainLabels'
  3 | import MicroHud from "@/components/dom/MicroHud";
  4 | import ChapterLettering from "@/components/dom/ChapterLettering";
> 5 | import ChainLabels from "@/components/dom/ChainLabels";
    | ^^^^^^^^^^^^^^^^^^^^^^^^^^^^^^^^^^^^^^^^^^^^^^^^^^^^^^^
  6 | import NebulaMessages from "@/components/dom/NebulaMessages";
  7 | import OrbitalRingLabels from "@/components/dom/OrbitalRingLabels";
  8 | import NffcIdentityCard from "@/components/dom/NffcIdentityCard";

Import map: aliased to relative './components/dom/ChainLabels' inside of [project]/

https://nextjs.org/docs/messages/module-not-found @ http://localhost:3000/_next/static/chunks/node_modules_next_dist_1e8vcs8._.js:1052
[62589421ms] [ERROR] ./app/page.js:9:1
Error: Module not found: Can't resolve '@/components/dom/MarketStats'
   7 | import OrbitalRingLabels from "@/components/dom/OrbitalRingLabels";
   8 | import NffcIdentityCard from "@/components/dom/NffcIdentityCard";
>  9 | import MarketStats from "@/components/dom/MarketStats";
     | ^^^^^^^^^^^^^^^^^^^^^^^^^^^^^^^^^^^^^^^^^^^^^^^^^^^^^^^
  10 | import FinalCta from "@/components/dom/FinalCta";
  11 | import Letterbox from "@/components/dom/Letterbox";
  12 | import ExperienceLoader from "@/components/canvas/ExperienceLoader";

Import map: aliased to relative './components/dom/MarketStats' inside of [project]/

https://nextjs.org/docs/messages/module-not-found @ http://localhost:3000/_next/static/chunks/node_modules_next_dist_1e8vcs8._.js:1052
[62589422ms] [ERROR] ./app/page.js:8:1
Error: Module not found: Can't resolve '@/components/dom/NffcIdentityCard'
   6 | import NebulaMessages from "@/components/dom/NebulaMessages";
   7 | import OrbitalRingLabels from "@/components/dom/OrbitalRingLabels";
>  8 | import NffcIdentityCard from "@/components/dom/NffcIdentityCard";
     | ^^^^^^^^^^^^^^^^^^^^^^^^^^^^^^^^^^^^^^^^^^^^^^^^^^^^^^^^^^^^^^^^^
   9 | import MarketStats from "@/components/dom/MarketStats";
  10 | import FinalCta from "@/components/dom/FinalCta";
  11 | import Letterbox from "@/components/dom/Letterbox";

Import map: aliased to relative './components/dom/NffcIdentityCard' inside of [project]/

https://nextjs.org/docs/messages/module-not-found @ http://localhost:3000/_next/static/chunks/node_modules_next_dist_1e8vcs8._.js:1052
[62589422ms] [ERROR] ./app/page.js:7:1
Error: Module not found: Can't resolve '@/components/dom/OrbitalRingLabels'
   5 | import ChainLabels from "@/components/dom/ChainLabels";
   6 | import NebulaMessages from "@/components/dom/NebulaMessages";
>  7 | import OrbitalRingLabels from "@/components/dom/OrbitalRingLabels";
     | ^^^^^^^^^^^^^^^^^^^^^^^^^^^^^^^^^^^^^^^^^^^^^^^^^^^^^^^^^^^^^^^^^^^
   8 | import NffcIdentityCard from "@/components/dom/NffcIdentityCard";
   9 | import MarketStats from "@/components/dom/MarketStats";
  10 | import FinalCta from "@/components/dom/FinalCta";

Import map: aliased to relative './components/dom/OrbitalRingLabels' inside of [project]/

https://nextjs.org/docs/messages/module-not-found @ http://localhost:3000/_next/static/chunks/node_modules_next_dist_1e8vcs8._.js:1052
[62589460ms] [LOG] [Fast Refresh] rebuilding @ http://localhost:3000/_next/static/chunks/node_modules_next_dist_1e8vcs8._.js:776
[62602846ms] [ERROR] ./components/canvas/Experience.jsx:18:1
Error: Module not found: Can't resolve './scenes/ChainsField'
  16 | import DigitalGrid from "./scenes/DigitalGrid";
  17 | import CollectionsField from "./scenes/CollectionsField";
> 18 | import ChainsField from "./scenes/ChainsField";
     | ^^^^^^^^^^^^^^^^^^^^^^^^^^^^^^^^^^^^^^^^^^^^^^^
  19 | import RwaNode from "./scenes/RwaNode";
  20 | import UniverseField from "./scenes/UniverseField";
  21 | import NffcSystem from "./scenes/NffcSystem";

Import trace:
  Client Component Browser:
    ./components/canvas/Experience.jsx [Client Component Browser]
    ./components/canvas/ExperienceLoader.jsx [Client Component Browser]
    ./components/canvas/ExperienceLoader.jsx [Server Component]
    ./app/page.js [Server Component]

https://nextjs.org/docs/messages/module-not-found @ http://localhost:3000/_next/static/chunks/node_modules_next_dist_1e8vcs8._.js:1052
[62602847ms] [ERROR] ./components/canvas/Experience.jsx:17:1
Error: Module not found: Can't resolve './scenes/CollectionsField'
  15 | import NftEmergence from "./scenes/NftEmergence";
  16 | import DigitalGrid from "./scenes/DigitalGrid";
> 17 | import CollectionsField from "./scenes/CollectionsField";
     | ^^^^^^^^^^^^^^^^^^^^^^^^^^^^^^^^^^^^^^^^^^^^^^^^^^^^^^^^^
  18 | import ChainsField from "./scenes/ChainsField";
  19 | import RwaNode from "./scenes/RwaNode";
  20 | import UniverseField from "./scenes/UniverseField";

Import trace:
  Client Component Browser:
    ./components/canvas/Experience.jsx [Client Component Browser]
    ./components/canvas/ExperienceLoader.jsx [Client Component Browser]
    ./components/canvas/ExperienceLoader.jsx [Server Component]
    ./app/page.js [Server Component]

https://nextjs.org/docs/messages/module-not-found @ http://localhost:3000/_next/static/chunks/node_modules_next_dist_1e8vcs8._.js:1052
[62602847ms] [ERROR] ./components/canvas/Experience.jsx:22:1
Error: Module not found: Can't resolve './scenes/GalaxyConnections'
  20 | import UniverseField from "./scenes/UniverseField";
  21 | import NffcSystem from "./scenes/NffcSystem";
> 22 | import GalaxyConnections from "./scenes/GalaxyConnections";
     | ^^^^^^^^^^^^^^^^^^^^^^^^^^^^^^^^^^^^^^^^^^^^^^^^^^^^^^^^^^^
  23 | import PostFX from "./PostFX";
  24 | import styles from "./Experience.module.css";
  25 | import { isMobile, CINEMATIC, BIGBANG } from "@/lib/tuning";

Import trace:
  Client Component Browser:
    ./components/canvas/Experience.jsx [Client Component Browser]
    ./components/canvas/ExperienceLoader.jsx [Client Component Browser]
    ./components/canvas/ExperienceLoader.jsx [Server Component]
    ./app/page.js [Server Component]

https://nextjs.org/docs/messages/module-not-found @ http://localhost:3000/_next/static/chunks/node_modules_next_dist_1e8vcs8._.js:1052
[62602847ms] [ERROR] ./components/canvas/Experience.jsx:21:1
Error: Module not found: Can't resolve './scenes/NffcSystem'
  19 | import RwaNode from "./scenes/RwaNode";
  20 | import UniverseField from "./scenes/UniverseField";
> 21 | import NffcSystem from "./scenes/NffcSystem";
     | ^^^^^^^^^^^^^^^^^^^^^^^^^^^^^^^^^^^^^^^^^^^^^
  22 | import GalaxyConnections from "./scenes/GalaxyConnections";
  23 | import PostFX from "./PostFX";
  24 | import styles from "./Experience.module.css";

Import trace:
  Client Component Browser:
    ./components/canvas/Experience.jsx [Client Component Browser]
    ./components/canvas/ExperienceLoader.jsx [Client Component Browser]
    ./components/canvas/ExperienceLoader.jsx [Server Component]
    ./app/page.js [Server Component]

https://nextjs.org/docs/messages/module-not-found @ http://localhost:3000/_next/static/chunks/node_modules_next_dist_1e8vcs8._.js:1052
[62602847ms] [ERROR] ./components/canvas/Experience.jsx:19:1
Error: Module not found: Can't resolve './scenes/RwaNode'
  17 | import CollectionsField from "./scenes/CollectionsField";
  18 | import ChainsField from "./scenes/ChainsField";
> 19 | import RwaNode from "./scenes/RwaNode";
     | ^^^^^^^^^^^^^^^^^^^^^^^^^^^^^^^^^^^^^^^
  20 | import UniverseField from "./scenes/UniverseField";
  21 | import NffcSystem from "./scenes/NffcSystem";
  22 | import GalaxyConnections from "./scenes/GalaxyConnections";

Import trace:
  Client Component Browser:
    ./components/canvas/Experience.jsx [Client Component Browser]
    ./components/canvas/ExperienceLoader.jsx [Client Component Browser]
    ./components/canvas/ExperienceLoader.jsx [Server Component]
    ./app/page.js [Server Component]

https://nextjs.org/docs/messages/module-not-found @ http://localhost:3000/_next/static/chunks/node_modules_next_dist_1e8vcs8._.js:1052
[62602847ms] [ERROR] ./app/page.js:5:1
Error: Module not found: Can't resolve '@/components/dom/ChainLabels'
  3 | import MicroHud from "@/components/dom/MicroHud";
  4 | import ChapterLettering from "@/components/dom/ChapterLettering";
> 5 | import ChainLabels from "@/components/dom/ChainLabels";
    | ^^^^^^^^^^^^^^^^^^^^^^^^^^^^^^^^^^^^^^^^^^^^^^^^^^^^^^^
  6 | import NebulaMessages from "@/components/dom/NebulaMessages";
  7 | import OrbitalRingLabels from "@/components/dom/OrbitalRingLabels";
  8 | import NffcIdentityCard from "@/components/dom/NffcIdentityCard";

Import map: aliased to relative './components/dom/ChainLabels' inside of [project]/

https://nextjs.org/docs/messages/module-not-found @ http://localhost:3000/_next/static/chunks/node_modules_next_dist_1e8vcs8._.js:1052
[62602847ms] [ERROR] ./app/page.js:9:1
Error: Module not found: Can't resolve '@/components/dom/MarketStats'
   7 | import OrbitalRingLabels from "@/components/dom/OrbitalRingLabels";
   8 | import NffcIdentityCard from "@/components/dom/NffcIdentityCard";
>  9 | import MarketStats from "@/components/dom/MarketStats";
     | ^^^^^^^^^^^^^^^^^^^^^^^^^^^^^^^^^^^^^^^^^^^^^^^^^^^^^^^
  10 | import FinalCta from "@/components/dom/FinalCta";
  11 | import Letterbox from "@/components/dom/Letterbox";
  12 | import ExperienceLoader from "@/components/canvas/ExperienceLoader";

Import map: aliased to relative './components/dom/MarketStats' inside of [project]/

https://nextjs.org/docs/messages/module-not-found @ http://localhost:3000/_next/static/chunks/node_modules_next_dist_1e8vcs8._.js:1052
[62602848ms] [ERROR] ./app/page.js:8:1
Error: Module not found: Can't resolve '@/components/dom/NffcIdentityCard'
   6 | import NebulaMessages from "@/components/dom/NebulaMessages";
   7 | import OrbitalRingLabels from "@/components/dom/OrbitalRingLabels";
>  8 | import NffcIdentityCard from "@/components/dom/NffcIdentityCard";
     | ^^^^^^^^^^^^^^^^^^^^^^^^^^^^^^^^^^^^^^^^^^^^^^^^^^^^^^^^^^^^^^^^^
   9 | import MarketStats from "@/components/dom/MarketStats";
  10 | import FinalCta from "@/components/dom/FinalCta";
  11 | import Letterbox from "@/components/dom/Letterbox";

Import map: aliased to relative './components/dom/NffcIdentityCard' inside of [project]/

https://nextjs.org/docs/messages/module-not-found @ http://localhost:3000/_next/static/chunks/node_modules_next_dist_1e8vcs8._.js:1052
[62602848ms] [ERROR] ./app/page.js:7:1
Error: Module not found: Can't resolve '@/components/dom/OrbitalRingLabels'
   5 | import ChainLabels from "@/components/dom/ChainLabels";
   6 | import NebulaMessages from "@/components/dom/NebulaMessages";
>  7 | import OrbitalRingLabels from "@/components/dom/OrbitalRingLabels";
     | ^^^^^^^^^^^^^^^^^^^^^^^^^^^^^^^^^^^^^^^^^^^^^^^^^^^^^^^^^^^^^^^^^^^
   8 | import NffcIdentityCard from "@/components/dom/NffcIdentityCard";
   9 | import MarketStats from "@/components/dom/MarketStats";
  10 | import FinalCta from "@/components/dom/FinalCta";

Import map: aliased to relative './components/dom/OrbitalRingLabels' inside of [project]/

https://nextjs.org/docs/messages/module-not-found @ http://localhost:3000/_next/static/chunks/node_modules_next_dist_1e8vcs8._.js:1052
[62603040ms] [ERROR] ./components/canvas/Experience.jsx:18:1
Error: Module not found: Can't resolve './scenes/ChainsField'
  16 | import DigitalGrid from "./scenes/DigitalGrid";
  17 | import CollectionsField from "./scenes/CollectionsField";
> 18 | import ChainsField from "./scenes/ChainsField";
     | ^^^^^^^^^^^^^^^^^^^^^^^^^^^^^^^^^^^^^^^^^^^^^^^
  19 | import RwaNode from "./scenes/RwaNode";
  20 | import UniverseField from "./scenes/UniverseField";
  21 | import NffcSystem from "./scenes/NffcSystem";

Import trace:
  Client Component Browser:
    ./components/canvas/Experience.jsx [Client Component Browser]
    ./components/canvas/ExperienceLoader.jsx [Client Component Browser]
    ./components/canvas/ExperienceLoader.jsx [Server Component]
    ./app/page.js [Server Component]

https://nextjs.org/docs/messages/module-not-found @ http://localhost:3000/_next/static/chunks/node_modules_next_dist_1e8vcs8._.js:1052
[62603040ms] [ERROR] ./components/canvas/Experience.jsx:17:1
Error: Module not found: Can't resolve './scenes/CollectionsField'
  15 | import NftEmergence from "./scenes/NftEmergence";
  16 | import DigitalGrid from "./scenes/DigitalGrid";
> 17 | import CollectionsField from "./scenes/CollectionsField";
     | ^^^^^^^^^^^^^^^^^^^^^^^^^^^^^^^^^^^^^^^^^^^^^^^^^^^^^^^^^
  18 | import ChainsField from "./scenes/ChainsField";
  19 | import RwaNode from "./scenes/RwaNode";
  20 | import UniverseField from "./scenes/UniverseField";

Import trace:
  Client Component Browser:
    ./components/canvas/Experience.jsx [Client Component Browser]
    ./components/canvas/ExperienceLoader.jsx [Client Component Browser]
    ./components/canvas/ExperienceLoader.jsx [Server Component]
    ./app/page.js [Server Component]

https://nextjs.org/docs/messages/module-not-found @ http://localhost:3000/_next/static/chunks/node_modules_next_dist_1e8vcs8._.js:1052
[62603040ms] [ERROR] ./components/canvas/Experience.jsx:22:1
Error: Module not found: Can't resolve './scenes/GalaxyConnections'
  20 | import UniverseField from "./scenes/UniverseField";
  21 | import NffcSystem from "./scenes/NffcSystem";
> 22 | import GalaxyConnections from "./scenes/GalaxyConnections";
     | ^^^^^^^^^^^^^^^^^^^^^^^^^^^^^^^^^^^^^^^^^^^^^^^^^^^^^^^^^^^
  23 | import PostFX from "./PostFX";
  24 | import styles from "./Experience.module.css";
  25 | import { isMobile, CINEMATIC, BIGBANG } from "@/lib/tuning";

Import trace:
  Client Component Browser:
    ./components/canvas/Experience.jsx [Client Component Browser]
    ./components/canvas/ExperienceLoader.jsx [Client Component Browser]
    ./components/canvas/ExperienceLoader.jsx [Server Component]
    ./app/page.js [Server Component]

https://nextjs.org/docs/messages/module-not-found @ http://localhost:3000/_next/static/chunks/node_modules_next_dist_1e8vcs8._.js:1052
[62603040ms] [ERROR] ./components/canvas/Experience.jsx:21:1
Error: Module not found: Can't resolve './scenes/NffcSystem'
  19 | import RwaNode from "./scenes/RwaNode";
  20 | import UniverseField from "./scenes/UniverseField";
> 21 | import NffcSystem from "./scenes/NffcSystem";
     | ^^^^^^^^^^^^^^^^^^^^^^^^^^^^^^^^^^^^^^^^^^^^^
  22 | import GalaxyConnections from "./scenes/GalaxyConnections";
  23 | import PostFX from "./PostFX";
  24 | import styles from "./Experience.module.css";

Import trace:
  Client Component Browser:
    ./components/canvas/Experience.jsx [Client Component Browser]
    ./components/canvas/ExperienceLoader.jsx [Client Component Browser]
    ./components/canvas/ExperienceLoader.jsx [Server Component]
    ./app/page.js [Server Component]

https://nextjs.org/docs/messages/module-not-found @ http://localhost:3000/_next/static/chunks/node_modules_next_dist_1e8vcs8._.js:1052
[62603040ms] [ERROR] ./components/canvas/Experience.jsx:19:1
Error: Module not found: Can't resolve './scenes/RwaNode'
  17 | import CollectionsField from "./scenes/CollectionsField";
  18 | import ChainsField from "./scenes/ChainsField";
> 19 | import RwaNode from "./scenes/RwaNode";
     | ^^^^^^^^^^^^^^^^^^^^^^^^^^^^^^^^^^^^^^^
  20 | import UniverseField from "./scenes/UniverseField";
  21 | import NffcSystem from "./scenes/NffcSystem";
  22 | import GalaxyConnections from "./scenes/GalaxyConnections";

Import trace:
  Client Component Browser:
    ./components/canvas/Experience.jsx [Client Component Browser]
    ./components/canvas/ExperienceLoader.jsx [Client Component Browser]
    ./components/canvas/ExperienceLoader.jsx [Server Component]
    ./app/page.js [Server Component]

https://nextjs.org/docs/messages/module-not-found @ http://localhost:3000/_next/static/chunks/node_modules_next_dist_1e8vcs8._.js:1052
[62603040ms] [ERROR] ./app/page.js:5:1
Error: Module not found: Can't resolve '@/components/dom/ChainLabels'
  3 | import MicroHud from "@/components/dom/MicroHud";
  4 | import ChapterLettering from "@/components/dom/ChapterLettering";
> 5 | import ChainLabels from "@/components/dom/ChainLabels";
    | ^^^^^^^^^^^^^^^^^^^^^^^^^^^^^^^^^^^^^^^^^^^^^^^^^^^^^^^
  6 | import NebulaMessages from "@/components/dom/NebulaMessages";
  7 | import OrbitalRingLabels from "@/components/dom/OrbitalRingLabels";
  8 | import NffcIdentityCard from "@/components/dom/NffcIdentityCard";

Import map: aliased to relative './components/dom/ChainLabels' inside of [project]/

https://nextjs.org/docs/messages/module-not-found @ http://localhost:3000/_next/static/chunks/node_modules_next_dist_1e8vcs8._.js:1052
[62603041ms] [ERROR] ./app/page.js:9:1
Error: Module not found: Can't resolve '@/components/dom/MarketStats'
   7 | import OrbitalRingLabels from "@/components/dom/OrbitalRingLabels";
   8 | import NffcIdentityCard from "@/components/dom/NffcIdentityCard";
>  9 | import MarketStats from "@/components/dom/MarketStats";
     | ^^^^^^^^^^^^^^^^^^^^^^^^^^^^^^^^^^^^^^^^^^^^^^^^^^^^^^^
  10 | import FinalCta from "@/components/dom/FinalCta";
  11 | import Letterbox from "@/components/dom/Letterbox";
  12 | import ExperienceLoader from "@/components/canvas/ExperienceLoader";

Import map: aliased to relative './components/dom/MarketStats' inside of [project]/

https://nextjs.org/docs/messages/module-not-found @ http://localhost:3000/_next/static/chunks/node_modules_next_dist_1e8vcs8._.js:1052
[62603041ms] [ERROR] ./app/page.js:8:1
Error: Module not found: Can't resolve '@/components/dom/NffcIdentityCard'
   6 | import NebulaMessages from "@/components/dom/NebulaMessages";
   7 | import OrbitalRingLabels from "@/components/dom/OrbitalRingLabels";
>  8 | import NffcIdentityCard from "@/components/dom/NffcIdentityCard";
     | ^^^^^^^^^^^^^^^^^^^^^^^^^^^^^^^^^^^^^^^^^^^^^^^^^^^^^^^^^^^^^^^^^
   9 | import MarketStats from "@/components/dom/MarketStats";
  10 | import FinalCta from "@/components/dom/FinalCta";
  11 | import Letterbox from "@/components/dom/Letterbox";

Import map: aliased to relative './components/dom/NffcIdentityCard' inside of [project]/

https://nextjs.org/docs/messages/module-not-found @ http://localhost:3000/_next/static/chunks/node_modules_next_dist_1e8vcs8._.js:1052
[62603041ms] [ERROR] ./app/page.js:7:1
Error: Module not found: Can't resolve '@/components/dom/OrbitalRingLabels'
   5 | import ChainLabels from "@/components/dom/ChainLabels";
   6 | import NebulaMessages from "@/components/dom/NebulaMessages";
>  7 | import OrbitalRingLabels from "@/components/dom/OrbitalRingLabels";
     | ^^^^^^^^^^^^^^^^^^^^^^^^^^^^^^^^^^^^^^^^^^^^^^^^^^^^^^^^^^^^^^^^^^^
   8 | import NffcIdentityCard from "@/components/dom/NffcIdentityCard";
   9 | import MarketStats from "@/components/dom/MarketStats";
  10 | import FinalCta from "@/components/dom/FinalCta";

Import map: aliased to relative './components/dom/OrbitalRingLabels' inside of [project]/

https://nextjs.org/docs/messages/module-not-found @ http://localhost:3000/_next/static/chunks/node_modules_next_dist_1e8vcs8._.js:1052
[62603041ms] [ERROR] ./lib/scroll/peakMoments.js:2:1
Error: Export UNIVERSE_ENDING doesn't exist in target module
  1 | import { getFlashPeak } from "@/components/canvas/scenes/Flash";
> 2 | import { UNIVERSE_ENDING } from "@/lib/tuning";
    | ^^^^^^^^^^^^^^^^^^^^^^^^^^^^^^^^^^^^^^^^^^^^^^^
  3 |
  4 | // Los dos "picos" cinematográficos de la experiencia activa (Big Bang en el
  5 | // acto 2, el destello del cierre de "The Universe" en el acto 5) comparten

The export UNIVERSE_ENDING was not found in module [project]/lib/tuning.js [app-client] (ecmascript).
Did you mean to import UNIVERSE_LOD?
All exports of the module are statically known (It doesn't have dynamic exports). So it's known statically that the requested export doesn't exist.

Import traces:
  Client Component Browser:
    ./lib/scroll/peakMoments.js [Client Component Browser]
    ./components/dom/Letterbox.jsx [Client Component Browser]
    ./components/dom/Letterbox.jsx [Server Component]
    ./app/page.js [Server Component]

  Client Component SSR:
    ./lib/scroll/peakMoments.js [Client Component SSR]
    ./components/dom/Letterbox.jsx [Client Component SSR]
    ./components/dom/Letterbox.jsx [Server Component]
    ./app/page.js [Server Component] @ http://localhost:3000/_next/static/chunks/node_modules_next_dist_1e8vcs8._.js:1052
[62603041ms] [ERROR] ./lib/scroll/peakMoments.js:2:1
Error: Export UNIVERSE_ENDING doesn't exist in target module
  1 | import { getFlashPeak } from "@/components/canvas/scenes/Flash";
> 2 | import { UNIVERSE_ENDING } from "@/lib/tuning";
    | ^^^^^^^^^^^^^^^^^^^^^^^^^^^^^^^^^^^^^^^^^^^^^^^
  3 |
  4 | // Los dos "picos" cinematográficos de la experiencia activa (Big Bang en el
  5 | // acto 2, el destello del cierre de "The Universe" en el acto 5) comparten

The export UNIVERSE_ENDING was not found in module [project]/lib/tuning.js [app-ssr] (ecmascript).
Did you mean to import UNIVERSE_LOD?
All exports of the module are statically known (It doesn't have dynamic exports). So it's known statically that the requested export doesn't exist.

Import traces:
  Client Component Browser:
    ./lib/scroll/peakMoments.js [Client Component Browser]
    ./components/dom/Letterbox.jsx [Client Component Browser]
    ./components/dom/Letterbox.jsx [Server Component]
    ./app/page.js [Server Component]

  Client Component SSR:
    ./lib/scroll/peakMoments.js [Client Component SSR]
    ./components/dom/Letterbox.jsx [Client Component SSR]
    ./components/dom/Letterbox.jsx [Server Component]
    ./app/page.js [Server Component] @ http://localhost:3000/_next/static/chunks/node_modules_next_dist_1e8vcs8._.js:1052
[62603109ms] [LOG] [Fast Refresh] rebuilding @ http://localhost:3000/_next/static/chunks/node_modules_next_dist_1e8vcs8._.js:776
[62626275ms] [ERROR] ./components/canvas/Experience.jsx:18:1
Error: Module not found: Can't resolve './scenes/ChainsField'
  16 | import DigitalGrid from "./scenes/DigitalGrid";
  17 | import CollectionsField from "./scenes/CollectionsField";
> 18 | import ChainsField from "./scenes/ChainsField";
     | ^^^^^^^^^^^^^^^^^^^^^^^^^^^^^^^^^^^^^^^^^^^^^^^
  19 | import RwaNode from "./scenes/RwaNode";
  20 | import UniverseField from "./scenes/UniverseField";
  21 | import NffcSystem from "./scenes/NffcSystem";

Import trace:
  Client Component Browser:
    ./components/canvas/Experience.jsx [Client Component Browser]
    ./components/canvas/ExperienceLoader.jsx [Client Component Browser]
    ./components/canvas/ExperienceLoader.jsx [Server Component]
    ./app/page.js [Server Component]

https://nextjs.org/docs/messages/module-not-found @ http://localhost:3000/_next/static/chunks/node_modules_next_dist_1e8vcs8._.js:1052
[62626275ms] [ERROR] ./components/canvas/Experience.jsx:17:1
Error: Module not found: Can't resolve './scenes/CollectionsField'
  15 | import NftEmergence from "./scenes/NftEmergence";
  16 | import DigitalGrid from "./scenes/DigitalGrid";
> 17 | import CollectionsField from "./scenes/CollectionsField";
     | ^^^^^^^^^^^^^^^^^^^^^^^^^^^^^^^^^^^^^^^^^^^^^^^^^^^^^^^^^
  18 | import ChainsField from "./scenes/ChainsField";
  19 | import RwaNode from "./scenes/RwaNode";
  20 | import UniverseField from "./scenes/UniverseField";

Import trace:
  Client Component Browser:
    ./components/canvas/Experience.jsx [Client Component Browser]
    ./components/canvas/ExperienceLoader.jsx [Client Component Browser]
    ./components/canvas/ExperienceLoader.jsx [Server Component]
    ./app/page.js [Server Component]

https://nextjs.org/docs/messages/module-not-found @ http://localhost:3000/_next/static/chunks/node_modules_next_dist_1e8vcs8._.js:1052
[62626275ms] [ERROR] ./components/canvas/Experience.jsx:22:1
Error: Module not found: Can't resolve './scenes/GalaxyConnections'
  20 | import UniverseField from "./scenes/UniverseField";
  21 | import NffcSystem from "./scenes/NffcSystem";
> 22 | import GalaxyConnections from "./scenes/GalaxyConnections";
     | ^^^^^^^^^^^^^^^^^^^^^^^^^^^^^^^^^^^^^^^^^^^^^^^^^^^^^^^^^^^
  23 | import PostFX from "./PostFX";
  24 | import styles from "./Experience.module.css";
  25 | import { isMobile, CINEMATIC, BIGBANG } from "@/lib/tuning";

Import trace:
  Client Component Browser:
    ./components/canvas/Experience.jsx [Client Component Browser]
    ./components/canvas/ExperienceLoader.jsx [Client Component Browser]
    ./components/canvas/ExperienceLoader.jsx [Server Component]
    ./app/page.js [Server Component]

https://nextjs.org/docs/messages/module-not-found @ http://localhost:3000/_next/static/chunks/node_modules_next_dist_1e8vcs8._.js:1052
[62626275ms] [ERROR] ./components/canvas/Experience.jsx:21:1
Error: Module not found: Can't resolve './scenes/NffcSystem'
  19 | import RwaNode from "./scenes/RwaNode";
  20 | import UniverseField from "./scenes/UniverseField";
> 21 | import NffcSystem from "./scenes/NffcSystem";
     | ^^^^^^^^^^^^^^^^^^^^^^^^^^^^^^^^^^^^^^^^^^^^^
  22 | import GalaxyConnections from "./scenes/GalaxyConnections";
  23 | import PostFX from "./PostFX";
  24 | import styles from "./Experience.module.css";

Import trace:
  Client Component Browser:
    ./components/canvas/Experience.jsx [Client Component Browser]
    ./components/canvas/ExperienceLoader.jsx [Client Component Browser]
    ./components/canvas/ExperienceLoader.jsx [Server Component]
    ./app/page.js [Server Component]

https://nextjs.org/docs/messages/module-not-found @ http://localhost:3000/_next/static/chunks/node_modules_next_dist_1e8vcs8._.js:1052
[62626276ms] [ERROR] ./components/canvas/Experience.jsx:19:1
Error: Module not found: Can't resolve './scenes/RwaNode'
  17 | import CollectionsField from "./scenes/CollectionsField";
  18 | import ChainsField from "./scenes/ChainsField";
> 19 | import RwaNode from "./scenes/RwaNode";
     | ^^^^^^^^^^^^^^^^^^^^^^^^^^^^^^^^^^^^^^^
  20 | import UniverseField from "./scenes/UniverseField";
  21 | import NffcSystem from "./scenes/NffcSystem";
  22 | import GalaxyConnections from "./scenes/GalaxyConnections";

Import trace:
  Client Component Browser:
    ./components/canvas/Experience.jsx [Client Component Browser]
    ./components/canvas/ExperienceLoader.jsx [Client Component Browser]
    ./components/canvas/ExperienceLoader.jsx [Server Component]
    ./app/page.js [Server Component]

https://nextjs.org/docs/messages/module-not-found @ http://localhost:3000/_next/static/chunks/node_modules_next_dist_1e8vcs8._.js:1052
[62626276ms] [ERROR] ./app/page.js:5:1
Error: Module not found: Can't resolve '@/components/dom/ChainLabels'
  3 | import MicroHud from "@/components/dom/MicroHud";
  4 | import ChapterLettering from "@/components/dom/ChapterLettering";
> 5 | import ChainLabels from "@/components/dom/ChainLabels";
    | ^^^^^^^^^^^^^^^^^^^^^^^^^^^^^^^^^^^^^^^^^^^^^^^^^^^^^^^
  6 | import NebulaMessages from "@/components/dom/NebulaMessages";
  7 | import OrbitalRingLabels from "@/components/dom/OrbitalRingLabels";
  8 | import NffcIdentityCard from "@/components/dom/NffcIdentityCard";

Import map: aliased to relative './components/dom/ChainLabels' inside of [project]/

https://nextjs.org/docs/messages/module-not-found @ http://localhost:3000/_next/static/chunks/node_modules_next_dist_1e8vcs8._.js:1052
[62626276ms] [ERROR] ./app/page.js:9:1
Error: Module not found: Can't resolve '@/components/dom/MarketStats'
   7 | import OrbitalRingLabels from "@/components/dom/OrbitalRingLabels";
   8 | import NffcIdentityCard from "@/components/dom/NffcIdentityCard";
>  9 | import MarketStats from "@/components/dom/MarketStats";
     | ^^^^^^^^^^^^^^^^^^^^^^^^^^^^^^^^^^^^^^^^^^^^^^^^^^^^^^^
  10 | import FinalCta from "@/components/dom/FinalCta";
  11 | import Letterbox from "@/components/dom/Letterbox";
  12 | import ExperienceLoader from "@/components/canvas/ExperienceLoader";

Import map: aliased to relative './components/dom/MarketStats' inside of [project]/

https://nextjs.org/docs/messages/module-not-found @ http://localhost:3000/_next/static/chunks/node_modules_next_dist_1e8vcs8._.js:1052
[62626276ms] [ERROR] ./app/page.js:8:1
Error: Module not found: Can't resolve '@/components/dom/NffcIdentityCard'
   6 | import NebulaMessages from "@/components/dom/NebulaMessages";
   7 | import OrbitalRingLabels from "@/components/dom/OrbitalRingLabels";
>  8 | import NffcIdentityCard from "@/components/dom/NffcIdentityCard";
     | ^^^^^^^^^^^^^^^^^^^^^^^^^^^^^^^^^^^^^^^^^^^^^^^^^^^^^^^^^^^^^^^^^
   9 | import MarketStats from "@/components/dom/MarketStats";
  10 | import FinalCta from "@/components/dom/FinalCta";
  11 | import Letterbox from "@/components/dom/Letterbox";

Import map: aliased to relative './components/dom/NffcIdentityCard' inside of [project]/

https://nextjs.org/docs/messages/module-not-found @ http://localhost:3000/_next/static/chunks/node_modules_next_dist_1e8vcs8._.js:1052
[62626276ms] [ERROR] ./app/page.js:7:1
Error: Module not found: Can't resolve '@/components/dom/OrbitalRingLabels'
   5 | import ChainLabels from "@/components/dom/ChainLabels";
   6 | import NebulaMessages from "@/components/dom/NebulaMessages";
>  7 | import OrbitalRingLabels from "@/components/dom/OrbitalRingLabels";
     | ^^^^^^^^^^^^^^^^^^^^^^^^^^^^^^^^^^^^^^^^^^^^^^^^^^^^^^^^^^^^^^^^^^^
   8 | import NffcIdentityCard from "@/components/dom/NffcIdentityCard";
   9 | import MarketStats from "@/components/dom/MarketStats";
  10 | import FinalCta from "@/components/dom/FinalCta";

Import map: aliased to relative './components/dom/OrbitalRingLabels' inside of [project]/

https://nextjs.org/docs/messages/module-not-found @ http://localhost:3000/_next/static/chunks/node_modules_next_dist_1e8vcs8._.js:1052
[62626277ms] [ERROR] ./lib/scroll/peakMoments.js:2:1
Error: Export UNIVERSE_ENDING doesn't exist in target module
  1 | import { getFlashPeak } from "@/components/canvas/scenes/Flash";
> 2 | import { UNIVERSE_ENDING } from "@/lib/tuning";
    | ^^^^^^^^^^^^^^^^^^^^^^^^^^^^^^^^^^^^^^^^^^^^^^^
  3 |
  4 | // Los dos "picos" cinematográficos de la experiencia activa (Big Bang en el
  5 | // acto 2, el destello del cierre de "The Universe" en el acto 5) comparten

The export UNIVERSE_ENDING was not found in module [project]/lib/tuning.js [app-client] (ecmascript).
Did you mean to import UNIVERSE_LOD?
All exports of the module are statically known (It doesn't have dynamic exports). So it's known statically that the requested export doesn't exist.

Import traces:
  Client Component Browser:
    ./lib/scroll/peakMoments.js [Client Component Browser]
    ./components/dom/Letterbox.jsx [Client Component Browser]
    ./components/dom/Letterbox.jsx [Server Component]
    ./app/page.js [Server Component]

  Client Component SSR:
    ./lib/scroll/peakMoments.js [Client Component SSR]
    ./components/dom/Letterbox.jsx [Client Component SSR]
    ./components/dom/Letterbox.jsx [Server Component]
    ./app/page.js [Server Component] @ http://localhost:3000/_next/static/chunks/node_modules_next_dist_1e8vcs8._.js:1052
[62626277ms] [ERROR] ./lib/scroll/peakMoments.js:2:1
Error: Export UNIVERSE_ENDING doesn't exist in target module
  1 | import { getFlashPeak } from "@/components/canvas/scenes/Flash";
> 2 | import { UNIVERSE_ENDING } from "@/lib/tuning";
    | ^^^^^^^^^^^^^^^^^^^^^^^^^^^^^^^^^^^^^^^^^^^^^^^
  3 |
  4 | // Los dos "picos" cinematográficos de la experiencia activa (Big Bang en el
  5 | // acto 2, el destello del cierre de "The Universe" en el acto 5) comparten

The export UNIVERSE_ENDING was not found in module [project]/lib/tuning.js [app-ssr] (ecmascript).
Did you mean to import UNIVERSE_LOD?
All exports of the module are statically known (It doesn't have dynamic exports). So it's known statically that the requested export doesn't exist.

Import traces:
  Client Component Browser:
    ./lib/scroll/peakMoments.js [Client Component Browser]
    ./components/dom/Letterbox.jsx [Client Component Browser]
    ./components/dom/Letterbox.jsx [Server Component]
    ./app/page.js [Server Component]

  Client Component SSR:
    ./lib/scroll/peakMoments.js [Client Component SSR]
    ./components/dom/Letterbox.jsx [Client Component SSR]
    ./components/dom/Letterbox.jsx [Server Component]
    ./app/page.js [Server Component] @ http://localhost:3000/_next/static/chunks/node_modules_next_dist_1e8vcs8._.js:1052
[62626492ms] [LOG] [Fast Refresh] rebuilding @ http://localhost:3000/_next/static/chunks/node_modules_next_dist_1e8vcs8._.js:776
[62627276ms] [ERROR] ./components/canvas/Experience.jsx:18:1
Error: Module not found: Can't resolve './scenes/ChainsField'
  16 | import DigitalGrid from "./scenes/DigitalGrid";
  17 | import CollectionsField from "./scenes/CollectionsField";
> 18 | import ChainsField from "./scenes/ChainsField";
     | ^^^^^^^^^^^^^^^^^^^^^^^^^^^^^^^^^^^^^^^^^^^^^^^
  19 | import RwaNode from "./scenes/RwaNode";
  20 | import UniverseField from "./scenes/UniverseField";
  21 | import NffcSystem from "./scenes/NffcSystem";

Import trace:
  Client Component Browser:
    ./components/canvas/Experience.jsx [Client Component Browser]
    ./components/canvas/ExperienceLoader.jsx [Client Component Browser]
    ./components/canvas/ExperienceLoader.jsx [Server Component]
    ./app/page.js [Server Component]

https://nextjs.org/docs/messages/module-not-found @ http://localhost:3000/_next/static/chunks/node_modules_next_dist_1e8vcs8._.js:1052
[62627277ms] [ERROR] ./components/canvas/Experience.jsx:17:1
Error: Module not found: Can't resolve './scenes/CollectionsField'
  15 | import NftEmergence from "./scenes/NftEmergence";
  16 | import DigitalGrid from "./scenes/DigitalGrid";
> 17 | import CollectionsField from "./scenes/CollectionsField";
     | ^^^^^^^^^^^^^^^^^^^^^^^^^^^^^^^^^^^^^^^^^^^^^^^^^^^^^^^^^
  18 | import ChainsField from "./scenes/ChainsField";
  19 | import RwaNode from "./scenes/RwaNode";
  20 | import UniverseField from "./scenes/UniverseField";

Import trace:
  Client Component Browser:
    ./components/canvas/Experience.jsx [Client Component Browser]
    ./components/canvas/ExperienceLoader.jsx [Client Component Browser]
    ./components/canvas/ExperienceLoader.jsx [Server Component]
    ./app/page.js [Server Component]

https://nextjs.org/docs/messages/module-not-found @ http://localhost:3000/_next/static/chunks/node_modules_next_dist_1e8vcs8._.js:1052
[62627277ms] [ERROR] ./components/canvas/Experience.jsx:22:1
Error: Module not found: Can't resolve './scenes/GalaxyConnections'
  20 | import UniverseField from "./scenes/UniverseField";
  21 | import NffcSystem from "./scenes/NffcSystem";
> 22 | import GalaxyConnections from "./scenes/GalaxyConnections";
     | ^^^^^^^^^^^^^^^^^^^^^^^^^^^^^^^^^^^^^^^^^^^^^^^^^^^^^^^^^^^
  23 | import PostFX from "./PostFX";
  24 | import styles from "./Experience.module.css";
  25 | import { isMobile, CINEMATIC, BIGBANG } from "@/lib/tuning";

Import trace:
  Client Component Browser:
    ./components/canvas/Experience.jsx [Client Component Browser]
    ./components/canvas/ExperienceLoader.jsx [Client Component Browser]
    ./components/canvas/ExperienceLoader.jsx [Server Component]
    ./app/page.js [Server Component]

https://nextjs.org/docs/messages/module-not-found @ http://localhost:3000/_next/static/chunks/node_modules_next_dist_1e8vcs8._.js:1052
[62627277ms] [ERROR] ./components/canvas/Experience.jsx:21:1
Error: Module not found: Can't resolve './scenes/NffcSystem'
  19 | import RwaNode from "./scenes/RwaNode";
  20 | import UniverseField from "./scenes/UniverseField";
> 21 | import NffcSystem from "./scenes/NffcSystem";
     | ^^^^^^^^^^^^^^^^^^^^^^^^^^^^^^^^^^^^^^^^^^^^^
  22 | import GalaxyConnections from "./scenes/GalaxyConnections";
  23 | import PostFX from "./PostFX";
  24 | import styles from "./Experience.module.css";

Import trace:
  Client Component Browser:
    ./components/canvas/Experience.jsx [Client Component Browser]
    ./components/canvas/ExperienceLoader.jsx [Client Component Browser]
    ./components/canvas/ExperienceLoader.jsx [Server Component]
    ./app/page.js [Server Component]

https://nextjs.org/docs/messages/module-not-found @ http://localhost:3000/_next/static/chunks/node_modules_next_dist_1e8vcs8._.js:1052
[62627277ms] [ERROR] ./components/canvas/Experience.jsx:19:1
Error: Module not found: Can't resolve './scenes/RwaNode'
  17 | import CollectionsField from "./scenes/CollectionsField";
  18 | import ChainsField from "./scenes/ChainsField";
> 19 | import RwaNode from "./scenes/RwaNode";
     | ^^^^^^^^^^^^^^^^^^^^^^^^^^^^^^^^^^^^^^^
  20 | import UniverseField from "./scenes/UniverseField";
  21 | import NffcSystem from "./scenes/NffcSystem";
  22 | import GalaxyConnections from "./scenes/GalaxyConnections";

Import trace:
  Client Component Browser:
    ./components/canvas/Experience.jsx [Client Component Browser]
    ./components/canvas/ExperienceLoader.jsx [Client Component Browser]
    ./components/canvas/ExperienceLoader.jsx [Server Component]
    ./app/page.js [Server Component]

https://nextjs.org/docs/messages/module-not-found @ http://localhost:3000/_next/static/chunks/node_modules_next_dist_1e8vcs8._.js:1052
[62627277ms] [ERROR] ./app/page.js:5:1
Error: Module not found: Can't resolve '@/components/dom/ChainLabels'
  3 | import MicroHud from "@/components/dom/MicroHud";
  4 | import ChapterLettering from "@/components/dom/ChapterLettering";
> 5 | import ChainLabels from "@/components/dom/ChainLabels";
    | ^^^^^^^^^^^^^^^^^^^^^^^^^^^^^^^^^^^^^^^^^^^^^^^^^^^^^^^
  6 | import NebulaMessages from "@/components/dom/NebulaMessages";
  7 | import OrbitalRingLabels from "@/components/dom/OrbitalRingLabels";
  8 | import NffcIdentityCard from "@/components/dom/NffcIdentityCard";

Import map: aliased to relative './components/dom/ChainLabels' inside of [project]/

https://nextjs.org/docs/messages/module-not-found @ http://localhost:3000/_next/static/chunks/node_modules_next_dist_1e8vcs8._.js:1052
[62627278ms] [ERROR] ./app/page.js:9:1
Error: Module not found: Can't resolve '@/components/dom/MarketStats'
   7 | import OrbitalRingLabels from "@/components/dom/OrbitalRingLabels";
   8 | import NffcIdentityCard from "@/components/dom/NffcIdentityCard";
>  9 | import MarketStats from "@/components/dom/MarketStats";
     | ^^^^^^^^^^^^^^^^^^^^^^^^^^^^^^^^^^^^^^^^^^^^^^^^^^^^^^^
  10 | import FinalCta from "@/components/dom/FinalCta";
  11 | import Letterbox from "@/components/dom/Letterbox";
  12 | import ExperienceLoader from "@/components/canvas/ExperienceLoader";

Import map: aliased to relative './components/dom/MarketStats' inside of [project]/

https://nextjs.org/docs/messages/module-not-found @ http://localhost:3000/_next/static/chunks/node_modules_next_dist_1e8vcs8._.js:1052
[62627278ms] [ERROR] ./app/page.js:8:1
Error: Module not found: Can't resolve '@/components/dom/NffcIdentityCard'
   6 | import NebulaMessages from "@/components/dom/NebulaMessages";
   7 | import OrbitalRingLabels from "@/components/dom/OrbitalRingLabels";
>  8 | import NffcIdentityCard from "@/components/dom/NffcIdentityCard";
     | ^^^^^^^^^^^^^^^^^^^^^^^^^^^^^^^^^^^^^^^^^^^^^^^^^^^^^^^^^^^^^^^^^
   9 | import MarketStats from "@/components/dom/MarketStats";
  10 | import FinalCta from "@/components/dom/FinalCta";
  11 | import Letterbox from "@/components/dom/Letterbox";

Import map: aliased to relative './components/dom/NffcIdentityCard' inside of [project]/

https://nextjs.org/docs/messages/module-not-found @ http://localhost:3000/_next/static/chunks/node_modules_next_dist_1e8vcs8._.js:1052
[62627278ms] [ERROR] ./app/page.js:7:1
Error: Module not found: Can't resolve '@/components/dom/OrbitalRingLabels'
   5 | import ChainLabels from "@/components/dom/ChainLabels";
   6 | import NebulaMessages from "@/components/dom/NebulaMessages";
>  7 | import OrbitalRingLabels from "@/components/dom/OrbitalRingLabels";
     | ^^^^^^^^^^^^^^^^^^^^^^^^^^^^^^^^^^^^^^^^^^^^^^^^^^^^^^^^^^^^^^^^^^^
   8 | import NffcIdentityCard from "@/components/dom/NffcIdentityCard";
   9 | import MarketStats from "@/components/dom/MarketStats";
  10 | import FinalCta from "@/components/dom/FinalCta";

Import map: aliased to relative './components/dom/OrbitalRingLabels' inside of [project]/

https://nextjs.org/docs/messages/module-not-found @ http://localhost:3000/_next/static/chunks/node_modules_next_dist_1e8vcs8._.js:1052
[62627278ms] [ERROR] ./lib/scroll/peakMoments.js:2:1
Error: Export UNIVERSE_ENDING doesn't exist in target module
  1 | import { getFlashPeak } from "@/components/canvas/scenes/Flash";
> 2 | import { UNIVERSE_ENDING } from "@/lib/tuning";
    | ^^^^^^^^^^^^^^^^^^^^^^^^^^^^^^^^^^^^^^^^^^^^^^^
  3 |
  4 | // Los dos "picos" cinematográficos de la experiencia activa (Big Bang en el
  5 | // acto 2, el destello del cierre de "The Universe" en el acto 5) comparten

The export UNIVERSE_ENDING was not found in module [project]/lib/tuning.js [app-client] (ecmascript).
Did you mean to import UNIVERSE_LOD?
All exports of the module are statically known (It doesn't have dynamic exports). So it's known statically that the requested export doesn't exist.

Import traces:
  Client Component Browser:
    ./lib/scroll/peakMoments.js [Client Component Browser]
    ./components/dom/Letterbox.jsx [Client Component Browser]
    ./components/dom/Letterbox.jsx [Server Component]
    ./app/page.js [Server Component]

  Client Component SSR:
    ./lib/scroll/peakMoments.js [Client Component SSR]
    ./components/dom/Letterbox.jsx [Client Component SSR]
    ./components/dom/Letterbox.jsx [Server Component]
    ./app/page.js [Server Component] @ http://localhost:3000/_next/static/chunks/node_modules_next_dist_1e8vcs8._.js:1052
[62627278ms] [ERROR] ./lib/scroll/peakMoments.js:2:1
Error: Export UNIVERSE_ENDING doesn't exist in target module
  1 | import { getFlashPeak } from "@/components/canvas/scenes/Flash";
> 2 | import { UNIVERSE_ENDING } from "@/lib/tuning";
    | ^^^^^^^^^^^^^^^^^^^^^^^^^^^^^^^^^^^^^^^^^^^^^^^
  3 |
  4 | // Los dos "picos" cinematográficos de la experiencia activa (Big Bang en el
  5 | // acto 2, el destello del cierre de "The Universe" en el acto 5) comparten

The export UNIVERSE_ENDING was not found in module [project]/lib/tuning.js [app-ssr] (ecmascript).
Did you mean to import UNIVERSE_LOD?
All exports of the module are statically known (It doesn't have dynamic exports). So it's known statically that the requested export doesn't exist.

Import traces:
  Client Component Browser:
    ./lib/scroll/peakMoments.js [Client Component Browser]
    ./components/dom/Letterbox.jsx [Client Component Browser]
    ./components/dom/Letterbox.jsx [Server Component]
    ./app/page.js [Server Component]

  Client Component SSR:
    ./lib/scroll/peakMoments.js [Client Component SSR]
    ./components/dom/Letterbox.jsx [Client Component SSR]
    ./components/dom/Letterbox.jsx [Server Component]
    ./app/page.js [Server Component] @ http://localhost:3000/_next/static/chunks/node_modules_next_dist_1e8vcs8._.js:1052
[62672400ms] [ERROR] ./components/canvas/Experience.jsx:18:1
Error: Module not found: Can't resolve './scenes/ChainsField'
  16 | import DigitalGrid from "./scenes/DigitalGrid";
  17 | import CollectionsField from "./scenes/CollectionsField";
> 18 | import ChainsField from "./scenes/ChainsField";
     | ^^^^^^^^^^^^^^^^^^^^^^^^^^^^^^^^^^^^^^^^^^^^^^^
  19 | import RwaNode from "./scenes/RwaNode";
  20 | import UniverseField from "./scenes/UniverseField";
  21 | import NffcSystem from "./scenes/NffcSystem";

Import trace:
  Client Component Browser:
    ./components/canvas/Experience.jsx [Client Component Browser]
    ./components/canvas/ExperienceLoader.jsx [Client Component Browser]
    ./components/canvas/ExperienceLoader.jsx [Server Component]
    ./app/page.js [Server Component]

https://nextjs.org/docs/messages/module-not-found @ http://localhost:3000/_next/static/chunks/node_modules_next_dist_1e8vcs8._.js:1052
[62672401ms] [ERROR] ./components/canvas/Experience.jsx:17:1
Error: Module not found: Can't resolve './scenes/CollectionsField'
  15 | import NftEmergence from "./scenes/NftEmergence";
  16 | import DigitalGrid from "./scenes/DigitalGrid";
> 17 | import CollectionsField from "./scenes/CollectionsField";
     | ^^^^^^^^^^^^^^^^^^^^^^^^^^^^^^^^^^^^^^^^^^^^^^^^^^^^^^^^^
  18 | import ChainsField from "./scenes/ChainsField";
  19 | import RwaNode from "./scenes/RwaNode";
  20 | import UniverseField from "./scenes/UniverseField";

Import trace:
  Client Component Browser:
    ./components/canvas/Experience.jsx [Client Component Browser]
    ./components/canvas/ExperienceLoader.jsx [Client Component Browser]
    ./components/canvas/ExperienceLoader.jsx [Server Component]
    ./app/page.js [Server Component]

https://nextjs.org/docs/messages/module-not-found @ http://localhost:3000/_next/static/chunks/node_modules_next_dist_1e8vcs8._.js:1052
[62672401ms] [ERROR] ./components/canvas/Experience.jsx:22:1
Error: Module not found: Can't resolve './scenes/GalaxyConnections'
  20 | import UniverseField from "./scenes/UniverseField";
  21 | import NffcSystem from "./scenes/NffcSystem";
> 22 | import GalaxyConnections from "./scenes/GalaxyConnections";
     | ^^^^^^^^^^^^^^^^^^^^^^^^^^^^^^^^^^^^^^^^^^^^^^^^^^^^^^^^^^^
  23 | import PostFX from "./PostFX";
  24 | import styles from "./Experience.module.css";
  25 | import { isMobile, CINEMATIC, BIGBANG } from "@/lib/tuning";

Import trace:
  Client Component Browser:
    ./components/canvas/Experience.jsx [Client Component Browser]
    ./components/canvas/ExperienceLoader.jsx [Client Component Browser]
    ./components/canvas/ExperienceLoader.jsx [Server Component]
    ./app/page.js [Server Component]

https://nextjs.org/docs/messages/module-not-found @ http://localhost:3000/_next/static/chunks/node_modules_next_dist_1e8vcs8._.js:1052
[62672401ms] [ERROR] ./components/canvas/Experience.jsx:21:1
Error: Module not found: Can't resolve './scenes/NffcSystem'
  19 | import RwaNode from "./scenes/RwaNode";
  20 | import UniverseField from "./scenes/UniverseField";
> 21 | import NffcSystem from "./scenes/NffcSystem";
     | ^^^^^^^^^^^^^^^^^^^^^^^^^^^^^^^^^^^^^^^^^^^^^
  22 | import GalaxyConnections from "./scenes/GalaxyConnections";
  23 | import PostFX from "./PostFX";
  24 | import styles from "./Experience.module.css";

Import trace:
  Client Component Browser:
    ./components/canvas/Experience.jsx [Client Component Browser]
    ./components/canvas/ExperienceLoader.jsx [Client Component Browser]
    ./components/canvas/ExperienceLoader.jsx [Server Component]
    ./app/page.js [Server Component]

https://nextjs.org/docs/messages/module-not-found @ http://localhost:3000/_next/static/chunks/node_modules_next_dist_1e8vcs8._.js:1052
[62672401ms] [ERROR] ./components/canvas/Experience.jsx:19:1
Error: Module not found: Can't resolve './scenes/RwaNode'
  17 | import CollectionsField from "./scenes/CollectionsField";
  18 | import ChainsField from "./scenes/ChainsField";
> 19 | import RwaNode from "./scenes/RwaNode";
     | ^^^^^^^^^^^^^^^^^^^^^^^^^^^^^^^^^^^^^^^
  20 | import UniverseField from "./scenes/UniverseField";
  21 | import NffcSystem from "./scenes/NffcSystem";
  22 | import GalaxyConnections from "./scenes/GalaxyConnections";

Import trace:
  Client Component Browser:
    ./components/canvas/Experience.jsx [Client Component Browser]
    ./components/canvas/ExperienceLoader.jsx [Client Component Browser]
    ./components/canvas/ExperienceLoader.jsx [Server Component]
    ./app/page.js [Server Component]

https://nextjs.org/docs/messages/module-not-found @ http://localhost:3000/_next/static/chunks/node_modules_next_dist_1e8vcs8._.js:1052
[62672402ms] [ERROR] ./app/page.js:5:1
Error: Module not found: Can't resolve '@/components/dom/ChainLabels'
  3 | import MicroHud from "@/components/dom/MicroHud";
  4 | import ChapterLettering from "@/components/dom/ChapterLettering";
> 5 | import ChainLabels from "@/components/dom/ChainLabels";
    | ^^^^^^^^^^^^^^^^^^^^^^^^^^^^^^^^^^^^^^^^^^^^^^^^^^^^^^^
  6 | import NebulaMessages from "@/components/dom/NebulaMessages";
  7 | import OrbitalRingLabels from "@/components/dom/OrbitalRingLabels";
  8 | import NffcIdentityCard from "@/components/dom/NffcIdentityCard";

Import map: aliased to relative './components/dom/ChainLabels' inside of [project]/

https://nextjs.org/docs/messages/module-not-found @ http://localhost:3000/_next/static/chunks/node_modules_next_dist_1e8vcs8._.js:1052
[62672402ms] [ERROR] ./app/page.js:9:1
Error: Module not found: Can't resolve '@/components/dom/MarketStats'
   7 | import OrbitalRingLabels from "@/components/dom/OrbitalRingLabels";
   8 | import NffcIdentityCard from "@/components/dom/NffcIdentityCard";
>  9 | import MarketStats from "@/components/dom/MarketStats";
     | ^^^^^^^^^^^^^^^^^^^^^^^^^^^^^^^^^^^^^^^^^^^^^^^^^^^^^^^
  10 | import FinalCta from "@/components/dom/FinalCta";
  11 | import Letterbox from "@/components/dom/Letterbox";
  12 | import ExperienceLoader from "@/components/canvas/ExperienceLoader";

Import map: aliased to relative './components/dom/MarketStats' inside of [project]/

https://nextjs.org/docs/messages/module-not-found @ http://localhost:3000/_next/static/chunks/node_modules_next_dist_1e8vcs8._.js:1052
[62672402ms] [ERROR] ./app/page.js:8:1
Error: Module not found: Can't resolve '@/components/dom/NffcIdentityCard'
   6 | import NebulaMessages from "@/components/dom/NebulaMessages";
   7 | import OrbitalRingLabels from "@/components/dom/OrbitalRingLabels";
>  8 | import NffcIdentityCard from "@/components/dom/NffcIdentityCard";
     | ^^^^^^^^^^^^^^^^^^^^^^^^^^^^^^^^^^^^^^^^^^^^^^^^^^^^^^^^^^^^^^^^^
   9 | import MarketStats from "@/components/dom/MarketStats";
  10 | import FinalCta from "@/components/dom/FinalCta";
  11 | import Letterbox from "@/components/dom/Letterbox";

Import map: aliased to relative './components/dom/NffcIdentityCard' inside of [project]/

https://nextjs.org/docs/messages/module-not-found @ http://localhost:3000/_next/static/chunks/node_modules_next_dist_1e8vcs8._.js:1052
[62672402ms] [ERROR] ./app/page.js:7:1
Error: Module not found: Can't resolve '@/components/dom/OrbitalRingLabels'
   5 | import ChainLabels from "@/components/dom/ChainLabels";
   6 | import NebulaMessages from "@/components/dom/NebulaMessages";
>  7 | import OrbitalRingLabels from "@/components/dom/OrbitalRingLabels";
     | ^^^^^^^^^^^^^^^^^^^^^^^^^^^^^^^^^^^^^^^^^^^^^^^^^^^^^^^^^^^^^^^^^^^
   8 | import NffcIdentityCard from "@/components/dom/NffcIdentityCard";
   9 | import MarketStats from "@/components/dom/MarketStats";
  10 | import FinalCta from "@/components/dom/FinalCta";

Import map: aliased to relative './components/dom/OrbitalRingLabels' inside of [project]/

https://nextjs.org/docs/messages/module-not-found @ http://localhost:3000/_next/static/chunks/node_modules_next_dist_1e8vcs8._.js:1052
[62672402ms] [ERROR] ./lib/scroll/peakMoments.js:2:1
Error: Export UNIVERSE_ENDING doesn't exist in target module
  1 | import { getFlashPeak } from "@/components/canvas/scenes/Flash";
> 2 | import { UNIVERSE_ENDING } from "@/lib/tuning";
    | ^^^^^^^^^^^^^^^^^^^^^^^^^^^^^^^^^^^^^^^^^^^^^^^
  3 |
  4 | // Los dos "picos" cinematográficos de la experiencia activa (Big Bang en el
  5 | // acto 2, el destello del cierre de "The Universe" en el acto 5) comparten

The export UNIVERSE_ENDING was not found in module [project]/lib/tuning.js [app-client] (ecmascript).
Did you mean to import UNIVERSE_LOD?
All exports of the module are statically known (It doesn't have dynamic exports). So it's known statically that the requested export doesn't exist.

Import traces:
  Client Component Browser:
    ./lib/scroll/peakMoments.js [Client Component Browser]
    ./components/dom/Letterbox.jsx [Client Component Browser]
    ./components/dom/Letterbox.jsx [Server Component]
    ./app/page.js [Server Component]

  Client Component SSR:
    ./lib/scroll/peakMoments.js [Client Component SSR]
    ./components/dom/Letterbox.jsx [Client Component SSR]
    ./components/dom/Letterbox.jsx [Server Component]
    ./app/page.js [Server Component] @ http://localhost:3000/_next/static/chunks/node_modules_next_dist_1e8vcs8._.js:1052
[62672402ms] [ERROR] ./lib/scroll/peakMoments.js:2:1
Error: Export UNIVERSE_ENDING doesn't exist in target module
  1 | import { getFlashPeak } from "@/components/canvas/scenes/Flash";
> 2 | import { UNIVERSE_ENDING } from "@/lib/tuning";
    | ^^^^^^^^^^^^^^^^^^^^^^^^^^^^^^^^^^^^^^^^^^^^^^^
  3 |
  4 | // Los dos "picos" cinematográficos de la experiencia activa (Big Bang en el
  5 | // acto 2, el destello del cierre de "The Universe" en el acto 5) comparten

The export UNIVERSE_ENDING was not found in module [project]/lib/tuning.js [app-ssr] (ecmascript).
Did you mean to import UNIVERSE_LOD?
All exports of the module are statically known (It doesn't have dynamic exports). So it's known statically that the requested export doesn't exist.

Import traces:
  Client Component Browser:
    ./lib/scroll/peakMoments.js [Client Component Browser]
    ./components/dom/Letterbox.jsx [Client Component Browser]
    ./components/dom/Letterbox.jsx [Server Component]
    ./app/page.js [Server Component]

  Client Component SSR:
    ./lib/scroll/peakMoments.js [Client Component SSR]
    ./components/dom/Letterbox.jsx [Client Component SSR]
    ./components/dom/Letterbox.jsx [Server Component]
    ./app/page.js [Server Component] @ http://localhost:3000/_next/static/chunks/node_modules_next_dist_1e8vcs8._.js:1052
[62672615ms] [LOG] [Fast Refresh] rebuilding @ http://localhost:3000/_next/static/chunks/node_modules_next_dist_1e8vcs8._.js:776
[62672617ms] [ERROR] ./components/canvas/Experience.jsx:18:1
Error: Module not found: Can't resolve './scenes/ChainsField'
  16 | import DigitalGrid from "./scenes/DigitalGrid";
  17 | import CollectionsField from "./scenes/CollectionsField";
> 18 | import ChainsField from "./scenes/ChainsField";
     | ^^^^^^^^^^^^^^^^^^^^^^^^^^^^^^^^^^^^^^^^^^^^^^^
  19 | import RwaNode from "./scenes/RwaNode";
  20 | import UniverseField from "./scenes/UniverseField";
  21 | import NffcSystem from "./scenes/NffcSystem";

Import trace:
  Client Component Browser:
    ./components/canvas/Experience.jsx [Client Component Browser]
    ./components/canvas/ExperienceLoader.jsx [Client Component Browser]
    ./components/canvas/ExperienceLoader.jsx [Server Component]
    ./app/page.js [Server Component]

https://nextjs.org/docs/messages/module-not-found @ http://localhost:3000/_next/static/chunks/node_modules_next_dist_1e8vcs8._.js:1052
[62672617ms] [ERROR] ./components/canvas/Experience.jsx:17:1
Error: Module not found: Can't resolve './scenes/CollectionsField'
  15 | import NftEmergence from "./scenes/NftEmergence";
  16 | import DigitalGrid from "./scenes/DigitalGrid";
> 17 | import CollectionsField from "./scenes/CollectionsField";
     | ^^^^^^^^^^^^^^^^^^^^^^^^^^^^^^^^^^^^^^^^^^^^^^^^^^^^^^^^^
  18 | import ChainsField from "./scenes/ChainsField";
  19 | import RwaNode from "./scenes/RwaNode";
  20 | import UniverseField from "./scenes/UniverseField";

Import trace:
  Client Component Browser:
    ./components/canvas/Experience.jsx [Client Component Browser]
    ./components/canvas/ExperienceLoader.jsx [Client Component Browser]
    ./components/canvas/ExperienceLoader.jsx [Server Component]
    ./app/page.js [Server Component]

https://nextjs.org/docs/messages/module-not-found @ http://localhost:3000/_next/static/chunks/node_modules_next_dist_1e8vcs8._.js:1052
[62672618ms] [ERROR] ./components/canvas/Experience.jsx:22:1
Error: Module not found: Can't resolve './scenes/GalaxyConnections'
  20 | import UniverseField from "./scenes/UniverseField";
  21 | import NffcSystem from "./scenes/NffcSystem";
> 22 | import GalaxyConnections from "./scenes/GalaxyConnections";
     | ^^^^^^^^^^^^^^^^^^^^^^^^^^^^^^^^^^^^^^^^^^^^^^^^^^^^^^^^^^^
  23 | import PostFX from "./PostFX";
  24 | import styles from "./Experience.module.css";
  25 | import { isMobile, CINEMATIC, BIGBANG } from "@/lib/tuning";

Import trace:
  Client Component Browser:
    ./components/canvas/Experience.jsx [Client Component Browser]
    ./components/canvas/ExperienceLoader.jsx [Client Component Browser]
    ./components/canvas/ExperienceLoader.jsx [Server Component]
    ./app/page.js [Server Component]

https://nextjs.org/docs/messages/module-not-found @ http://localhost:3000/_next/static/chunks/node_modules_next_dist_1e8vcs8._.js:1052
[62672618ms] [ERROR] ./components/canvas/Experience.jsx:21:1
Error: Module not found: Can't resolve './scenes/NffcSystem'
  19 | import RwaNode from "./scenes/RwaNode";
  20 | import UniverseField from "./scenes/UniverseField";
> 21 | import NffcSystem from "./scenes/NffcSystem";
     | ^^^^^^^^^^^^^^^^^^^^^^^^^^^^^^^^^^^^^^^^^^^^^
  22 | import GalaxyConnections from "./scenes/GalaxyConnections";
  23 | import PostFX from "./PostFX";
  24 | import styles from "./Experience.module.css";

Import trace:
  Client Component Browser:
    ./components/canvas/Experience.jsx [Client Component Browser]
    ./components/canvas/ExperienceLoader.jsx [Client Component Browser]
    ./components/canvas/ExperienceLoader.jsx [Server Component]
    ./app/page.js [Server Component]

https://nextjs.org/docs/messages/module-not-found @ http://localhost:3000/_next/static/chunks/node_modules_next_dist_1e8vcs8._.js:1052
[62672618ms] [ERROR] ./components/canvas/Experience.jsx:19:1
Error: Module not found: Can't resolve './scenes/RwaNode'
  17 | import CollectionsField from "./scenes/CollectionsField";
  18 | import ChainsField from "./scenes/ChainsField";
> 19 | import RwaNode from "./scenes/RwaNode";
     | ^^^^^^^^^^^^^^^^^^^^^^^^^^^^^^^^^^^^^^^
  20 | import UniverseField from "./scenes/UniverseField";
  21 | import NffcSystem from "./scenes/NffcSystem";
  22 | import GalaxyConnections from "./scenes/GalaxyConnections";

Import trace:
  Client Component Browser:
    ./components/canvas/Experience.jsx [Client Component Browser]
    ./components/canvas/ExperienceLoader.jsx [Client Component Browser]
    ./components/canvas/ExperienceLoader.jsx [Server Component]
    ./app/page.js [Server Component]

https://nextjs.org/docs/messages/module-not-found @ http://localhost:3000/_next/static/chunks/node_modules_next_dist_1e8vcs8._.js:1052
[62672618ms] [ERROR] ./app/page.js:5:1
Error: Module not found: Can't resolve '@/components/dom/ChainLabels'
  3 | import MicroHud from "@/components/dom/MicroHud";
  4 | import ChapterLettering from "@/components/dom/ChapterLettering";
> 5 | import ChainLabels from "@/components/dom/ChainLabels";
    | ^^^^^^^^^^^^^^^^^^^^^^^^^^^^^^^^^^^^^^^^^^^^^^^^^^^^^^^
  6 | import NebulaMessages from "@/components/dom/NebulaMessages";
  7 | import OrbitalRingLabels from "@/components/dom/OrbitalRingLabels";
  8 | import NffcIdentityCard from "@/components/dom/NffcIdentityCard";

Import map: aliased to relative './components/dom/ChainLabels' inside of [project]/

https://nextjs.org/docs/messages/module-not-found @ http://localhost:3000/_next/static/chunks/node_modules_next_dist_1e8vcs8._.js:1052
[62672618ms] [ERROR] ./app/page.js:9:1
Error: Module not found: Can't resolve '@/components/dom/MarketStats'
   7 | import OrbitalRingLabels from "@/components/dom/OrbitalRingLabels";
   8 | import NffcIdentityCard from "@/components/dom/NffcIdentityCard";
>  9 | import MarketStats from "@/components/dom/MarketStats";
     | ^^^^^^^^^^^^^^^^^^^^^^^^^^^^^^^^^^^^^^^^^^^^^^^^^^^^^^^
  10 | import FinalCta from "@/components/dom/FinalCta";
  11 | import Letterbox from "@/components/dom/Letterbox";
  12 | import ExperienceLoader from "@/components/canvas/ExperienceLoader";

Import map: aliased to relative './components/dom/MarketStats' inside of [project]/

https://nextjs.org/docs/messages/module-not-found @ http://localhost:3000/_next/static/chunks/node_modules_next_dist_1e8vcs8._.js:1052
[62672618ms] [ERROR] ./app/page.js:8:1
Error: Module not found: Can't resolve '@/components/dom/NffcIdentityCard'
   6 | import NebulaMessages from "@/components/dom/NebulaMessages";
   7 | import OrbitalRingLabels from "@/components/dom/OrbitalRingLabels";
>  8 | import NffcIdentityCard from "@/components/dom/NffcIdentityCard";
     | ^^^^^^^^^^^^^^^^^^^^^^^^^^^^^^^^^^^^^^^^^^^^^^^^^^^^^^^^^^^^^^^^^
   9 | import MarketStats from "@/components/dom/MarketStats";
  10 | import FinalCta from "@/components/dom/FinalCta";
  11 | import Letterbox from "@/components/dom/Letterbox";

Import map: aliased to relative './components/dom/NffcIdentityCard' inside of [project]/

https://nextjs.org/docs/messages/module-not-found @ http://localhost:3000/_next/static/chunks/node_modules_next_dist_1e8vcs8._.js:1052
[62672618ms] [ERROR] ./app/page.js:7:1
Error: Module not found: Can't resolve '@/components/dom/OrbitalRingLabels'
   5 | import ChainLabels from "@/components/dom/ChainLabels";
   6 | import NebulaMessages from "@/components/dom/NebulaMessages";
>  7 | import OrbitalRingLabels from "@/components/dom/OrbitalRingLabels";
     | ^^^^^^^^^^^^^^^^^^^^^^^^^^^^^^^^^^^^^^^^^^^^^^^^^^^^^^^^^^^^^^^^^^^
   8 | import NffcIdentityCard from "@/components/dom/NffcIdentityCard";
   9 | import MarketStats from "@/components/dom/MarketStats";
  10 | import FinalCta from "@/components/dom/FinalCta";

Import map: aliased to relative './components/dom/OrbitalRingLabels' inside of [project]/

https://nextjs.org/docs/messages/module-not-found @ http://localhost:3000/_next/static/chunks/node_modules_next_dist_1e8vcs8._.js:1052
[62695660ms] [ERROR] ./components/canvas/Experience.jsx:18:1
Error: Module not found: Can't resolve './scenes/ChainsField'
  16 | import DigitalGrid from "./scenes/DigitalGrid";
  17 | import CollectionsField from "./scenes/CollectionsField";
> 18 | import ChainsField from "./scenes/ChainsField";
     | ^^^^^^^^^^^^^^^^^^^^^^^^^^^^^^^^^^^^^^^^^^^^^^^
  19 | import RwaNode from "./scenes/RwaNode";
  20 | import UniverseField from "./scenes/UniverseField";
  21 | import NffcSystem from "./scenes/NffcSystem";

Import trace:
  Client Component Browser:
    ./components/canvas/Experience.jsx [Client Component Browser]
    ./components/canvas/ExperienceLoader.jsx [Client Component Browser]
    ./components/canvas/ExperienceLoader.jsx [Server Component]
    ./app/page.js [Server Component]

https://nextjs.org/docs/messages/module-not-found @ http://localhost:3000/_next/static/chunks/node_modules_next_dist_1e8vcs8._.js:1052
[62695660ms] [ERROR] ./components/canvas/Experience.jsx:17:1
Error: Module not found: Can't resolve './scenes/CollectionsField'
  15 | import NftEmergence from "./scenes/NftEmergence";
  16 | import DigitalGrid from "./scenes/DigitalGrid";
> 17 | import CollectionsField from "./scenes/CollectionsField";
     | ^^^^^^^^^^^^^^^^^^^^^^^^^^^^^^^^^^^^^^^^^^^^^^^^^^^^^^^^^
  18 | import ChainsField from "./scenes/ChainsField";
  19 | import RwaNode from "./scenes/RwaNode";
  20 | import UniverseField from "./scenes/UniverseField";

Import trace:
  Client Component Browser:
    ./components/canvas/Experience.jsx [Client Component Browser]
    ./components/canvas/ExperienceLoader.jsx [Client Component Browser]
    ./components/canvas/ExperienceLoader.jsx [Server Component]
    ./app/page.js [Server Component]

https://nextjs.org/docs/messages/module-not-found @ http://localhost:3000/_next/static/chunks/node_modules_next_dist_1e8vcs8._.js:1052
[62695660ms] [ERROR] ./components/canvas/Experience.jsx:22:1
Error: Module not found: Can't resolve './scenes/GalaxyConnections'
  20 | import UniverseField from "./scenes/UniverseField";
  21 | import NffcSystem from "./scenes/NffcSystem";
> 22 | import GalaxyConnections from "./scenes/GalaxyConnections";
     | ^^^^^^^^^^^^^^^^^^^^^^^^^^^^^^^^^^^^^^^^^^^^^^^^^^^^^^^^^^^
  23 | import PostFX from "./PostFX";
  24 | import styles from "./Experience.module.css";
  25 | import { isMobile, CINEMATIC, BIGBANG } from "@/lib/tuning";

Import trace:
  Client Component Browser:
    ./components/canvas/Experience.jsx [Client Component Browser]
    ./components/canvas/ExperienceLoader.jsx [Client Component Browser]
    ./components/canvas/ExperienceLoader.jsx [Server Component]
    ./app/page.js [Server Component]

https://nextjs.org/docs/messages/module-not-found @ http://localhost:3000/_next/static/chunks/node_modules_next_dist_1e8vcs8._.js:1052
[62695660ms] [ERROR] ./components/canvas/Experience.jsx:21:1
Error: Module not found: Can't resolve './scenes/NffcSystem'
  19 | import RwaNode from "./scenes/RwaNode";
  20 | import UniverseField from "./scenes/UniverseField";
> 21 | import NffcSystem from "./scenes/NffcSystem";
     | ^^^^^^^^^^^^^^^^^^^^^^^^^^^^^^^^^^^^^^^^^^^^^
  22 | import GalaxyConnections from "./scenes/GalaxyConnections";
  23 | import PostFX from "./PostFX";
  24 | import styles from "./Experience.module.css";

Import trace:
  Client Component Browser:
    ./components/canvas/Experience.jsx [Client Component Browser]
    ./components/canvas/ExperienceLoader.jsx [Client Component Browser]
    ./components/canvas/ExperienceLoader.jsx [Server Component]
    ./app/page.js [Server Component]

https://nextjs.org/docs/messages/module-not-found @ http://localhost:3000/_next/static/chunks/node_modules_next_dist_1e8vcs8._.js:1052
[62695660ms] [ERROR] ./components/canvas/Experience.jsx:19:1
Error: Module not found: Can't resolve './scenes/RwaNode'
  17 | import CollectionsField from "./scenes/CollectionsField";
  18 | import ChainsField from "./scenes/ChainsField";
> 19 | import RwaNode from "./scenes/RwaNode";
     | ^^^^^^^^^^^^^^^^^^^^^^^^^^^^^^^^^^^^^^^
  20 | import UniverseField from "./scenes/UniverseField";
  21 | import NffcSystem from "./scenes/NffcSystem";
  22 | import GalaxyConnections from "./scenes/GalaxyConnections";

Import trace:
  Client Component Browser:
    ./components/canvas/Experience.jsx [Client Component Browser]
    ./components/canvas/ExperienceLoader.jsx [Client Component Browser]
    ./components/canvas/ExperienceLoader.jsx [Server Component]
    ./app/page.js [Server Component]

https://nextjs.org/docs/messages/module-not-found @ http://localhost:3000/_next/static/chunks/node_modules_next_dist_1e8vcs8._.js:1052
[62695661ms] [ERROR] ./app/page.js:5:1
Error: Module not found: Can't resolve '@/components/dom/ChainLabels'
  3 | import MicroHud from "@/components/dom/MicroHud";
  4 | import ChapterLettering from "@/components/dom/ChapterLettering";
> 5 | import ChainLabels from "@/components/dom/ChainLabels";
    | ^^^^^^^^^^^^^^^^^^^^^^^^^^^^^^^^^^^^^^^^^^^^^^^^^^^^^^^
  6 | import NebulaMessages from "@/components/dom/NebulaMessages";
  7 | import OrbitalRingLabels from "@/components/dom/OrbitalRingLabels";
  8 | import NffcIdentityCard from "@/components/dom/NffcIdentityCard";

Import map: aliased to relative './components/dom/ChainLabels' inside of [project]/

https://nextjs.org/docs/messages/module-not-found @ http://localhost:3000/_next/static/chunks/node_modules_next_dist_1e8vcs8._.js:1052
[62695661ms] [ERROR] ./app/page.js:9:1
Error: Module not found: Can't resolve '@/components/dom/MarketStats'
   7 | import OrbitalRingLabels from "@/components/dom/OrbitalRingLabels";
   8 | import NffcIdentityCard from "@/components/dom/NffcIdentityCard";
>  9 | import MarketStats from "@/components/dom/MarketStats";
     | ^^^^^^^^^^^^^^^^^^^^^^^^^^^^^^^^^^^^^^^^^^^^^^^^^^^^^^^
  10 | import FinalCta from "@/components/dom/FinalCta";
  11 | import Letterbox from "@/components/dom/Letterbox";
  12 | import ExperienceLoader from "@/components/canvas/ExperienceLoader";

Import map: aliased to relative './components/dom/MarketStats' inside of [project]/

https://nextjs.org/docs/messages/module-not-found @ http://localhost:3000/_next/static/chunks/node_modules_next_dist_1e8vcs8._.js:1052
[62695661ms] [ERROR] ./app/page.js:8:1
Error: Module not found: Can't resolve '@/components/dom/NffcIdentityCard'
   6 | import NebulaMessages from "@/components/dom/NebulaMessages";
   7 | import OrbitalRingLabels from "@/components/dom/OrbitalRingLabels";
>  8 | import NffcIdentityCard from "@/components/dom/NffcIdentityCard";
     | ^^^^^^^^^^^^^^^^^^^^^^^^^^^^^^^^^^^^^^^^^^^^^^^^^^^^^^^^^^^^^^^^^
   9 | import MarketStats from "@/components/dom/MarketStats";
  10 | import FinalCta from "@/components/dom/FinalCta";
  11 | import Letterbox from "@/components/dom/Letterbox";

Import map: aliased to relative './components/dom/NffcIdentityCard' inside of [project]/

https://nextjs.org/docs/messages/module-not-found @ http://localhost:3000/_next/static/chunks/node_modules_next_dist_1e8vcs8._.js:1052
[62695661ms] [ERROR] ./app/page.js:7:1
Error: Module not found: Can't resolve '@/components/dom/OrbitalRingLabels'
   5 | import ChainLabels from "@/components/dom/ChainLabels";
   6 | import NebulaMessages from "@/components/dom/NebulaMessages";
>  7 | import OrbitalRingLabels from "@/components/dom/OrbitalRingLabels";
     | ^^^^^^^^^^^^^^^^^^^^^^^^^^^^^^^^^^^^^^^^^^^^^^^^^^^^^^^^^^^^^^^^^^^
   8 | import NffcIdentityCard from "@/components/dom/NffcIdentityCard";
   9 | import MarketStats from "@/components/dom/MarketStats";
  10 | import FinalCta from "@/components/dom/FinalCta";

Import map: aliased to relative './components/dom/OrbitalRingLabels' inside of [project]/

https://nextjs.org/docs/messages/module-not-found @ http://localhost:3000/_next/static/chunks/node_modules_next_dist_1e8vcs8._.js:1052
[62696050ms] [ERROR] ./components/canvas/Experience.jsx:18:1
Error: Module not found: Can't resolve './scenes/ChainsField'
  16 | import DigitalGrid from "./scenes/DigitalGrid";
  17 | import CollectionsField from "./scenes/CollectionsField";
> 18 | import ChainsField from "./scenes/ChainsField";
     | ^^^^^^^^^^^^^^^^^^^^^^^^^^^^^^^^^^^^^^^^^^^^^^^
  19 | import RwaNode from "./scenes/RwaNode";
  20 | import UniverseField from "./scenes/UniverseField";
  21 | import NffcSystem from "./scenes/NffcSystem";

Import trace:
  Client Component Browser:
    ./components/canvas/Experience.jsx [Client Component Browser]
    ./components/canvas/ExperienceLoader.jsx [Client Component Browser]
    ./components/canvas/ExperienceLoader.jsx [Server Component]
    ./app/page.js [Server Component]

https://nextjs.org/docs/messages/module-not-found @ http://localhost:3000/_next/static/chunks/node_modules_next_dist_1e8vcs8._.js:1052
[62696051ms] [ERROR] ./components/canvas/Experience.jsx:17:1
Error: Module not found: Can't resolve './scenes/CollectionsField'
  15 | import NftEmergence from "./scenes/NftEmergence";
  16 | import DigitalGrid from "./scenes/DigitalGrid";
> 17 | import CollectionsField from "./scenes/CollectionsField";
     | ^^^^^^^^^^^^^^^^^^^^^^^^^^^^^^^^^^^^^^^^^^^^^^^^^^^^^^^^^
  18 | import ChainsField from "./scenes/ChainsField";
  19 | import RwaNode from "./scenes/RwaNode";
  20 | import UniverseField from "./scenes/UniverseField";

Import trace:
  Client Component Browser:
    ./components/canvas/Experience.jsx [Client Component Browser]
    ./components/canvas/ExperienceLoader.jsx [Client Component Browser]
    ./components/canvas/ExperienceLoader.jsx [Server Component]
    ./app/page.js [Server Component]

https://nextjs.org/docs/messages/module-not-found @ http://localhost:3000/_next/static/chunks/node_modules_next_dist_1e8vcs8._.js:1052
[62696051ms] [ERROR] ./components/canvas/Experience.jsx:22:1
Error: Module not found: Can't resolve './scenes/GalaxyConnections'
  20 | import UniverseField from "./scenes/UniverseField";
  21 | import NffcSystem from "./scenes/NffcSystem";
> 22 | import GalaxyConnections from "./scenes/GalaxyConnections";
     | ^^^^^^^^^^^^^^^^^^^^^^^^^^^^^^^^^^^^^^^^^^^^^^^^^^^^^^^^^^^
  23 | import PostFX from "./PostFX";
  24 | import styles from "./Experience.module.css";
  25 | import { isMobile, CINEMATIC, BIGBANG } from "@/lib/tuning";

Import trace:
  Client Component Browser:
    ./components/canvas/Experience.jsx [Client Component Browser]
    ./components/canvas/ExperienceLoader.jsx [Client Component Browser]
    ./components/canvas/ExperienceLoader.jsx [Server Component]
    ./app/page.js [Server Component]

https://nextjs.org/docs/messages/module-not-found @ http://localhost:3000/_next/static/chunks/node_modules_next_dist_1e8vcs8._.js:1052
[62696051ms] [ERROR] ./components/canvas/Experience.jsx:21:1
Error: Module not found: Can't resolve './scenes/NffcSystem'
  19 | import RwaNode from "./scenes/RwaNode";
  20 | import UniverseField from "./scenes/UniverseField";
> 21 | import NffcSystem from "./scenes/NffcSystem";
     | ^^^^^^^^^^^^^^^^^^^^^^^^^^^^^^^^^^^^^^^^^^^^^
  22 | import GalaxyConnections from "./scenes/GalaxyConnections";
  23 | import PostFX from "./PostFX";
  24 | import styles from "./Experience.module.css";

Import trace:
  Client Component Browser:
    ./components/canvas/Experience.jsx [Client Component Browser]
    ./components/canvas/ExperienceLoader.jsx [Client Component Browser]
    ./components/canvas/ExperienceLoader.jsx [Server Component]
    ./app/page.js [Server Component]

https://nextjs.org/docs/messages/module-not-found @ http://localhost:3000/_next/static/chunks/node_modules_next_dist_1e8vcs8._.js:1052
[62696051ms] [ERROR] ./components/canvas/Experience.jsx:19:1
Error: Module not found: Can't resolve './scenes/RwaNode'
  17 | import CollectionsField from "./scenes/CollectionsField";
  18 | import ChainsField from "./scenes/ChainsField";
> 19 | import RwaNode from "./scenes/RwaNode";
     | ^^^^^^^^^^^^^^^^^^^^^^^^^^^^^^^^^^^^^^^
  20 | import UniverseField from "./scenes/UniverseField";
  21 | import NffcSystem from "./scenes/NffcSystem";
  22 | import GalaxyConnections from "./scenes/GalaxyConnections";

Import trace:
  Client Component Browser:
    ./components/canvas/Experience.jsx [Client Component Browser]
    ./components/canvas/ExperienceLoader.jsx [Client Component Browser]
    ./components/canvas/ExperienceLoader.jsx [Server Component]
    ./app/page.js [Server Component]

https://nextjs.org/docs/messages/module-not-found @ http://localhost:3000/_next/static/chunks/node_modules_next_dist_1e8vcs8._.js:1052
[62696051ms] [ERROR] ./app/page.js:5:1
Error: Module not found: Can't resolve '@/components/dom/ChainLabels'
  3 | import MicroHud from "@/components/dom/MicroHud";
  4 | import ChapterLettering from "@/components/dom/ChapterLettering";
> 5 | import ChainLabels from "@/components/dom/ChainLabels";
    | ^^^^^^^^^^^^^^^^^^^^^^^^^^^^^^^^^^^^^^^^^^^^^^^^^^^^^^^
  6 | import NebulaMessages from "@/components/dom/NebulaMessages";
  7 | import OrbitalRingLabels from "@/components/dom/OrbitalRingLabels";
  8 | import NffcIdentityCard from "@/components/dom/NffcIdentityCard";

Import map: aliased to relative './components/dom/ChainLabels' inside of [project]/

https://nextjs.org/docs/messages/module-not-found @ http://localhost:3000/_next/static/chunks/node_modules_next_dist_1e8vcs8._.js:1052
[62696051ms] [ERROR] ./app/page.js:9:1
Error: Module not found: Can't resolve '@/components/dom/MarketStats'
   7 | import OrbitalRingLabels from "@/components/dom/OrbitalRingLabels";
   8 | import NffcIdentityCard from "@/components/dom/NffcIdentityCard";
>  9 | import MarketStats from "@/components/dom/MarketStats";
     | ^^^^^^^^^^^^^^^^^^^^^^^^^^^^^^^^^^^^^^^^^^^^^^^^^^^^^^^
  10 | import FinalCta from "@/components/dom/FinalCta";
  11 | import Letterbox from "@/components/dom/Letterbox";
  12 | import ExperienceLoader from "@/components/canvas/ExperienceLoader";

Import map: aliased to relative './components/dom/MarketStats' inside of [project]/

https://nextjs.org/docs/messages/module-not-found @ http://localhost:3000/_next/static/chunks/node_modules_next_dist_1e8vcs8._.js:1052
[62696052ms] [ERROR] ./app/page.js:8:1
Error: Module not found: Can't resolve '@/components/dom/NffcIdentityCard'
   6 | import NebulaMessages from "@/components/dom/NebulaMessages";
   7 | import OrbitalRingLabels from "@/components/dom/OrbitalRingLabels";
>  8 | import NffcIdentityCard from "@/components/dom/NffcIdentityCard";
     | ^^^^^^^^^^^^^^^^^^^^^^^^^^^^^^^^^^^^^^^^^^^^^^^^^^^^^^^^^^^^^^^^^
   9 | import MarketStats from "@/components/dom/MarketStats";
  10 | import FinalCta from "@/components/dom/FinalCta";
  11 | import Letterbox from "@/components/dom/Letterbox";

Import map: aliased to relative './components/dom/NffcIdentityCard' inside of [project]/

https://nextjs.org/docs/messages/module-not-found @ http://localhost:3000/_next/static/chunks/node_modules_next_dist_1e8vcs8._.js:1052
[62696052ms] [ERROR] ./app/page.js:7:1
Error: Module not found: Can't resolve '@/components/dom/OrbitalRingLabels'
   5 | import ChainLabels from "@/components/dom/ChainLabels";
   6 | import NebulaMessages from "@/components/dom/NebulaMessages";
>  7 | import OrbitalRingLabels from "@/components/dom/OrbitalRingLabels";
     | ^^^^^^^^^^^^^^^^^^^^^^^^^^^^^^^^^^^^^^^^^^^^^^^^^^^^^^^^^^^^^^^^^^^
   8 | import NffcIdentityCard from "@/components/dom/NffcIdentityCard";
   9 | import MarketStats from "@/components/dom/MarketStats";
  10 | import FinalCta from "@/components/dom/FinalCta";

Import map: aliased to relative './components/dom/OrbitalRingLabels' inside of [project]/

https://nextjs.org/docs/messages/module-not-found @ http://localhost:3000/_next/static/chunks/node_modules_next_dist_1e8vcs8._.js:1052
[62696091ms] [LOG] [Fast Refresh] rebuilding @ http://localhost:3000/_next/static/chunks/node_modules_next_dist_1e8vcs8._.js:776
[62709104ms] [ERROR] ./components/canvas/Experience.jsx:18:1
Error: Module not found: Can't resolve './scenes/ChainsField'
  16 | import DigitalGrid from "./scenes/DigitalGrid";
  17 | import CollectionsField from "./scenes/CollectionsField";
> 18 | import ChainsField from "./scenes/ChainsField";
     | ^^^^^^^^^^^^^^^^^^^^^^^^^^^^^^^^^^^^^^^^^^^^^^^
  19 | import RwaNode from "./scenes/RwaNode";
  20 | import UniverseField from "./scenes/UniverseField";
  21 | import NffcSystem from "./scenes/NffcSystem";

Import trace:
  Client Component Browser:
    ./components/canvas/Experience.jsx [Client Component Browser]
    ./components/canvas/ExperienceLoader.jsx [Client Component Browser]
    ./components/canvas/ExperienceLoader.jsx [Server Component]
    ./app/page.js [Server Component]

https://nextjs.org/docs/messages/module-not-found @ http://localhost:3000/_next/static/chunks/node_modules_next_dist_1e8vcs8._.js:1052
[62709105ms] [ERROR] ./components/canvas/Experience.jsx:17:1
Error: Module not found: Can't resolve './scenes/CollectionsField'
  15 | import NftEmergence from "./scenes/NftEmergence";
  16 | import DigitalGrid from "./scenes/DigitalGrid";
> 17 | import CollectionsField from "./scenes/CollectionsField";
     | ^^^^^^^^^^^^^^^^^^^^^^^^^^^^^^^^^^^^^^^^^^^^^^^^^^^^^^^^^
  18 | import ChainsField from "./scenes/ChainsField";
  19 | import RwaNode from "./scenes/RwaNode";
  20 | import UniverseField from "./scenes/UniverseField";

Import trace:
  Client Component Browser:
    ./components/canvas/Experience.jsx [Client Component Browser]
    ./components/canvas/ExperienceLoader.jsx [Client Component Browser]
    ./components/canvas/ExperienceLoader.jsx [Server Component]
    ./app/page.js [Server Component]

https://nextjs.org/docs/messages/module-not-found @ http://localhost:3000/_next/static/chunks/node_modules_next_dist_1e8vcs8._.js:1052
[62709105ms] [ERROR] ./components/canvas/Experience.jsx:22:1
Error: Module not found: Can't resolve './scenes/GalaxyConnections'
  20 | import UniverseField from "./scenes/UniverseField";
  21 | import NffcSystem from "./scenes/NffcSystem";
> 22 | import GalaxyConnections from "./scenes/GalaxyConnections";
     | ^^^^^^^^^^^^^^^^^^^^^^^^^^^^^^^^^^^^^^^^^^^^^^^^^^^^^^^^^^^
  23 | import PostFX from "./PostFX";
  24 | import styles from "./Experience.module.css";
  25 | import { isMobile, CINEMATIC, BIGBANG } from "@/lib/tuning";

Import trace:
  Client Component Browser:
    ./components/canvas/Experience.jsx [Client Component Browser]
    ./components/canvas/ExperienceLoader.jsx [Client Component Browser]
    ./components/canvas/ExperienceLoader.jsx [Server Component]
    ./app/page.js [Server Component]

https://nextjs.org/docs/messages/module-not-found @ http://localhost:3000/_next/static/chunks/node_modules_next_dist_1e8vcs8._.js:1052
[62709105ms] [ERROR] ./components/canvas/Experience.jsx:21:1
Error: Module not found: Can't resolve './scenes/NffcSystem'
  19 | import RwaNode from "./scenes/RwaNode";
  20 | import UniverseField from "./scenes/UniverseField";
> 21 | import NffcSystem from "./scenes/NffcSystem";
     | ^^^^^^^^^^^^^^^^^^^^^^^^^^^^^^^^^^^^^^^^^^^^^
  22 | import GalaxyConnections from "./scenes/GalaxyConnections";
  23 | import PostFX from "./PostFX";
  24 | import styles from "./Experience.module.css";

Import trace:
  Client Component Browser:
    ./components/canvas/Experience.jsx [Client Component Browser]
    ./components/canvas/ExperienceLoader.jsx [Client Component Browser]
    ./components/canvas/ExperienceLoader.jsx [Server Component]
    ./app/page.js [Server Component]

https://nextjs.org/docs/messages/module-not-found @ http://localhost:3000/_next/static/chunks/node_modules_next_dist_1e8vcs8._.js:1052
[62709105ms] [ERROR] ./components/canvas/Experience.jsx:19:1
Error: Module not found: Can't resolve './scenes/RwaNode'
  17 | import CollectionsField from "./scenes/CollectionsField";
  18 | import ChainsField from "./scenes/ChainsField";
> 19 | import RwaNode from "./scenes/RwaNode";
     | ^^^^^^^^^^^^^^^^^^^^^^^^^^^^^^^^^^^^^^^
  20 | import UniverseField from "./scenes/UniverseField";
  21 | import NffcSystem from "./scenes/NffcSystem";
  22 | import GalaxyConnections from "./scenes/GalaxyConnections";

Import trace:
  Client Component Browser:
    ./components/canvas/Experience.jsx [Client Component Browser]
    ./components/canvas/ExperienceLoader.jsx [Client Component Browser]
    ./components/canvas/ExperienceLoader.jsx [Server Component]
    ./app/page.js [Server Component]

https://nextjs.org/docs/messages/module-not-found @ http://localhost:3000/_next/static/chunks/node_modules_next_dist_1e8vcs8._.js:1052
[62709105ms] [ERROR] ./app/page.js:5:1
Error: Module not found: Can't resolve '@/components/dom/ChainLabels'
  3 | import MicroHud from "@/components/dom/MicroHud";
  4 | import ChapterLettering from "@/components/dom/ChapterLettering";
> 5 | import ChainLabels from "@/components/dom/ChainLabels";
    | ^^^^^^^^^^^^^^^^^^^^^^^^^^^^^^^^^^^^^^^^^^^^^^^^^^^^^^^
  6 | import NebulaMessages from "@/components/dom/NebulaMessages";
  7 | import OrbitalRingLabels from "@/components/dom/OrbitalRingLabels";
  8 | import NffcIdentityCard from "@/components/dom/NffcIdentityCard";

Import map: aliased to relative './components/dom/ChainLabels' inside of [project]/

https://nextjs.org/docs/messages/module-not-found @ http://localhost:3000/_next/static/chunks/node_modules_next_dist_1e8vcs8._.js:1052
[62709105ms] [ERROR] ./app/page.js:9:1
Error: Module not found: Can't resolve '@/components/dom/MarketStats'
   7 | import OrbitalRingLabels from "@/components/dom/OrbitalRingLabels";
   8 | import NffcIdentityCard from "@/components/dom/NffcIdentityCard";
>  9 | import MarketStats from "@/components/dom/MarketStats";
     | ^^^^^^^^^^^^^^^^^^^^^^^^^^^^^^^^^^^^^^^^^^^^^^^^^^^^^^^
  10 | import FinalCta from "@/components/dom/FinalCta";
  11 | import Letterbox from "@/components/dom/Letterbox";
  12 | import ExperienceLoader from "@/components/canvas/ExperienceLoader";

Import map: aliased to relative './components/dom/MarketStats' inside of [project]/

https://nextjs.org/docs/messages/module-not-found @ http://localhost:3000/_next/static/chunks/node_modules_next_dist_1e8vcs8._.js:1052
[62709106ms] [ERROR] ./app/page.js:8:1
Error: Module not found: Can't resolve '@/components/dom/NffcIdentityCard'
   6 | import NebulaMessages from "@/components/dom/NebulaMessages";
   7 | import OrbitalRingLabels from "@/components/dom/OrbitalRingLabels";
>  8 | import NffcIdentityCard from "@/components/dom/NffcIdentityCard";
     | ^^^^^^^^^^^^^^^^^^^^^^^^^^^^^^^^^^^^^^^^^^^^^^^^^^^^^^^^^^^^^^^^^
   9 | import MarketStats from "@/components/dom/MarketStats";
  10 | import FinalCta from "@/components/dom/FinalCta";
  11 | import Letterbox from "@/components/dom/Letterbox";

Import map: aliased to relative './components/dom/NffcIdentityCard' inside of [project]/

https://nextjs.org/docs/messages/module-not-found @ http://localhost:3000/_next/static/chunks/node_modules_next_dist_1e8vcs8._.js:1052
[62709106ms] [ERROR] ./app/page.js:7:1
Error: Module not found: Can't resolve '@/components/dom/OrbitalRingLabels'
   5 | import ChainLabels from "@/components/dom/ChainLabels";
   6 | import NebulaMessages from "@/components/dom/NebulaMessages";
>  7 | import OrbitalRingLabels from "@/components/dom/OrbitalRingLabels";
     | ^^^^^^^^^^^^^^^^^^^^^^^^^^^^^^^^^^^^^^^^^^^^^^^^^^^^^^^^^^^^^^^^^^^
   8 | import NffcIdentityCard from "@/components/dom/NffcIdentityCard";
   9 | import MarketStats from "@/components/dom/MarketStats";
  10 | import FinalCta from "@/components/dom/FinalCta";

Import map: aliased to relative './components/dom/OrbitalRingLabels' inside of [project]/

https://nextjs.org/docs/messages/module-not-found @ http://localhost:3000/_next/static/chunks/node_modules_next_dist_1e8vcs8._.js:1052
[62709249ms] [ERROR] ./components/canvas/Experience.jsx:18:1
Error: Module not found: Can't resolve './scenes/ChainsField'
  16 | import DigitalGrid from "./scenes/DigitalGrid";
  17 | import CollectionsField from "./scenes/CollectionsField";
> 18 | import ChainsField from "./scenes/ChainsField";
     | ^^^^^^^^^^^^^^^^^^^^^^^^^^^^^^^^^^^^^^^^^^^^^^^
  19 | import RwaNode from "./scenes/RwaNode";
  20 | import UniverseField from "./scenes/UniverseField";
  21 | import NffcSystem from "./scenes/NffcSystem";

Import trace:
  Client Component Browser:
    ./components/canvas/Experience.jsx [Client Component Browser]
    ./components/canvas/ExperienceLoader.jsx [Client Component Browser]
    ./components/canvas/ExperienceLoader.jsx [Server Component]
    ./app/page.js [Server Component]

https://nextjs.org/docs/messages/module-not-found @ http://localhost:3000/_next/static/chunks/node_modules_next_dist_1e8vcs8._.js:1052
[62709249ms] [ERROR] ./components/canvas/Experience.jsx:17:1
Error: Module not found: Can't resolve './scenes/CollectionsField'
  15 | import NftEmergence from "./scenes/NftEmergence";
  16 | import DigitalGrid from "./scenes/DigitalGrid";
> 17 | import CollectionsField from "./scenes/CollectionsField";
     | ^^^^^^^^^^^^^^^^^^^^^^^^^^^^^^^^^^^^^^^^^^^^^^^^^^^^^^^^^
  18 | import ChainsField from "./scenes/ChainsField";
  19 | import RwaNode from "./scenes/RwaNode";
  20 | import UniverseField from "./scenes/UniverseField";

Import trace:
  Client Component Browser:
    ./components/canvas/Experience.jsx [Client Component Browser]
    ./components/canvas/ExperienceLoader.jsx [Client Component Browser]
    ./components/canvas/ExperienceLoader.jsx [Server Component]
    ./app/page.js [Server Component]

https://nextjs.org/docs/messages/module-not-found @ http://localhost:3000/_next/static/chunks/node_modules_next_dist_1e8vcs8._.js:1052
[62709249ms] [ERROR] ./components/canvas/Experience.jsx:22:1
Error: Module not found: Can't resolve './scenes/GalaxyConnections'
  20 | import UniverseField from "./scenes/UniverseField";
  21 | import NffcSystem from "./scenes/NffcSystem";
> 22 | import GalaxyConnections from "./scenes/GalaxyConnections";
     | ^^^^^^^^^^^^^^^^^^^^^^^^^^^^^^^^^^^^^^^^^^^^^^^^^^^^^^^^^^^
  23 | import PostFX from "./PostFX";
  24 | import styles from "./Experience.module.css";
  25 | import { isMobile, CINEMATIC, BIGBANG } from "@/lib/tuning";

Import trace:
  Client Component Browser:
    ./components/canvas/Experience.jsx [Client Component Browser]
    ./components/canvas/ExperienceLoader.jsx [Client Component Browser]
    ./components/canvas/ExperienceLoader.jsx [Server Component]
    ./app/page.js [Server Component]

https://nextjs.org/docs/messages/module-not-found @ http://localhost:3000/_next/static/chunks/node_modules_next_dist_1e8vcs8._.js:1052
[62709249ms] [ERROR] ./components/canvas/Experience.jsx:21:1
Error: Module not found: Can't resolve './scenes/NffcSystem'
  19 | import RwaNode from "./scenes/RwaNode";
  20 | import UniverseField from "./scenes/UniverseField";
> 21 | import NffcSystem from "./scenes/NffcSystem";
     | ^^^^^^^^^^^^^^^^^^^^^^^^^^^^^^^^^^^^^^^^^^^^^
  22 | import GalaxyConnections from "./scenes/GalaxyConnections";
  23 | import PostFX from "./PostFX";
  24 | import styles from "./Experience.module.css";

Import trace:
  Client Component Browser:
    ./components/canvas/Experience.jsx [Client Component Browser]
    ./components/canvas/ExperienceLoader.jsx [Client Component Browser]
    ./components/canvas/ExperienceLoader.jsx [Server Component]
    ./app/page.js [Server Component]

https://nextjs.org/docs/messages/module-not-found @ http://localhost:3000/_next/static/chunks/node_modules_next_dist_1e8vcs8._.js:1052
[62709250ms] [ERROR] ./components/canvas/Experience.jsx:19:1
Error: Module not found: Can't resolve './scenes/RwaNode'
  17 | import CollectionsField from "./scenes/CollectionsField";
  18 | import ChainsField from "./scenes/ChainsField";
> 19 | import RwaNode from "./scenes/RwaNode";
     | ^^^^^^^^^^^^^^^^^^^^^^^^^^^^^^^^^^^^^^^
  20 | import UniverseField from "./scenes/UniverseField";
  21 | import NffcSystem from "./scenes/NffcSystem";
  22 | import GalaxyConnections from "./scenes/GalaxyConnections";

Import trace:
  Client Component Browser:
    ./components/canvas/Experience.jsx [Client Component Browser]
    ./components/canvas/ExperienceLoader.jsx [Client Component Browser]
    ./components/canvas/ExperienceLoader.jsx [Server Component]
    ./app/page.js [Server Component]

https://nextjs.org/docs/messages/module-not-found @ http://localhost:3000/_next/static/chunks/node_modules_next_dist_1e8vcs8._.js:1052
[62709250ms] [ERROR] ./app/page.js:5:1
Error: Module not found: Can't resolve '@/components/dom/ChainLabels'
  3 | import MicroHud from "@/components/dom/MicroHud";
  4 | import ChapterLettering from "@/components/dom/ChapterLettering";
> 5 | import ChainLabels from "@/components/dom/ChainLabels";
    | ^^^^^^^^^^^^^^^^^^^^^^^^^^^^^^^^^^^^^^^^^^^^^^^^^^^^^^^
  6 | import NebulaMessages from "@/components/dom/NebulaMessages";
  7 | import OrbitalRingLabels from "@/components/dom/OrbitalRingLabels";
  8 | import NffcIdentityCard from "@/components/dom/NffcIdentityCard";

Import map: aliased to relative './components/dom/ChainLabels' inside of [project]/

https://nextjs.org/docs/messages/module-not-found @ http://localhost:3000/_next/static/chunks/node_modules_next_dist_1e8vcs8._.js:1052
[62709250ms] [ERROR] ./app/page.js:9:1
Error: Module not found: Can't resolve '@/components/dom/MarketStats'
   7 | import OrbitalRingLabels from "@/components/dom/OrbitalRingLabels";
   8 | import NffcIdentityCard from "@/components/dom/NffcIdentityCard";
>  9 | import MarketStats from "@/components/dom/MarketStats";
     | ^^^^^^^^^^^^^^^^^^^^^^^^^^^^^^^^^^^^^^^^^^^^^^^^^^^^^^^
  10 | import FinalCta from "@/components/dom/FinalCta";
  11 | import Letterbox from "@/components/dom/Letterbox";
  12 | import ExperienceLoader from "@/components/canvas/ExperienceLoader";

Import map: aliased to relative './components/dom/MarketStats' inside of [project]/

https://nextjs.org/docs/messages/module-not-found @ http://localhost:3000/_next/static/chunks/node_modules_next_dist_1e8vcs8._.js:1052
[62709250ms] [ERROR] ./app/page.js:8:1
Error: Module not found: Can't resolve '@/components/dom/NffcIdentityCard'
   6 | import NebulaMessages from "@/components/dom/NebulaMessages";
   7 | import OrbitalRingLabels from "@/components/dom/OrbitalRingLabels";
>  8 | import NffcIdentityCard from "@/components/dom/NffcIdentityCard";
     | ^^^^^^^^^^^^^^^^^^^^^^^^^^^^^^^^^^^^^^^^^^^^^^^^^^^^^^^^^^^^^^^^^
   9 | import MarketStats from "@/components/dom/MarketStats";
  10 | import FinalCta from "@/components/dom/FinalCta";
  11 | import Letterbox from "@/components/dom/Letterbox";

Import map: aliased to relative './components/dom/NffcIdentityCard' inside of [project]/

https://nextjs.org/docs/messages/module-not-found @ http://localhost:3000/_next/static/chunks/node_modules_next_dist_1e8vcs8._.js:1052
[62709250ms] [ERROR] ./app/page.js:7:1
Error: Module not found: Can't resolve '@/components/dom/OrbitalRingLabels'
   5 | import ChainLabels from "@/components/dom/ChainLabels";
   6 | import NebulaMessages from "@/components/dom/NebulaMessages";
>  7 | import OrbitalRingLabels from "@/components/dom/OrbitalRingLabels";
     | ^^^^^^^^^^^^^^^^^^^^^^^^^^^^^^^^^^^^^^^^^^^^^^^^^^^^^^^^^^^^^^^^^^^
   8 | import NffcIdentityCard from "@/components/dom/NffcIdentityCard";
   9 | import MarketStats from "@/components/dom/MarketStats";
  10 | import FinalCta from "@/components/dom/FinalCta";

Import map: aliased to relative './components/dom/OrbitalRingLabels' inside of [project]/

https://nextjs.org/docs/messages/module-not-found @ http://localhost:3000/_next/static/chunks/node_modules_next_dist_1e8vcs8._.js:1052
[62709291ms] [LOG] [Fast Refresh] rebuilding @ http://localhost:3000/_next/static/chunks/node_modules_next_dist_1e8vcs8._.js:776
[62739032ms] [ERROR] ./components/canvas/Experience.jsx:18:1
Error: Module not found: Can't resolve './scenes/ChainsField'
  16 | import DigitalGrid from "./scenes/DigitalGrid";
  17 | import CollectionsField from "./scenes/CollectionsField";
> 18 | import ChainsField from "./scenes/ChainsField";
     | ^^^^^^^^^^^^^^^^^^^^^^^^^^^^^^^^^^^^^^^^^^^^^^^
  19 | import RwaNode from "./scenes/RwaNode";
  20 | import UniverseField from "./scenes/UniverseField";
  21 | import NffcSystem from "./scenes/NffcSystem";

Import trace:
  Client Component Browser:
    ./components/canvas/Experience.jsx [Client Component Browser]
    ./components/canvas/ExperienceLoader.jsx [Client Component Browser]
    ./components/canvas/ExperienceLoader.jsx [Server Component]
    ./app/page.js [Server Component]

https://nextjs.org/docs/messages/module-not-found @ http://localhost:3000/_next/static/chunks/node_modules_next_dist_1e8vcs8._.js:1052
[62739032ms] [ERROR] ./components/canvas/Experience.jsx:17:1
Error: Module not found: Can't resolve './scenes/CollectionsField'
  15 | import NftEmergence from "./scenes/NftEmergence";
  16 | import DigitalGrid from "./scenes/DigitalGrid";
> 17 | import CollectionsField from "./scenes/CollectionsField";
     | ^^^^^^^^^^^^^^^^^^^^^^^^^^^^^^^^^^^^^^^^^^^^^^^^^^^^^^^^^
  18 | import ChainsField from "./scenes/ChainsField";
  19 | import RwaNode from "./scenes/RwaNode";
  20 | import UniverseField from "./scenes/UniverseField";

Import trace:
  Client Component Browser:
    ./components/canvas/Experience.jsx [Client Component Browser]
    ./components/canvas/ExperienceLoader.jsx [Client Component Browser]
    ./components/canvas/ExperienceLoader.jsx [Server Component]
    ./app/page.js [Server Component]

https://nextjs.org/docs/messages/module-not-found @ http://localhost:3000/_next/static/chunks/node_modules_next_dist_1e8vcs8._.js:1052
[62739032ms] [ERROR] ./components/canvas/Experience.jsx:22:1
Error: Module not found: Can't resolve './scenes/GalaxyConnections'
  20 | import UniverseField from "./scenes/UniverseField";
  21 | import NffcSystem from "./scenes/NffcSystem";
> 22 | import GalaxyConnections from "./scenes/GalaxyConnections";
     | ^^^^^^^^^^^^^^^^^^^^^^^^^^^^^^^^^^^^^^^^^^^^^^^^^^^^^^^^^^^
  23 | import PostFX from "./PostFX";
  24 | import styles from "./Experience.module.css";
  25 | import { isMobile, CINEMATIC, BIGBANG } from "@/lib/tuning";

Import trace:
  Client Component Browser:
    ./components/canvas/Experience.jsx [Client Component Browser]
    ./components/canvas/ExperienceLoader.jsx [Client Component Browser]
    ./components/canvas/ExperienceLoader.jsx [Server Component]
    ./app/page.js [Server Component]

https://nextjs.org/docs/messages/module-not-found @ http://localhost:3000/_next/static/chunks/node_modules_next_dist_1e8vcs8._.js:1052
[62739033ms] [ERROR] ./components/canvas/Experience.jsx:21:1
Error: Module not found: Can't resolve './scenes/NffcSystem'
  19 | import RwaNode from "./scenes/RwaNode";
  20 | import UniverseField from "./scenes/UniverseField";
> 21 | import NffcSystem from "./scenes/NffcSystem";
     | ^^^^^^^^^^^^^^^^^^^^^^^^^^^^^^^^^^^^^^^^^^^^^
  22 | import GalaxyConnections from "./scenes/GalaxyConnections";
  23 | import PostFX from "./PostFX";
  24 | import styles from "./Experience.module.css";

Import trace:
  Client Component Browser:
    ./components/canvas/Experience.jsx [Client Component Browser]
    ./components/canvas/ExperienceLoader.jsx [Client Component Browser]
    ./components/canvas/ExperienceLoader.jsx [Server Component]
    ./app/page.js [Server Component]

https://nextjs.org/docs/messages/module-not-found @ http://localhost:3000/_next/static/chunks/node_modules_next_dist_1e8vcs8._.js:1052
[62739033ms] [ERROR] ./components/canvas/Experience.jsx:19:1
Error: Module not found: Can't resolve './scenes/RwaNode'
  17 | import CollectionsField from "./scenes/CollectionsField";
  18 | import ChainsField from "./scenes/ChainsField";
> 19 | import RwaNode from "./scenes/RwaNode";
     | ^^^^^^^^^^^^^^^^^^^^^^^^^^^^^^^^^^^^^^^
  20 | import UniverseField from "./scenes/UniverseField";
  21 | import NffcSystem from "./scenes/NffcSystem";
  22 | import GalaxyConnections from "./scenes/GalaxyConnections";

Import trace:
  Client Component Browser:
    ./components/canvas/Experience.jsx [Client Component Browser]
    ./components/canvas/ExperienceLoader.jsx [Client Component Browser]
    ./components/canvas/ExperienceLoader.jsx [Server Component]
    ./app/page.js [Server Component]

https://nextjs.org/docs/messages/module-not-found @ http://localhost:3000/_next/static/chunks/node_modules_next_dist_1e8vcs8._.js:1052
[62739033ms] [ERROR] ./app/page.js:5:1
Error: Module not found: Can't resolve '@/components/dom/ChainLabels'
  3 | import MicroHud from "@/components/dom/MicroHud";
  4 | import ChapterLettering from "@/components/dom/ChapterLettering";
> 5 | import ChainLabels from "@/components/dom/ChainLabels";
    | ^^^^^^^^^^^^^^^^^^^^^^^^^^^^^^^^^^^^^^^^^^^^^^^^^^^^^^^
  6 | import NebulaMessages from "@/components/dom/NebulaMessages";
  7 | import OrbitalRingLabels from "@/components/dom/OrbitalRingLabels";
  8 | import NffcIdentityCard from "@/components/dom/NffcIdentityCard";

Import map: aliased to relative './components/dom/ChainLabels' inside of [project]/

https://nextjs.org/docs/messages/module-not-found @ http://localhost:3000/_next/static/chunks/node_modules_next_dist_1e8vcs8._.js:1052
[62739033ms] [ERROR] ./app/page.js:9:1
Error: Module not found: Can't resolve '@/components/dom/MarketStats'
   7 | import OrbitalRingLabels from "@/components/dom/OrbitalRingLabels";
   8 | import NffcIdentityCard from "@/components/dom/NffcIdentityCard";
>  9 | import MarketStats from "@/components/dom/MarketStats";
     | ^^^^^^^^^^^^^^^^^^^^^^^^^^^^^^^^^^^^^^^^^^^^^^^^^^^^^^^
  10 | import FinalCta from "@/components/dom/FinalCta";
  11 | import Letterbox from "@/components/dom/Letterbox";
  12 | import ExperienceLoader from "@/components/canvas/ExperienceLoader";

Import map: aliased to relative './components/dom/MarketStats' inside of [project]/

https://nextjs.org/docs/messages/module-not-found @ http://localhost:3000/_next/static/chunks/node_modules_next_dist_1e8vcs8._.js:1052
[62739033ms] [ERROR] ./app/page.js:8:1
Error: Module not found: Can't resolve '@/components/dom/NffcIdentityCard'
   6 | import NebulaMessages from "@/components/dom/NebulaMessages";
   7 | import OrbitalRingLabels from "@/components/dom/OrbitalRingLabels";
>  8 | import NffcIdentityCard from "@/components/dom/NffcIdentityCard";
     | ^^^^^^^^^^^^^^^^^^^^^^^^^^^^^^^^^^^^^^^^^^^^^^^^^^^^^^^^^^^^^^^^^
   9 | import MarketStats from "@/components/dom/MarketStats";
  10 | import FinalCta from "@/components/dom/FinalCta";
  11 | import Letterbox from "@/components/dom/Letterbox";

Import map: aliased to relative './components/dom/NffcIdentityCard' inside of [project]/

https://nextjs.org/docs/messages/module-not-found @ http://localhost:3000/_next/static/chunks/node_modules_next_dist_1e8vcs8._.js:1052
[62739033ms] [ERROR] ./app/page.js:7:1
Error: Module not found: Can't resolve '@/components/dom/OrbitalRingLabels'
   5 | import ChainLabels from "@/components/dom/ChainLabels";
   6 | import NebulaMessages from "@/components/dom/NebulaMessages";
>  7 | import OrbitalRingLabels from "@/components/dom/OrbitalRingLabels";
     | ^^^^^^^^^^^^^^^^^^^^^^^^^^^^^^^^^^^^^^^^^^^^^^^^^^^^^^^^^^^^^^^^^^^
   8 | import NffcIdentityCard from "@/components/dom/NffcIdentityCard";
   9 | import MarketStats from "@/components/dom/MarketStats";
  10 | import FinalCta from "@/components/dom/FinalCta";

Import map: aliased to relative './components/dom/OrbitalRingLabels' inside of [project]/

https://nextjs.org/docs/messages/module-not-found @ http://localhost:3000/_next/static/chunks/node_modules_next_dist_1e8vcs8._.js:1052
[62739178ms] [ERROR] ./components/canvas/Experience.jsx:18:1
Error: Module not found: Can't resolve './scenes/ChainsField'
  16 | import DigitalGrid from "./scenes/DigitalGrid";
  17 | import CollectionsField from "./scenes/CollectionsField";
> 18 | import ChainsField from "./scenes/ChainsField";
     | ^^^^^^^^^^^^^^^^^^^^^^^^^^^^^^^^^^^^^^^^^^^^^^^
  19 | import RwaNode from "./scenes/RwaNode";
  20 | import UniverseField from "./scenes/UniverseField";
  21 | import NffcSystem from "./scenes/NffcSystem";

Import trace:
  Client Component Browser:
    ./components/canvas/Experience.jsx [Client Component Browser]
    ./components/canvas/ExperienceLoader.jsx [Client Component Browser]
    ./components/canvas/ExperienceLoader.jsx [Server Component]
    ./app/page.js [Server Component]

https://nextjs.org/docs/messages/module-not-found @ http://localhost:3000/_next/static/chunks/node_modules_next_dist_1e8vcs8._.js:1052
[62739178ms] [ERROR] ./components/canvas/Experience.jsx:17:1
Error: Module not found: Can't resolve './scenes/CollectionsField'
  15 | import NftEmergence from "./scenes/NftEmergence";
  16 | import DigitalGrid from "./scenes/DigitalGrid";
> 17 | import CollectionsField from "./scenes/CollectionsField";
     | ^^^^^^^^^^^^^^^^^^^^^^^^^^^^^^^^^^^^^^^^^^^^^^^^^^^^^^^^^
  18 | import ChainsField from "./scenes/ChainsField";
  19 | import RwaNode from "./scenes/RwaNode";
  20 | import UniverseField from "./scenes/UniverseField";

Import trace:
  Client Component Browser:
    ./components/canvas/Experience.jsx [Client Component Browser]
    ./components/canvas/ExperienceLoader.jsx [Client Component Browser]
    ./components/canvas/ExperienceLoader.jsx [Server Component]
    ./app/page.js [Server Component]

https://nextjs.org/docs/messages/module-not-found @ http://localhost:3000/_next/static/chunks/node_modules_next_dist_1e8vcs8._.js:1052
[62739179ms] [ERROR] ./components/canvas/Experience.jsx:22:1
Error: Module not found: Can't resolve './scenes/GalaxyConnections'
  20 | import UniverseField from "./scenes/UniverseField";
  21 | import NffcSystem from "./scenes/NffcSystem";
> 22 | import GalaxyConnections from "./scenes/GalaxyConnections";
     | ^^^^^^^^^^^^^^^^^^^^^^^^^^^^^^^^^^^^^^^^^^^^^^^^^^^^^^^^^^^
  23 | import PostFX from "./PostFX";
  24 | import styles from "./Experience.module.css";
  25 | import { isMobile, CINEMATIC, BIGBANG } from "@/lib/tuning";

Import trace:
  Client Component Browser:
    ./components/canvas/Experience.jsx [Client Component Browser]
    ./components/canvas/ExperienceLoader.jsx [Client Component Browser]
    ./components/canvas/ExperienceLoader.jsx [Server Component]
    ./app/page.js [Server Component]

https://nextjs.org/docs/messages/module-not-found @ http://localhost:3000/_next/static/chunks/node_modules_next_dist_1e8vcs8._.js:1052
[62739179ms] [ERROR] ./components/canvas/Experience.jsx:21:1
Error: Module not found: Can't resolve './scenes/NffcSystem'
  19 | import RwaNode from "./scenes/RwaNode";
  20 | import UniverseField from "./scenes/UniverseField";
> 21 | import NffcSystem from "./scenes/NffcSystem";
     | ^^^^^^^^^^^^^^^^^^^^^^^^^^^^^^^^^^^^^^^^^^^^^
  22 | import GalaxyConnections from "./scenes/GalaxyConnections";
  23 | import PostFX from "./PostFX";
  24 | import styles from "./Experience.module.css";

Import trace:
  Client Component Browser:
    ./components/canvas/Experience.jsx [Client Component Browser]
    ./components/canvas/ExperienceLoader.jsx [Client Component Browser]
    ./components/canvas/ExperienceLoader.jsx [Server Component]
    ./app/page.js [Server Component]

https://nextjs.org/docs/messages/module-not-found @ http://localhost:3000/_next/static/chunks/node_modules_next_dist_1e8vcs8._.js:1052
[62739179ms] [ERROR] ./components/canvas/Experience.jsx:19:1
Error: Module not found: Can't resolve './scenes/RwaNode'
  17 | import CollectionsField from "./scenes/CollectionsField";
  18 | import ChainsField from "./scenes/ChainsField";
> 19 | import RwaNode from "./scenes/RwaNode";
     | ^^^^^^^^^^^^^^^^^^^^^^^^^^^^^^^^^^^^^^^
  20 | import UniverseField from "./scenes/UniverseField";
  21 | import NffcSystem from "./scenes/NffcSystem";
  22 | import GalaxyConnections from "./scenes/GalaxyConnections";

Import trace:
  Client Component Browser:
    ./components/canvas/Experience.jsx [Client Component Browser]
    ./components/canvas/ExperienceLoader.jsx [Client Component Browser]
    ./components/canvas/ExperienceLoader.jsx [Server Component]
    ./app/page.js [Server Component]

https://nextjs.org/docs/messages/module-not-found @ http://localhost:3000/_next/static/chunks/node_modules_next_dist_1e8vcs8._.js:1052
[62739179ms] [ERROR] ./app/page.js:5:1
Error: Module not found: Can't resolve '@/components/dom/ChainLabels'
  3 | import MicroHud from "@/components/dom/MicroHud";
  4 | import ChapterLettering from "@/components/dom/ChapterLettering";
> 5 | import ChainLabels from "@/components/dom/ChainLabels";
    | ^^^^^^^^^^^^^^^^^^^^^^^^^^^^^^^^^^^^^^^^^^^^^^^^^^^^^^^
  6 | import NebulaMessages from "@/components/dom/NebulaMessages";
  7 | import OrbitalRingLabels from "@/components/dom/OrbitalRingLabels";
  8 | import NffcIdentityCard from "@/components/dom/NffcIdentityCard";

Import map: aliased to relative './components/dom/ChainLabels' inside of [project]/

https://nextjs.org/docs/messages/module-not-found @ http://localhost:3000/_next/static/chunks/node_modules_next_dist_1e8vcs8._.js:1052
[62739179ms] [ERROR] ./app/page.js:9:1
Error: Module not found: Can't resolve '@/components/dom/MarketStats'
   7 | import OrbitalRingLabels from "@/components/dom/OrbitalRingLabels";
   8 | import NffcIdentityCard from "@/components/dom/NffcIdentityCard";
>  9 | import MarketStats from "@/components/dom/MarketStats";
     | ^^^^^^^^^^^^^^^^^^^^^^^^^^^^^^^^^^^^^^^^^^^^^^^^^^^^^^^
  10 | import FinalCta from "@/components/dom/FinalCta";
  11 | import Letterbox from "@/components/dom/Letterbox";
  12 | import ExperienceLoader from "@/components/canvas/ExperienceLoader";

Import map: aliased to relative './components/dom/MarketStats' inside of [project]/

https://nextjs.org/docs/messages/module-not-found @ http://localhost:3000/_next/static/chunks/node_modules_next_dist_1e8vcs8._.js:1052
[62739179ms] [ERROR] ./app/page.js:8:1
Error: Module not found: Can't resolve '@/components/dom/NffcIdentityCard'
   6 | import NebulaMessages from "@/components/dom/NebulaMessages";
   7 | import OrbitalRingLabels from "@/components/dom/OrbitalRingLabels";
>  8 | import NffcIdentityCard from "@/components/dom/NffcIdentityCard";
     | ^^^^^^^^^^^^^^^^^^^^^^^^^^^^^^^^^^^^^^^^^^^^^^^^^^^^^^^^^^^^^^^^^
   9 | import MarketStats from "@/components/dom/MarketStats";
  10 | import FinalCta from "@/components/dom/FinalCta";
  11 | import Letterbox from "@/components/dom/Letterbox";

Import map: aliased to relative './components/dom/NffcIdentityCard' inside of [project]/

https://nextjs.org/docs/messages/module-not-found @ http://localhost:3000/_next/static/chunks/node_modules_next_dist_1e8vcs8._.js:1052
[62739180ms] [ERROR] ./app/page.js:7:1
Error: Module not found: Can't resolve '@/components/dom/OrbitalRingLabels'
   5 | import ChainLabels from "@/components/dom/ChainLabels";
   6 | import NebulaMessages from "@/components/dom/NebulaMessages";
>  7 | import OrbitalRingLabels from "@/components/dom/OrbitalRingLabels";
     | ^^^^^^^^^^^^^^^^^^^^^^^^^^^^^^^^^^^^^^^^^^^^^^^^^^^^^^^^^^^^^^^^^^^
   8 | import NffcIdentityCard from "@/components/dom/NffcIdentityCard";
   9 | import MarketStats from "@/components/dom/MarketStats";
  10 | import FinalCta from "@/components/dom/FinalCta";

Import map: aliased to relative './components/dom/OrbitalRingLabels' inside of [project]/

https://nextjs.org/docs/messages/module-not-found @ http://localhost:3000/_next/static/chunks/node_modules_next_dist_1e8vcs8._.js:1052
[62739234ms] [LOG] [Fast Refresh] rebuilding @ http://localhost:3000/_next/static/chunks/node_modules_next_dist_1e8vcs8._.js:776
[62808028ms] [ERROR] ./components/canvas/Experience.jsx:18:1
Error: Module not found: Can't resolve './scenes/ChainsField'
  16 | import DigitalGrid from "./scenes/DigitalGrid";
  17 | import CollectionsField from "./scenes/CollectionsField";
> 18 | import ChainsField from "./scenes/ChainsField";
     | ^^^^^^^^^^^^^^^^^^^^^^^^^^^^^^^^^^^^^^^^^^^^^^^
  19 | import RwaNode from "./scenes/RwaNode";
  20 | import UniverseField from "./scenes/UniverseField";
  21 | import NffcSystem from "./scenes/NffcSystem";

Import trace:
  Client Component Browser:
    ./components/canvas/Experience.jsx [Client Component Browser]
    ./components/canvas/ExperienceLoader.jsx [Client Component Browser]
    ./components/canvas/ExperienceLoader.jsx [Server Component]
    ./app/page.js [Server Component]

https://nextjs.org/docs/messages/module-not-found @ http://localhost:3000/_next/static/chunks/node_modules_next_dist_1e8vcs8._.js:1052
[62808028ms] [ERROR] ./components/canvas/Experience.jsx:17:1
Error: Module not found: Can't resolve './scenes/CollectionsField'
  15 | import NftEmergence from "./scenes/NftEmergence";
  16 | import DigitalGrid from "./scenes/DigitalGrid";
> 17 | import CollectionsField from "./scenes/CollectionsField";
     | ^^^^^^^^^^^^^^^^^^^^^^^^^^^^^^^^^^^^^^^^^^^^^^^^^^^^^^^^^
  18 | import ChainsField from "./scenes/ChainsField";
  19 | import RwaNode from "./scenes/RwaNode";
  20 | import UniverseField from "./scenes/UniverseField";

Import trace:
  Client Component Browser:
    ./components/canvas/Experience.jsx [Client Component Browser]
    ./components/canvas/ExperienceLoader.jsx [Client Component Browser]
    ./components/canvas/ExperienceLoader.jsx [Server Component]
    ./app/page.js [Server Component]

https://nextjs.org/docs/messages/module-not-found @ http://localhost:3000/_next/static/chunks/node_modules_next_dist_1e8vcs8._.js:1052
[62808028ms] [ERROR] ./components/canvas/Experience.jsx:22:1
Error: Module not found: Can't resolve './scenes/GalaxyConnections'
  20 | import UniverseField from "./scenes/UniverseField";
  21 | import NffcSystem from "./scenes/NffcSystem";
> 22 | import GalaxyConnections from "./scenes/GalaxyConnections";
     | ^^^^^^^^^^^^^^^^^^^^^^^^^^^^^^^^^^^^^^^^^^^^^^^^^^^^^^^^^^^
  23 | import PostFX from "./PostFX";
  24 | import styles from "./Experience.module.css";
  25 | import { isMobile, CINEMATIC, BIGBANG } from "@/lib/tuning";

Import trace:
  Client Component Browser:
    ./components/canvas/Experience.jsx [Client Component Browser]
    ./components/canvas/ExperienceLoader.jsx [Client Component Browser]
    ./components/canvas/ExperienceLoader.jsx [Server Component]
    ./app/page.js [Server Component]

https://nextjs.org/docs/messages/module-not-found @ http://localhost:3000/_next/static/chunks/node_modules_next_dist_1e8vcs8._.js:1052
[62808029ms] [ERROR] ./components/canvas/Experience.jsx:21:1
Error: Module not found: Can't resolve './scenes/NffcSystem'
  19 | import RwaNode from "./scenes/RwaNode";
  20 | import UniverseField from "./scenes/UniverseField";
> 21 | import NffcSystem from "./scenes/NffcSystem";
     | ^^^^^^^^^^^^^^^^^^^^^^^^^^^^^^^^^^^^^^^^^^^^^
  22 | import GalaxyConnections from "./scenes/GalaxyConnections";
  23 | import PostFX from "./PostFX";
  24 | import styles from "./Experience.module.css";

Import trace:
  Client Component Browser:
    ./components/canvas/Experience.jsx [Client Component Browser]
    ./components/canvas/ExperienceLoader.jsx [Client Component Browser]
    ./components/canvas/ExperienceLoader.jsx [Server Component]
    ./app/page.js [Server Component]

https://nextjs.org/docs/messages/module-not-found @ http://localhost:3000/_next/static/chunks/node_modules_next_dist_1e8vcs8._.js:1052
[62808029ms] [ERROR] ./components/canvas/Experience.jsx:19:1
Error: Module not found: Can't resolve './scenes/RwaNode'
  17 | import CollectionsField from "./scenes/CollectionsField";
  18 | import ChainsField from "./scenes/ChainsField";
> 19 | import RwaNode from "./scenes/RwaNode";
     | ^^^^^^^^^^^^^^^^^^^^^^^^^^^^^^^^^^^^^^^
  20 | import UniverseField from "./scenes/UniverseField";
  21 | import NffcSystem from "./scenes/NffcSystem";
  22 | import GalaxyConnections from "./scenes/GalaxyConnections";

Import trace:
  Client Component Browser:
    ./components/canvas/Experience.jsx [Client Component Browser]
    ./components/canvas/ExperienceLoader.jsx [Client Component Browser]
    ./components/canvas/ExperienceLoader.jsx [Server Component]
    ./app/page.js [Server Component]

https://nextjs.org/docs/messages/module-not-found @ http://localhost:3000/_next/static/chunks/node_modules_next_dist_1e8vcs8._.js:1052
[62808029ms] [ERROR] ./app/page.js:5:1
Error: Module not found: Can't resolve '@/components/dom/ChainLabels'
  3 | import MicroHud from "@/components/dom/MicroHud";
  4 | import ChapterLettering from "@/components/dom/ChapterLettering";
> 5 | import ChainLabels from "@/components/dom/ChainLabels";
    | ^^^^^^^^^^^^^^^^^^^^^^^^^^^^^^^^^^^^^^^^^^^^^^^^^^^^^^^
  6 | import NebulaMessages from "@/components/dom/NebulaMessages";
  7 | import OrbitalRingLabels from "@/components/dom/OrbitalRingLabels";
  8 | import NffcIdentityCard from "@/components/dom/NffcIdentityCard";

Import map: aliased to relative './components/dom/ChainLabels' inside of [project]/

https://nextjs.org/docs/messages/module-not-found @ http://localhost:3000/_next/static/chunks/node_modules_next_dist_1e8vcs8._.js:1052
[62808029ms] [ERROR] ./app/page.js:9:1
Error: Module not found: Can't resolve '@/components/dom/MarketStats'
   7 | import OrbitalRingLabels from "@/components/dom/OrbitalRingLabels";
   8 | import NffcIdentityCard from "@/components/dom/NffcIdentityCard";
>  9 | import MarketStats from "@/components/dom/MarketStats";
     | ^^^^^^^^^^^^^^^^^^^^^^^^^^^^^^^^^^^^^^^^^^^^^^^^^^^^^^^
  10 | import FinalCta from "@/components/dom/FinalCta";
  11 | import Letterbox from "@/components/dom/Letterbox";
  12 | import ExperienceLoader from "@/components/canvas/ExperienceLoader";

Import map: aliased to relative './components/dom/MarketStats' inside of [project]/

https://nextjs.org/docs/messages/module-not-found @ http://localhost:3000/_next/static/chunks/node_modules_next_dist_1e8vcs8._.js:1052
[62808029ms] [ERROR] ./app/page.js:8:1
Error: Module not found: Can't resolve '@/components/dom/NffcIdentityCard'
   6 | import NebulaMessages from "@/components/dom/NebulaMessages";
   7 | import OrbitalRingLabels from "@/components/dom/OrbitalRingLabels";
>  8 | import NffcIdentityCard from "@/components/dom/NffcIdentityCard";
     | ^^^^^^^^^^^^^^^^^^^^^^^^^^^^^^^^^^^^^^^^^^^^^^^^^^^^^^^^^^^^^^^^^
   9 | import MarketStats from "@/components/dom/MarketStats";
  10 | import FinalCta from "@/components/dom/FinalCta";
  11 | import Letterbox from "@/components/dom/Letterbox";

Import map: aliased to relative './components/dom/NffcIdentityCard' inside of [project]/

https://nextjs.org/docs/messages/module-not-found @ http://localhost:3000/_next/static/chunks/node_modules_next_dist_1e8vcs8._.js:1052
[62808029ms] [ERROR] ./app/page.js:7:1
Error: Module not found: Can't resolve '@/components/dom/OrbitalRingLabels'
   5 | import ChainLabels from "@/components/dom/ChainLabels";
   6 | import NebulaMessages from "@/components/dom/NebulaMessages";
>  7 | import OrbitalRingLabels from "@/components/dom/OrbitalRingLabels";
     | ^^^^^^^^^^^^^^^^^^^^^^^^^^^^^^^^^^^^^^^^^^^^^^^^^^^^^^^^^^^^^^^^^^^
   8 | import NffcIdentityCard from "@/components/dom/NffcIdentityCard";
   9 | import MarketStats from "@/components/dom/MarketStats";
  10 | import FinalCta from "@/components/dom/FinalCta";

Import map: aliased to relative './components/dom/OrbitalRingLabels' inside of [project]/

https://nextjs.org/docs/messages/module-not-found @ http://localhost:3000/_next/static/chunks/node_modules_next_dist_1e8vcs8._.js:1052
[62808370ms] [ERROR] ./components/canvas/Experience.jsx:18:1
Error: Module not found: Can't resolve './scenes/ChainsField'
  16 | import DigitalGrid from "./scenes/DigitalGrid";
  17 | import CollectionsField from "./scenes/CollectionsField";
> 18 | import ChainsField from "./scenes/ChainsField";
     | ^^^^^^^^^^^^^^^^^^^^^^^^^^^^^^^^^^^^^^^^^^^^^^^
  19 | import RwaNode from "./scenes/RwaNode";
  20 | import UniverseField from "./scenes/UniverseField";
  21 | import NffcSystem from "./scenes/NffcSystem";

Import trace:
  Client Component Browser:
    ./components/canvas/Experience.jsx [Client Component Browser]
    ./components/canvas/ExperienceLoader.jsx [Client Component Browser]
    ./components/canvas/ExperienceLoader.jsx [Server Component]
    ./app/page.js [Server Component]

https://nextjs.org/docs/messages/module-not-found @ http://localhost:3000/_next/static/chunks/node_modules_next_dist_1e8vcs8._.js:1052
[62808370ms] [ERROR] ./components/canvas/Experience.jsx:17:1
Error: Module not found: Can't resolve './scenes/CollectionsField'
  15 | import NftEmergence from "./scenes/NftEmergence";
  16 | import DigitalGrid from "./scenes/DigitalGrid";
> 17 | import CollectionsField from "./scenes/CollectionsField";
     | ^^^^^^^^^^^^^^^^^^^^^^^^^^^^^^^^^^^^^^^^^^^^^^^^^^^^^^^^^
  18 | import ChainsField from "./scenes/ChainsField";
  19 | import RwaNode from "./scenes/RwaNode";
  20 | import UniverseField from "./scenes/UniverseField";

Import trace:
  Client Component Browser:
    ./components/canvas/Experience.jsx [Client Component Browser]
    ./components/canvas/ExperienceLoader.jsx [Client Component Browser]
    ./components/canvas/ExperienceLoader.jsx [Server Component]
    ./app/page.js [Server Component]

https://nextjs.org/docs/messages/module-not-found @ http://localhost:3000/_next/static/chunks/node_modules_next_dist_1e8vcs8._.js:1052
[62808371ms] [ERROR] ./components/canvas/Experience.jsx:22:1
Error: Module not found: Can't resolve './scenes/GalaxyConnections'
  20 | import UniverseField from "./scenes/UniverseField";
  21 | import NffcSystem from "./scenes/NffcSystem";
> 22 | import GalaxyConnections from "./scenes/GalaxyConnections";
     | ^^^^^^^^^^^^^^^^^^^^^^^^^^^^^^^^^^^^^^^^^^^^^^^^^^^^^^^^^^^
  23 | import PostFX from "./PostFX";
  24 | import styles from "./Experience.module.css";
  25 | import { isMobile, CINEMATIC, BIGBANG } from "@/lib/tuning";

Import trace:
  Client Component Browser:
    ./components/canvas/Experience.jsx [Client Component Browser]
    ./components/canvas/ExperienceLoader.jsx [Client Component Browser]
    ./components/canvas/ExperienceLoader.jsx [Server Component]
    ./app/page.js [Server Component]

https://nextjs.org/docs/messages/module-not-found @ http://localhost:3000/_next/static/chunks/node_modules_next_dist_1e8vcs8._.js:1052
[62808371ms] [ERROR] ./components/canvas/Experience.jsx:21:1
Error: Module not found: Can't resolve './scenes/NffcSystem'
  19 | import RwaNode from "./scenes/RwaNode";
  20 | import UniverseField from "./scenes/UniverseField";
> 21 | import NffcSystem from "./scenes/NffcSystem";
     | ^^^^^^^^^^^^^^^^^^^^^^^^^^^^^^^^^^^^^^^^^^^^^
  22 | import GalaxyConnections from "./scenes/GalaxyConnections";
  23 | import PostFX from "./PostFX";
  24 | import styles from "./Experience.module.css";

Import trace:
  Client Component Browser:
    ./components/canvas/Experience.jsx [Client Component Browser]
    ./components/canvas/ExperienceLoader.jsx [Client Component Browser]
    ./components/canvas/ExperienceLoader.jsx [Server Component]
    ./app/page.js [Server Component]

https://nextjs.org/docs/messages/module-not-found @ http://localhost:3000/_next/static/chunks/node_modules_next_dist_1e8vcs8._.js:1052
[62808371ms] [ERROR] ./components/canvas/Experience.jsx:19:1
Error: Module not found: Can't resolve './scenes/RwaNode'
  17 | import CollectionsField from "./scenes/CollectionsField";
  18 | import ChainsField from "./scenes/ChainsField";
> 19 | import RwaNode from "./scenes/RwaNode";
     | ^^^^^^^^^^^^^^^^^^^^^^^^^^^^^^^^^^^^^^^
  20 | import UniverseField from "./scenes/UniverseField";
  21 | import NffcSystem from "./scenes/NffcSystem";
  22 | import GalaxyConnections from "./scenes/GalaxyConnections";

Import trace:
  Client Component Browser:
    ./components/canvas/Experience.jsx [Client Component Browser]
    ./components/canvas/ExperienceLoader.jsx [Client Component Browser]
    ./components/canvas/ExperienceLoader.jsx [Server Component]
    ./app/page.js [Server Component]

https://nextjs.org/docs/messages/module-not-found @ http://localhost:3000/_next/static/chunks/node_modules_next_dist_1e8vcs8._.js:1052
[62808371ms] [ERROR] ./app/page.js:5:1
Error: Module not found: Can't resolve '@/components/dom/ChainLabels'
  3 | import MicroHud from "@/components/dom/MicroHud";
  4 | import ChapterLettering from "@/components/dom/ChapterLettering";
> 5 | import ChainLabels from "@/components/dom/ChainLabels";
    | ^^^^^^^^^^^^^^^^^^^^^^^^^^^^^^^^^^^^^^^^^^^^^^^^^^^^^^^
  6 | import NebulaMessages from "@/components/dom/NebulaMessages";
  7 | import OrbitalRingLabels from "@/components/dom/OrbitalRingLabels";
  8 | import NffcIdentityCard from "@/components/dom/NffcIdentityCard";

Import map: aliased to relative './components/dom/ChainLabels' inside of [project]/

https://nextjs.org/docs/messages/module-not-found @ http://localhost:3000/_next/static/chunks/node_modules_next_dist_1e8vcs8._.js:1052
[62808372ms] [ERROR] ./app/page.js:9:1
Error: Module not found: Can't resolve '@/components/dom/MarketStats'
   7 | import OrbitalRingLabels from "@/components/dom/OrbitalRingLabels";
   8 | import NffcIdentityCard from "@/components/dom/NffcIdentityCard";
>  9 | import MarketStats from "@/components/dom/MarketStats";
     | ^^^^^^^^^^^^^^^^^^^^^^^^^^^^^^^^^^^^^^^^^^^^^^^^^^^^^^^
  10 | import FinalCta from "@/components/dom/FinalCta";
  11 | import Letterbox from "@/components/dom/Letterbox";
  12 | import ExperienceLoader from "@/components/canvas/ExperienceLoader";

Import map: aliased to relative './components/dom/MarketStats' inside of [project]/

https://nextjs.org/docs/messages/module-not-found @ http://localhost:3000/_next/static/chunks/node_modules_next_dist_1e8vcs8._.js:1052
[62808372ms] [ERROR] ./app/page.js:8:1
Error: Module not found: Can't resolve '@/components/dom/NffcIdentityCard'
   6 | import NebulaMessages from "@/components/dom/NebulaMessages";
   7 | import OrbitalRingLabels from "@/components/dom/OrbitalRingLabels";
>  8 | import NffcIdentityCard from "@/components/dom/NffcIdentityCard";
     | ^^^^^^^^^^^^^^^^^^^^^^^^^^^^^^^^^^^^^^^^^^^^^^^^^^^^^^^^^^^^^^^^^
   9 | import MarketStats from "@/components/dom/MarketStats";
  10 | import FinalCta from "@/components/dom/FinalCta";
  11 | import Letterbox from "@/components/dom/Letterbox";

Import map: aliased to relative './components/dom/NffcIdentityCard' inside of [project]/

https://nextjs.org/docs/messages/module-not-found @ http://localhost:3000/_next/static/chunks/node_modules_next_dist_1e8vcs8._.js:1052
[62808372ms] [ERROR] ./app/page.js:7:1
Error: Module not found: Can't resolve '@/components/dom/OrbitalRingLabels'
   5 | import ChainLabels from "@/components/dom/ChainLabels";
   6 | import NebulaMessages from "@/components/dom/NebulaMessages";
>  7 | import OrbitalRingLabels from "@/components/dom/OrbitalRingLabels";
     | ^^^^^^^^^^^^^^^^^^^^^^^^^^^^^^^^^^^^^^^^^^^^^^^^^^^^^^^^^^^^^^^^^^^
   8 | import NffcIdentityCard from "@/components/dom/NffcIdentityCard";
   9 | import MarketStats from "@/components/dom/MarketStats";
  10 | import FinalCta from "@/components/dom/FinalCta";

Import map: aliased to relative './components/dom/OrbitalRingLabels' inside of [project]/

https://nextjs.org/docs/messages/module-not-found @ http://localhost:3000/_next/static/chunks/node_modules_next_dist_1e8vcs8._.js:1052
[62808405ms] [LOG] [Fast Refresh] rebuilding @ http://localhost:3000/_next/static/chunks/node_modules_next_dist_1e8vcs8._.js:776
[62824897ms] [ERROR] ./components/canvas/Experience.jsx:18:1
Error: Module not found: Can't resolve './scenes/ChainsField'
  16 | import DigitalGrid from "./scenes/DigitalGrid";
  17 | import CollectionsField from "./scenes/CollectionsField";
> 18 | import ChainsField from "./scenes/ChainsField";
     | ^^^^^^^^^^^^^^^^^^^^^^^^^^^^^^^^^^^^^^^^^^^^^^^
  19 | import RwaNode from "./scenes/RwaNode";
  20 | import UniverseField from "./scenes/UniverseField";
  21 | import NffcSystem from "./scenes/NffcSystem";

Import trace:
  Client Component Browser:
    ./components/canvas/Experience.jsx [Client Component Browser]
    ./components/canvas/ExperienceLoader.jsx [Client Component Browser]
    ./components/canvas/ExperienceLoader.jsx [Server Component]
    ./app/page.js [Server Component]

https://nextjs.org/docs/messages/module-not-found @ http://localhost:3000/_next/static/chunks/node_modules_next_dist_1e8vcs8._.js:1052
[62824897ms] [ERROR] ./components/canvas/Experience.jsx:17:1
Error: Module not found: Can't resolve './scenes/CollectionsField'
  15 | import NftEmergence from "./scenes/NftEmergence";
  16 | import DigitalGrid from "./scenes/DigitalGrid";
> 17 | import CollectionsField from "./scenes/CollectionsField";
     | ^^^^^^^^^^^^^^^^^^^^^^^^^^^^^^^^^^^^^^^^^^^^^^^^^^^^^^^^^
  18 | import ChainsField from "./scenes/ChainsField";
  19 | import RwaNode from "./scenes/RwaNode";
  20 | import UniverseField from "./scenes/UniverseField";

Import trace:
  Client Component Browser:
    ./components/canvas/Experience.jsx [Client Component Browser]
    ./components/canvas/ExperienceLoader.jsx [Client Component Browser]
    ./components/canvas/ExperienceLoader.jsx [Server Component]
    ./app/page.js [Server Component]

https://nextjs.org/docs/messages/module-not-found @ http://localhost:3000/_next/static/chunks/node_modules_next_dist_1e8vcs8._.js:1052
[62824897ms] [ERROR] ./components/canvas/Experience.jsx:22:1
Error: Module not found: Can't resolve './scenes/GalaxyConnections'
  20 | import UniverseField from "./scenes/UniverseField";
  21 | import NffcSystem from "./scenes/NffcSystem";
> 22 | import GalaxyConnections from "./scenes/GalaxyConnections";
     | ^^^^^^^^^^^^^^^^^^^^^^^^^^^^^^^^^^^^^^^^^^^^^^^^^^^^^^^^^^^
  23 | import PostFX from "./PostFX";
  24 | import styles from "./Experience.module.css";
  25 | import { isMobile, CINEMATIC, BIGBANG } from "@/lib/tuning";

Import trace:
  Client Component Browser:
    ./components/canvas/Experience.jsx [Client Component Browser]
    ./components/canvas/ExperienceLoader.jsx [Client Component Browser]
    ./components/canvas/ExperienceLoader.jsx [Server Component]
    ./app/page.js [Server Component]

https://nextjs.org/docs/messages/module-not-found @ http://localhost:3000/_next/static/chunks/node_modules_next_dist_1e8vcs8._.js:1052
[62824897ms] [ERROR] ./components/canvas/Experience.jsx:21:1
Error: Module not found: Can't resolve './scenes/NffcSystem'
  19 | import RwaNode from "./scenes/RwaNode";
  20 | import UniverseField from "./scenes/UniverseField";
> 21 | import NffcSystem from "./scenes/NffcSystem";
     | ^^^^^^^^^^^^^^^^^^^^^^^^^^^^^^^^^^^^^^^^^^^^^
  22 | import GalaxyConnections from "./scenes/GalaxyConnections";
  23 | import PostFX from "./PostFX";
  24 | import styles from "./Experience.module.css";

Import trace:
  Client Component Browser:
    ./components/canvas/Experience.jsx [Client Component Browser]
    ./components/canvas/ExperienceLoader.jsx [Client Component Browser]
    ./components/canvas/ExperienceLoader.jsx [Server Component]
    ./app/page.js [Server Component]

https://nextjs.org/docs/messages/module-not-found @ http://localhost:3000/_next/static/chunks/node_modules_next_dist_1e8vcs8._.js:1052
[62824897ms] [ERROR] ./components/canvas/Experience.jsx:19:1
Error: Module not found: Can't resolve './scenes/RwaNode'
  17 | import CollectionsField from "./scenes/CollectionsField";
  18 | import ChainsField from "./scenes/ChainsField";
> 19 | import RwaNode from "./scenes/RwaNode";
     | ^^^^^^^^^^^^^^^^^^^^^^^^^^^^^^^^^^^^^^^
  20 | import UniverseField from "./scenes/UniverseField";
  21 | import NffcSystem from "./scenes/NffcSystem";
  22 | import GalaxyConnections from "./scenes/GalaxyConnections";

Import trace:
  Client Component Browser:
    ./components/canvas/Experience.jsx [Client Component Browser]
    ./components/canvas/ExperienceLoader.jsx [Client Component Browser]
    ./components/canvas/ExperienceLoader.jsx [Server Component]
    ./app/page.js [Server Component]

https://nextjs.org/docs/messages/module-not-found @ http://localhost:3000/_next/static/chunks/node_modules_next_dist_1e8vcs8._.js:1052
[62824897ms] [ERROR] ./app/page.js:5:1
Error: Module not found: Can't resolve '@/components/dom/ChainLabels'
  3 | import MicroHud from "@/components/dom/MicroHud";
  4 | import ChapterLettering from "@/components/dom/ChapterLettering";
> 5 | import ChainLabels from "@/components/dom/ChainLabels";
    | ^^^^^^^^^^^^^^^^^^^^^^^^^^^^^^^^^^^^^^^^^^^^^^^^^^^^^^^
  6 | import NebulaMessages from "@/components/dom/NebulaMessages";
  7 | import OrbitalRingLabels from "@/components/dom/OrbitalRingLabels";
  8 | import NffcIdentityCard from "@/components/dom/NffcIdentityCard";

Import map: aliased to relative './components/dom/ChainLabels' inside of [project]/

https://nextjs.org/docs/messages/module-not-found @ http://localhost:3000/_next/static/chunks/node_modules_next_dist_1e8vcs8._.js:1052
[62824897ms] [ERROR] ./app/page.js:9:1
Error: Module not found: Can't resolve '@/components/dom/MarketStats'
   7 | import OrbitalRingLabels from "@/components/dom/OrbitalRingLabels";
   8 | import NffcIdentityCard from "@/components/dom/NffcIdentityCard";
>  9 | import MarketStats from "@/components/dom/MarketStats";
     | ^^^^^^^^^^^^^^^^^^^^^^^^^^^^^^^^^^^^^^^^^^^^^^^^^^^^^^^
  10 | import FinalCta from "@/components/dom/FinalCta";
  11 | import Letterbox from "@/components/dom/Letterbox";
  12 | import ExperienceLoader from "@/components/canvas/ExperienceLoader";

Import map: aliased to relative './components/dom/MarketStats' inside of [project]/

https://nextjs.org/docs/messages/module-not-found @ http://localhost:3000/_next/static/chunks/node_modules_next_dist_1e8vcs8._.js:1052
[62824898ms] [ERROR] ./app/page.js:8:1
Error: Module not found: Can't resolve '@/components/dom/NffcIdentityCard'
   6 | import NebulaMessages from "@/components/dom/NebulaMessages";
   7 | import OrbitalRingLabels from "@/components/dom/OrbitalRingLabels";
>  8 | import NffcIdentityCard from "@/components/dom/NffcIdentityCard";
     | ^^^^^^^^^^^^^^^^^^^^^^^^^^^^^^^^^^^^^^^^^^^^^^^^^^^^^^^^^^^^^^^^^
   9 | import MarketStats from "@/components/dom/MarketStats";
  10 | import FinalCta from "@/components/dom/FinalCta";
  11 | import Letterbox from "@/components/dom/Letterbox";

Import map: aliased to relative './components/dom/NffcIdentityCard' inside of [project]/

https://nextjs.org/docs/messages/module-not-found @ http://localhost:3000/_next/static/chunks/node_modules_next_dist_1e8vcs8._.js:1052
[62824898ms] [ERROR] ./app/page.js:7:1
Error: Module not found: Can't resolve '@/components/dom/OrbitalRingLabels'
   5 | import ChainLabels from "@/components/dom/ChainLabels";
   6 | import NebulaMessages from "@/components/dom/NebulaMessages";
>  7 | import OrbitalRingLabels from "@/components/dom/OrbitalRingLabels";
     | ^^^^^^^^^^^^^^^^^^^^^^^^^^^^^^^^^^^^^^^^^^^^^^^^^^^^^^^^^^^^^^^^^^^
   8 | import NffcIdentityCard from "@/components/dom/NffcIdentityCard";
   9 | import MarketStats from "@/components/dom/MarketStats";
  10 | import FinalCta from "@/components/dom/FinalCta";

Import map: aliased to relative './components/dom/OrbitalRingLabels' inside of [project]/

https://nextjs.org/docs/messages/module-not-found @ http://localhost:3000/_next/static/chunks/node_modules_next_dist_1e8vcs8._.js:1052
[62825023ms] [ERROR] ./components/canvas/Experience.jsx:18:1
Error: Module not found: Can't resolve './scenes/ChainsField'
  16 | import DigitalGrid from "./scenes/DigitalGrid";
  17 | import CollectionsField from "./scenes/CollectionsField";
> 18 | import ChainsField from "./scenes/ChainsField";
     | ^^^^^^^^^^^^^^^^^^^^^^^^^^^^^^^^^^^^^^^^^^^^^^^
  19 | import RwaNode from "./scenes/RwaNode";
  20 | import UniverseField from "./scenes/UniverseField";
  21 | import NffcSystem from "./scenes/NffcSystem";

Import trace:
  Client Component Browser:
    ./components/canvas/Experience.jsx [Client Component Browser]
    ./components/canvas/ExperienceLoader.jsx [Client Component Browser]
    ./components/canvas/ExperienceLoader.jsx [Server Component]
    ./app/page.js [Server Component]

https://nextjs.org/docs/messages/module-not-found @ http://localhost:3000/_next/static/chunks/node_modules_next_dist_1e8vcs8._.js:1052
[62825024ms] [ERROR] ./components/canvas/Experience.jsx:17:1
Error: Module not found: Can't resolve './scenes/CollectionsField'
  15 | import NftEmergence from "./scenes/NftEmergence";
  16 | import DigitalGrid from "./scenes/DigitalGrid";
> 17 | import CollectionsField from "./scenes/CollectionsField";
     | ^^^^^^^^^^^^^^^^^^^^^^^^^^^^^^^^^^^^^^^^^^^^^^^^^^^^^^^^^
  18 | import ChainsField from "./scenes/ChainsField";
  19 | import RwaNode from "./scenes/RwaNode";
  20 | import UniverseField from "./scenes/UniverseField";

Import trace:
  Client Component Browser:
    ./components/canvas/Experience.jsx [Client Component Browser]
    ./components/canvas/ExperienceLoader.jsx [Client Component Browser]
    ./components/canvas/ExperienceLoader.jsx [Server Component]
    ./app/page.js [Server Component]

https://nextjs.org/docs/messages/module-not-found @ http://localhost:3000/_next/static/chunks/node_modules_next_dist_1e8vcs8._.js:1052
[62825024ms] [ERROR] ./components/canvas/Experience.jsx:22:1
Error: Module not found: Can't resolve './scenes/GalaxyConnections'
  20 | import UniverseField from "./scenes/UniverseField";
  21 | import NffcSystem from "./scenes/NffcSystem";
> 22 | import GalaxyConnections from "./scenes/GalaxyConnections";
     | ^^^^^^^^^^^^^^^^^^^^^^^^^^^^^^^^^^^^^^^^^^^^^^^^^^^^^^^^^^^
  23 | import PostFX from "./PostFX";
  24 | import styles from "./Experience.module.css";
  25 | import { isMobile, CINEMATIC, BIGBANG } from "@/lib/tuning";

Import trace:
  Client Component Browser:
    ./components/canvas/Experience.jsx [Client Component Browser]
    ./components/canvas/ExperienceLoader.jsx [Client Component Browser]
    ./components/canvas/ExperienceLoader.jsx [Server Component]
    ./app/page.js [Server Component]

https://nextjs.org/docs/messages/module-not-found @ http://localhost:3000/_next/static/chunks/node_modules_next_dist_1e8vcs8._.js:1052
[62825024ms] [ERROR] ./components/canvas/Experience.jsx:21:1
Error: Module not found: Can't resolve './scenes/NffcSystem'
  19 | import RwaNode from "./scenes/RwaNode";
  20 | import UniverseField from "./scenes/UniverseField";
> 21 | import NffcSystem from "./scenes/NffcSystem";
     | ^^^^^^^^^^^^^^^^^^^^^^^^^^^^^^^^^^^^^^^^^^^^^
  22 | import GalaxyConnections from "./scenes/GalaxyConnections";
  23 | import PostFX from "./PostFX";
  24 | import styles from "./Experience.module.css";

Import trace:
  Client Component Browser:
    ./components/canvas/Experience.jsx [Client Component Browser]
    ./components/canvas/ExperienceLoader.jsx [Client Component Browser]
    ./components/canvas/ExperienceLoader.jsx [Server Component]
    ./app/page.js [Server Component]

https://nextjs.org/docs/messages/module-not-found @ http://localhost:3000/_next/static/chunks/node_modules_next_dist_1e8vcs8._.js:1052
[62825024ms] [ERROR] ./components/canvas/Experience.jsx:19:1
Error: Module not found: Can't resolve './scenes/RwaNode'
  17 | import CollectionsField from "./scenes/CollectionsField";
  18 | import ChainsField from "./scenes/ChainsField";
> 19 | import RwaNode from "./scenes/RwaNode";
     | ^^^^^^^^^^^^^^^^^^^^^^^^^^^^^^^^^^^^^^^
  20 | import UniverseField from "./scenes/UniverseField";
  21 | import NffcSystem from "./scenes/NffcSystem";
  22 | import GalaxyConnections from "./scenes/GalaxyConnections";

Import trace:
  Client Component Browser:
    ./components/canvas/Experience.jsx [Client Component Browser]
    ./components/canvas/ExperienceLoader.jsx [Client Component Browser]
    ./components/canvas/ExperienceLoader.jsx [Server Component]
    ./app/page.js [Server Component]

https://nextjs.org/docs/messages/module-not-found @ http://localhost:3000/_next/static/chunks/node_modules_next_dist_1e8vcs8._.js:1052
[62825024ms] [ERROR] ./app/page.js:5:1
Error: Module not found: Can't resolve '@/components/dom/ChainLabels'
  3 | import MicroHud from "@/components/dom/MicroHud";
  4 | import ChapterLettering from "@/components/dom/ChapterLettering";
> 5 | import ChainLabels from "@/components/dom/ChainLabels";
    | ^^^^^^^^^^^^^^^^^^^^^^^^^^^^^^^^^^^^^^^^^^^^^^^^^^^^^^^
  6 | import NebulaMessages from "@/components/dom/NebulaMessages";
  7 | import OrbitalRingLabels from "@/components/dom/OrbitalRingLabels";
  8 | import NffcIdentityCard from "@/components/dom/NffcIdentityCard";

Import map: aliased to relative './components/dom/ChainLabels' inside of [project]/

https://nextjs.org/docs/messages/module-not-found @ http://localhost:3000/_next/static/chunks/node_modules_next_dist_1e8vcs8._.js:1052
[62825025ms] [ERROR] ./app/page.js:9:1
Error: Module not found: Can't resolve '@/components/dom/MarketStats'
   7 | import OrbitalRingLabels from "@/components/dom/OrbitalRingLabels";
   8 | import NffcIdentityCard from "@/components/dom/NffcIdentityCard";
>  9 | import MarketStats from "@/components/dom/MarketStats";
     | ^^^^^^^^^^^^^^^^^^^^^^^^^^^^^^^^^^^^^^^^^^^^^^^^^^^^^^^
  10 | import FinalCta from "@/components/dom/FinalCta";
  11 | import Letterbox from "@/components/dom/Letterbox";
  12 | import ExperienceLoader from "@/components/canvas/ExperienceLoader";

Import map: aliased to relative './components/dom/MarketStats' inside of [project]/

https://nextjs.org/docs/messages/module-not-found @ http://localhost:3000/_next/static/chunks/node_modules_next_dist_1e8vcs8._.js:1052
[62825025ms] [ERROR] ./app/page.js:8:1
Error: Module not found: Can't resolve '@/components/dom/NffcIdentityCard'
   6 | import NebulaMessages from "@/components/dom/NebulaMessages";
   7 | import OrbitalRingLabels from "@/components/dom/OrbitalRingLabels";
>  8 | import NffcIdentityCard from "@/components/dom/NffcIdentityCard";
     | ^^^^^^^^^^^^^^^^^^^^^^^^^^^^^^^^^^^^^^^^^^^^^^^^^^^^^^^^^^^^^^^^^
   9 | import MarketStats from "@/components/dom/MarketStats";
  10 | import FinalCta from "@/components/dom/FinalCta";
  11 | import Letterbox from "@/components/dom/Letterbox";

Import map: aliased to relative './components/dom/NffcIdentityCard' inside of [project]/

https://nextjs.org/docs/messages/module-not-found @ http://localhost:3000/_next/static/chunks/node_modules_next_dist_1e8vcs8._.js:1052
[62825025ms] [ERROR] ./app/page.js:7:1
Error: Module not found: Can't resolve '@/components/dom/OrbitalRingLabels'
   5 | import ChainLabels from "@/components/dom/ChainLabels";
   6 | import NebulaMessages from "@/components/dom/NebulaMessages";
>  7 | import OrbitalRingLabels from "@/components/dom/OrbitalRingLabels";
     | ^^^^^^^^^^^^^^^^^^^^^^^^^^^^^^^^^^^^^^^^^^^^^^^^^^^^^^^^^^^^^^^^^^^
   8 | import NffcIdentityCard from "@/components/dom/NffcIdentityCard";
   9 | import MarketStats from "@/components/dom/MarketStats";
  10 | import FinalCta from "@/components/dom/FinalCta";

Import map: aliased to relative './components/dom/OrbitalRingLabels' inside of [project]/

https://nextjs.org/docs/messages/module-not-found @ http://localhost:3000/_next/static/chunks/node_modules_next_dist_1e8vcs8._.js:1052
[62825065ms] [LOG] [Fast Refresh] rebuilding @ http://localhost:3000/_next/static/chunks/node_modules_next_dist_1e8vcs8._.js:776
[62841662ms] [ERROR] ./components/canvas/Experience.jsx:18:1
Error: Module not found: Can't resolve './scenes/ChainsField'
  16 | import DigitalGrid from "./scenes/DigitalGrid";
  17 | import CollectionsField from "./scenes/CollectionsField";
> 18 | import ChainsField from "./scenes/ChainsField";
     | ^^^^^^^^^^^^^^^^^^^^^^^^^^^^^^^^^^^^^^^^^^^^^^^
  19 | import RwaNode from "./scenes/RwaNode";
  20 | import UniverseField from "./scenes/UniverseField";
  21 | import NffcSystem from "./scenes/NffcSystem";

Import trace:
  Client Component Browser:
    ./components/canvas/Experience.jsx [Client Component Browser]
    ./components/canvas/ExperienceLoader.jsx [Client Component Browser]
    ./components/canvas/ExperienceLoader.jsx [Server Component]
    ./app/page.js [Server Component]

https://nextjs.org/docs/messages/module-not-found @ http://localhost:3000/_next/static/chunks/node_modules_next_dist_1e8vcs8._.js:1052
[62841663ms] [ERROR] ./components/canvas/Experience.jsx:17:1
Error: Module not found: Can't resolve './scenes/CollectionsField'
  15 | import NftEmergence from "./scenes/NftEmergence";
  16 | import DigitalGrid from "./scenes/DigitalGrid";
> 17 | import CollectionsField from "./scenes/CollectionsField";
     | ^^^^^^^^^^^^^^^^^^^^^^^^^^^^^^^^^^^^^^^^^^^^^^^^^^^^^^^^^
  18 | import ChainsField from "./scenes/ChainsField";
  19 | import RwaNode from "./scenes/RwaNode";
  20 | import UniverseField from "./scenes/UniverseField";

Import trace:
  Client Component Browser:
    ./components/canvas/Experience.jsx [Client Component Browser]
    ./components/canvas/ExperienceLoader.jsx [Client Component Browser]
    ./components/canvas/ExperienceLoader.jsx [Server Component]
    ./app/page.js [Server Component]

https://nextjs.org/docs/messages/module-not-found @ http://localhost:3000/_next/static/chunks/node_modules_next_dist_1e8vcs8._.js:1052
[62841663ms] [ERROR] ./components/canvas/Experience.jsx:22:1
Error: Module not found: Can't resolve './scenes/GalaxyConnections'
  20 | import UniverseField from "./scenes/UniverseField";
  21 | import NffcSystem from "./scenes/NffcSystem";
> 22 | import GalaxyConnections from "./scenes/GalaxyConnections";
     | ^^^^^^^^^^^^^^^^^^^^^^^^^^^^^^^^^^^^^^^^^^^^^^^^^^^^^^^^^^^
  23 | import PostFX from "./PostFX";
  24 | import styles from "./Experience.module.css";
  25 | import { isMobile, CINEMATIC, BIGBANG } from "@/lib/tuning";

Import trace:
  Client Component Browser:
    ./components/canvas/Experience.jsx [Client Component Browser]
    ./components/canvas/ExperienceLoader.jsx [Client Component Browser]
    ./components/canvas/ExperienceLoader.jsx [Server Component]
    ./app/page.js [Server Component]

https://nextjs.org/docs/messages/module-not-found @ http://localhost:3000/_next/static/chunks/node_modules_next_dist_1e8vcs8._.js:1052
[62841663ms] [ERROR] ./components/canvas/Experience.jsx:21:1
Error: Module not found: Can't resolve './scenes/NffcSystem'
  19 | import RwaNode from "./scenes/RwaNode";
  20 | import UniverseField from "./scenes/UniverseField";
> 21 | import NffcSystem from "./scenes/NffcSystem";
     | ^^^^^^^^^^^^^^^^^^^^^^^^^^^^^^^^^^^^^^^^^^^^^
  22 | import GalaxyConnections from "./scenes/GalaxyConnections";
  23 | import PostFX from "./PostFX";
  24 | import styles from "./Experience.module.css";

Import trace:
  Client Component Browser:
    ./components/canvas/Experience.jsx [Client Component Browser]
    ./components/canvas/ExperienceLoader.jsx [Client Component Browser]
    ./components/canvas/ExperienceLoader.jsx [Server Component]
    ./app/page.js [Server Component]

https://nextjs.org/docs/messages/module-not-found @ http://localhost:3000/_next/static/chunks/node_modules_next_dist_1e8vcs8._.js:1052
[62841663ms] [ERROR] ./components/canvas/Experience.jsx:19:1
Error: Module not found: Can't resolve './scenes/RwaNode'
  17 | import CollectionsField from "./scenes/CollectionsField";
  18 | import ChainsField from "./scenes/ChainsField";
> 19 | import RwaNode from "./scenes/RwaNode";
     | ^^^^^^^^^^^^^^^^^^^^^^^^^^^^^^^^^^^^^^^
  20 | import UniverseField from "./scenes/UniverseField";
  21 | import NffcSystem from "./scenes/NffcSystem";
  22 | import GalaxyConnections from "./scenes/GalaxyConnections";

Import trace:
  Client Component Browser:
    ./components/canvas/Experience.jsx [Client Component Browser]
    ./components/canvas/ExperienceLoader.jsx [Client Component Browser]
    ./components/canvas/ExperienceLoader.jsx [Server Component]
    ./app/page.js [Server Component]

https://nextjs.org/docs/messages/module-not-found @ http://localhost:3000/_next/static/chunks/node_modules_next_dist_1e8vcs8._.js:1052
[62841663ms] [ERROR] ./app/page.js:5:1
Error: Module not found: Can't resolve '@/components/dom/ChainLabels'
  3 | import MicroHud from "@/components/dom/MicroHud";
  4 | import ChapterLettering from "@/components/dom/ChapterLettering";
> 5 | import ChainLabels from "@/components/dom/ChainLabels";
    | ^^^^^^^^^^^^^^^^^^^^^^^^^^^^^^^^^^^^^^^^^^^^^^^^^^^^^^^
  6 | import NebulaMessages from "@/components/dom/NebulaMessages";
  7 | import OrbitalRingLabels from "@/components/dom/OrbitalRingLabels";
  8 | import NffcIdentityCard from "@/components/dom/NffcIdentityCard";

Import map: aliased to relative './components/dom/ChainLabels' inside of [project]/

https://nextjs.org/docs/messages/module-not-found @ http://localhost:3000/_next/static/chunks/node_modules_next_dist_1e8vcs8._.js:1052
[62841663ms] [ERROR] ./app/page.js:9:1
Error: Module not found: Can't resolve '@/components/dom/MarketStats'
   7 | import OrbitalRingLabels from "@/components/dom/OrbitalRingLabels";
   8 | import NffcIdentityCard from "@/components/dom/NffcIdentityCard";
>  9 | import MarketStats from "@/components/dom/MarketStats";
     | ^^^^^^^^^^^^^^^^^^^^^^^^^^^^^^^^^^^^^^^^^^^^^^^^^^^^^^^
  10 | import FinalCta from "@/components/dom/FinalCta";
  11 | import Letterbox from "@/components/dom/Letterbox";
  12 | import ExperienceLoader from "@/components/canvas/ExperienceLoader";

Import map: aliased to relative './components/dom/MarketStats' inside of [project]/

https://nextjs.org/docs/messages/module-not-found @ http://localhost:3000/_next/static/chunks/node_modules_next_dist_1e8vcs8._.js:1052
[62841663ms] [ERROR] ./app/page.js:8:1
Error: Module not found: Can't resolve '@/components/dom/NffcIdentityCard'
   6 | import NebulaMessages from "@/components/dom/NebulaMessages";
   7 | import OrbitalRingLabels from "@/components/dom/OrbitalRingLabels";
>  8 | import NffcIdentityCard from "@/components/dom/NffcIdentityCard";
     | ^^^^^^^^^^^^^^^^^^^^^^^^^^^^^^^^^^^^^^^^^^^^^^^^^^^^^^^^^^^^^^^^^
   9 | import MarketStats from "@/components/dom/MarketStats";
  10 | import FinalCta from "@/components/dom/FinalCta";
  11 | import Letterbox from "@/components/dom/Letterbox";

Import map: aliased to relative './components/dom/NffcIdentityCard' inside of [project]/

https://nextjs.org/docs/messages/module-not-found @ http://localhost:3000/_next/static/chunks/node_modules_next_dist_1e8vcs8._.js:1052
[62841664ms] [ERROR] ./app/page.js:7:1
Error: Module not found: Can't resolve '@/components/dom/OrbitalRingLabels'
   5 | import ChainLabels from "@/components/dom/ChainLabels";
   6 | import NebulaMessages from "@/components/dom/NebulaMessages";
>  7 | import OrbitalRingLabels from "@/components/dom/OrbitalRingLabels";
     | ^^^^^^^^^^^^^^^^^^^^^^^^^^^^^^^^^^^^^^^^^^^^^^^^^^^^^^^^^^^^^^^^^^^
   8 | import NffcIdentityCard from "@/components/dom/NffcIdentityCard";
   9 | import MarketStats from "@/components/dom/MarketStats";
  10 | import FinalCta from "@/components/dom/FinalCta";

Import map: aliased to relative './components/dom/OrbitalRingLabels' inside of [project]/

https://nextjs.org/docs/messages/module-not-found @ http://localhost:3000/_next/static/chunks/node_modules_next_dist_1e8vcs8._.js:1052
[62841794ms] [ERROR] ./components/canvas/Experience.jsx:18:1
Error: Module not found: Can't resolve './scenes/ChainsField'
  16 | import DigitalGrid from "./scenes/DigitalGrid";
  17 | import CollectionsField from "./scenes/CollectionsField";
> 18 | import ChainsField from "./scenes/ChainsField";
     | ^^^^^^^^^^^^^^^^^^^^^^^^^^^^^^^^^^^^^^^^^^^^^^^
  19 | import RwaNode from "./scenes/RwaNode";
  20 | import UniverseField from "./scenes/UniverseField";
  21 | import NffcSystem from "./scenes/NffcSystem";

Import trace:
  Client Component Browser:
    ./components/canvas/Experience.jsx [Client Component Browser]
    ./components/canvas/ExperienceLoader.jsx [Client Component Browser]
    ./components/canvas/ExperienceLoader.jsx [Server Component]
    ./app/page.js [Server Component]

https://nextjs.org/docs/messages/module-not-found @ http://localhost:3000/_next/static/chunks/node_modules_next_dist_1e8vcs8._.js:1052
[62841795ms] [ERROR] ./components/canvas/Experience.jsx:17:1
Error: Module not found: Can't resolve './scenes/CollectionsField'
  15 | import NftEmergence from "./scenes/NftEmergence";
  16 | import DigitalGrid from "./scenes/DigitalGrid";
> 17 | import CollectionsField from "./scenes/CollectionsField";
     | ^^^^^^^^^^^^^^^^^^^^^^^^^^^^^^^^^^^^^^^^^^^^^^^^^^^^^^^^^
  18 | import ChainsField from "./scenes/ChainsField";
  19 | import RwaNode from "./scenes/RwaNode";
  20 | import UniverseField from "./scenes/UniverseField";

Import trace:
  Client Component Browser:
    ./components/canvas/Experience.jsx [Client Component Browser]
    ./components/canvas/ExperienceLoader.jsx [Client Component Browser]
    ./components/canvas/ExperienceLoader.jsx [Server Component]
    ./app/page.js [Server Component]

https://nextjs.org/docs/messages/module-not-found @ http://localhost:3000/_next/static/chunks/node_modules_next_dist_1e8vcs8._.js:1052
[62841795ms] [ERROR] ./components/canvas/Experience.jsx:22:1
Error: Module not found: Can't resolve './scenes/GalaxyConnections'
  20 | import UniverseField from "./scenes/UniverseField";
  21 | import NffcSystem from "./scenes/NffcSystem";
> 22 | import GalaxyConnections from "./scenes/GalaxyConnections";
     | ^^^^^^^^^^^^^^^^^^^^^^^^^^^^^^^^^^^^^^^^^^^^^^^^^^^^^^^^^^^
  23 | import PostFX from "./PostFX";
  24 | import styles from "./Experience.module.css";
  25 | import { isMobile, CINEMATIC, BIGBANG } from "@/lib/tuning";

Import trace:
  Client Component Browser:
    ./components/canvas/Experience.jsx [Client Component Browser]
    ./components/canvas/ExperienceLoader.jsx [Client Component Browser]
    ./components/canvas/ExperienceLoader.jsx [Server Component]
    ./app/page.js [Server Component]

https://nextjs.org/docs/messages/module-not-found @ http://localhost:3000/_next/static/chunks/node_modules_next_dist_1e8vcs8._.js:1052
[62841795ms] [ERROR] ./components/canvas/Experience.jsx:21:1
Error: Module not found: Can't resolve './scenes/NffcSystem'
  19 | import RwaNode from "./scenes/RwaNode";
  20 | import UniverseField from "./scenes/UniverseField";
> 21 | import NffcSystem from "./scenes/NffcSystem";
     | ^^^^^^^^^^^^^^^^^^^^^^^^^^^^^^^^^^^^^^^^^^^^^
  22 | import GalaxyConnections from "./scenes/GalaxyConnections";
  23 | import PostFX from "./PostFX";
  24 | import styles from "./Experience.module.css";

Import trace:
  Client Component Browser:
    ./components/canvas/Experience.jsx [Client Component Browser]
    ./components/canvas/ExperienceLoader.jsx [Client Component Browser]
    ./components/canvas/ExperienceLoader.jsx [Server Component]
    ./app/page.js [Server Component]

https://nextjs.org/docs/messages/module-not-found @ http://localhost:3000/_next/static/chunks/node_modules_next_dist_1e8vcs8._.js:1052
[62841795ms] [ERROR] ./components/canvas/Experience.jsx:19:1
Error: Module not found: Can't resolve './scenes/RwaNode'
  17 | import CollectionsField from "./scenes/CollectionsField";
  18 | import ChainsField from "./scenes/ChainsField";
> 19 | import RwaNode from "./scenes/RwaNode";
     | ^^^^^^^^^^^^^^^^^^^^^^^^^^^^^^^^^^^^^^^
  20 | import UniverseField from "./scenes/UniverseField";
  21 | import NffcSystem from "./scenes/NffcSystem";
  22 | import GalaxyConnections from "./scenes/GalaxyConnections";

Import trace:
  Client Component Browser:
    ./components/canvas/Experience.jsx [Client Component Browser]
    ./components/canvas/ExperienceLoader.jsx [Client Component Browser]
    ./components/canvas/ExperienceLoader.jsx [Server Component]
    ./app/page.js [Server Component]

https://nextjs.org/docs/messages/module-not-found @ http://localhost:3000/_next/static/chunks/node_modules_next_dist_1e8vcs8._.js:1052
[62841795ms] [ERROR] ./app/page.js:5:1
Error: Module not found: Can't resolve '@/components/dom/ChainLabels'
  3 | import MicroHud from "@/components/dom/MicroHud";
  4 | import ChapterLettering from "@/components/dom/ChapterLettering";
> 5 | import ChainLabels from "@/components/dom/ChainLabels";
    | ^^^^^^^^^^^^^^^^^^^^^^^^^^^^^^^^^^^^^^^^^^^^^^^^^^^^^^^
  6 | import NebulaMessages from "@/components/dom/NebulaMessages";
  7 | import OrbitalRingLabels from "@/components/dom/OrbitalRingLabels";
  8 | import NffcIdentityCard from "@/components/dom/NffcIdentityCard";

Import map: aliased to relative './components/dom/ChainLabels' inside of [project]/

https://nextjs.org/docs/messages/module-not-found @ http://localhost:3000/_next/static/chunks/node_modules_next_dist_1e8vcs8._.js:1052
[62841796ms] [ERROR] ./app/page.js:9:1
Error: Module not found: Can't resolve '@/components/dom/MarketStats'
   7 | import OrbitalRingLabels from "@/components/dom/OrbitalRingLabels";
   8 | import NffcIdentityCard from "@/components/dom/NffcIdentityCard";
>  9 | import MarketStats from "@/components/dom/MarketStats";
     | ^^^^^^^^^^^^^^^^^^^^^^^^^^^^^^^^^^^^^^^^^^^^^^^^^^^^^^^
  10 | import FinalCta from "@/components/dom/FinalCta";
  11 | import Letterbox from "@/components/dom/Letterbox";
  12 | import ExperienceLoader from "@/components/canvas/ExperienceLoader";

Import map: aliased to relative './components/dom/MarketStats' inside of [project]/

https://nextjs.org/docs/messages/module-not-found @ http://localhost:3000/_next/static/chunks/node_modules_next_dist_1e8vcs8._.js:1052
[62841796ms] [ERROR] ./app/page.js:8:1
Error: Module not found: Can't resolve '@/components/dom/NffcIdentityCard'
   6 | import NebulaMessages from "@/components/dom/NebulaMessages";
   7 | import OrbitalRingLabels from "@/components/dom/OrbitalRingLabels";
>  8 | import NffcIdentityCard from "@/components/dom/NffcIdentityCard";
     | ^^^^^^^^^^^^^^^^^^^^^^^^^^^^^^^^^^^^^^^^^^^^^^^^^^^^^^^^^^^^^^^^^
   9 | import MarketStats from "@/components/dom/MarketStats";
  10 | import FinalCta from "@/components/dom/FinalCta";
  11 | import Letterbox from "@/components/dom/Letterbox";

Import map: aliased to relative './components/dom/NffcIdentityCard' inside of [project]/

https://nextjs.org/docs/messages/module-not-found @ http://localhost:3000/_next/static/chunks/node_modules_next_dist_1e8vcs8._.js:1052
[62841796ms] [ERROR] ./app/page.js:7:1
Error: Module not found: Can't resolve '@/components/dom/OrbitalRingLabels'
   5 | import ChainLabels from "@/components/dom/ChainLabels";
   6 | import NebulaMessages from "@/components/dom/NebulaMessages";
>  7 | import OrbitalRingLabels from "@/components/dom/OrbitalRingLabels";
     | ^^^^^^^^^^^^^^^^^^^^^^^^^^^^^^^^^^^^^^^^^^^^^^^^^^^^^^^^^^^^^^^^^^^
   8 | import NffcIdentityCard from "@/components/dom/NffcIdentityCard";
   9 | import MarketStats from "@/components/dom/MarketStats";
  10 | import FinalCta from "@/components/dom/FinalCta";

Import map: aliased to relative './components/dom/OrbitalRingLabels' inside of [project]/

https://nextjs.org/docs/messages/module-not-found @ http://localhost:3000/_next/static/chunks/node_modules_next_dist_1e8vcs8._.js:1052
[62841847ms] [LOG] [Fast Refresh] rebuilding @ http://localhost:3000/_next/static/chunks/node_modules_next_dist_1e8vcs8._.js:776
[62864768ms] [ERROR] ./components/canvas/Experience.jsx:18:1
Error: Module not found: Can't resolve './scenes/ChainsField'
  16 | import DigitalGrid from "./scenes/DigitalGrid";
  17 | import CollectionsField from "./scenes/CollectionsField";
> 18 | import ChainsField from "./scenes/ChainsField";
     | ^^^^^^^^^^^^^^^^^^^^^^^^^^^^^^^^^^^^^^^^^^^^^^^
  19 | import RwaNode from "./scenes/RwaNode";
  20 | import UniverseField from "./scenes/UniverseField";
  21 | import NffcSystem from "./scenes/NffcSystem";

Import trace:
  Client Component Browser:
    ./components/canvas/Experience.jsx [Client Component Browser]
    ./components/canvas/ExperienceLoader.jsx [Client Component Browser]
    ./components/canvas/ExperienceLoader.jsx [Server Component]
    ./app/page.js [Server Component]

https://nextjs.org/docs/messages/module-not-found @ http://localhost:3000/_next/static/chunks/node_modules_next_dist_1e8vcs8._.js:1052
[62864768ms] [ERROR] ./components/canvas/Experience.jsx:17:1
Error: Module not found: Can't resolve './scenes/CollectionsField'
  15 | import NftEmergence from "./scenes/NftEmergence";
  16 | import DigitalGrid from "./scenes/DigitalGrid";
> 17 | import CollectionsField from "./scenes/CollectionsField";
     | ^^^^^^^^^^^^^^^^^^^^^^^^^^^^^^^^^^^^^^^^^^^^^^^^^^^^^^^^^
  18 | import ChainsField from "./scenes/ChainsField";
  19 | import RwaNode from "./scenes/RwaNode";
  20 | import UniverseField from "./scenes/UniverseField";

Import trace:
  Client Component Browser:
    ./components/canvas/Experience.jsx [Client Component Browser]
    ./components/canvas/ExperienceLoader.jsx [Client Component Browser]
    ./components/canvas/ExperienceLoader.jsx [Server Component]
    ./app/page.js [Server Component]

https://nextjs.org/docs/messages/module-not-found @ http://localhost:3000/_next/static/chunks/node_modules_next_dist_1e8vcs8._.js:1052
[62864768ms] [ERROR] ./components/canvas/Experience.jsx:22:1
Error: Module not found: Can't resolve './scenes/GalaxyConnections'
  20 | import UniverseField from "./scenes/UniverseField";
  21 | import NffcSystem from "./scenes/NffcSystem";
> 22 | import GalaxyConnections from "./scenes/GalaxyConnections";
     | ^^^^^^^^^^^^^^^^^^^^^^^^^^^^^^^^^^^^^^^^^^^^^^^^^^^^^^^^^^^
  23 | import PostFX from "./PostFX";
  24 | import styles from "./Experience.module.css";
  25 | import { isMobile, CINEMATIC, BIGBANG } from "@/lib/tuning";

Import trace:
  Client Component Browser:
    ./components/canvas/Experience.jsx [Client Component Browser]
    ./components/canvas/ExperienceLoader.jsx [Client Component Browser]
    ./components/canvas/ExperienceLoader.jsx [Server Component]
    ./app/page.js [Server Component]

https://nextjs.org/docs/messages/module-not-found @ http://localhost:3000/_next/static/chunks/node_modules_next_dist_1e8vcs8._.js:1052
[62864768ms] [ERROR] ./components/canvas/Experience.jsx:21:1
Error: Module not found: Can't resolve './scenes/NffcSystem'
  19 | import RwaNode from "./scenes/RwaNode";
  20 | import UniverseField from "./scenes/UniverseField";
> 21 | import NffcSystem from "./scenes/NffcSystem";
     | ^^^^^^^^^^^^^^^^^^^^^^^^^^^^^^^^^^^^^^^^^^^^^
  22 | import GalaxyConnections from "./scenes/GalaxyConnections";
  23 | import PostFX from "./PostFX";
  24 | import styles from "./Experience.module.css";

Import trace:
  Client Component Browser:
    ./components/canvas/Experience.jsx [Client Component Browser]
    ./components/canvas/ExperienceLoader.jsx [Client Component Browser]
    ./components/canvas/ExperienceLoader.jsx [Server Component]
    ./app/page.js [Server Component]

https://nextjs.org/docs/messages/module-not-found @ http://localhost:3000/_next/static/chunks/node_modules_next_dist_1e8vcs8._.js:1052
[62864769ms] [ERROR] ./components/canvas/Experience.jsx:19:1
Error: Module not found: Can't resolve './scenes/RwaNode'
  17 | import CollectionsField from "./scenes/CollectionsField";
  18 | import ChainsField from "./scenes/ChainsField";
> 19 | import RwaNode from "./scenes/RwaNode";
     | ^^^^^^^^^^^^^^^^^^^^^^^^^^^^^^^^^^^^^^^
  20 | import UniverseField from "./scenes/UniverseField";
  21 | import NffcSystem from "./scenes/NffcSystem";
  22 | import GalaxyConnections from "./scenes/GalaxyConnections";

Import trace:
  Client Component Browser:
    ./components/canvas/Experience.jsx [Client Component Browser]
    ./components/canvas/ExperienceLoader.jsx [Client Component Browser]
    ./components/canvas/ExperienceLoader.jsx [Server Component]
    ./app/page.js [Server Component]

https://nextjs.org/docs/messages/module-not-found @ http://localhost:3000/_next/static/chunks/node_modules_next_dist_1e8vcs8._.js:1052
[62864769ms] [ERROR] ./app/page.js:5:1
Error: Module not found: Can't resolve '@/components/dom/ChainLabels'
  3 | import MicroHud from "@/components/dom/MicroHud";
  4 | import ChapterLettering from "@/components/dom/ChapterLettering";
> 5 | import ChainLabels from "@/components/dom/ChainLabels";
    | ^^^^^^^^^^^^^^^^^^^^^^^^^^^^^^^^^^^^^^^^^^^^^^^^^^^^^^^
  6 | import NebulaMessages from "@/components/dom/NebulaMessages";
  7 | import OrbitalRingLabels from "@/components/dom/OrbitalRingLabels";
  8 | import NffcIdentityCard from "@/components/dom/NffcIdentityCard";

Import map: aliased to relative './components/dom/ChainLabels' inside of [project]/

https://nextjs.org/docs/messages/module-not-found @ http://localhost:3000/_next/static/chunks/node_modules_next_dist_1e8vcs8._.js:1052
[62864769ms] [ERROR] ./app/page.js:9:1
Error: Module not found: Can't resolve '@/components/dom/MarketStats'
   7 | import OrbitalRingLabels from "@/components/dom/OrbitalRingLabels";
   8 | import NffcIdentityCard from "@/components/dom/NffcIdentityCard";
>  9 | import MarketStats from "@/components/dom/MarketStats";
     | ^^^^^^^^^^^^^^^^^^^^^^^^^^^^^^^^^^^^^^^^^^^^^^^^^^^^^^^
  10 | import FinalCta from "@/components/dom/FinalCta";
  11 | import Letterbox from "@/components/dom/Letterbox";
  12 | import ExperienceLoader from "@/components/canvas/ExperienceLoader";

Import map: aliased to relative './components/dom/MarketStats' inside of [project]/

https://nextjs.org/docs/messages/module-not-found @ http://localhost:3000/_next/static/chunks/node_modules_next_dist_1e8vcs8._.js:1052
[62864769ms] [ERROR] ./app/page.js:8:1
Error: Module not found: Can't resolve '@/components/dom/NffcIdentityCard'
   6 | import NebulaMessages from "@/components/dom/NebulaMessages";
   7 | import OrbitalRingLabels from "@/components/dom/OrbitalRingLabels";
>  8 | import NffcIdentityCard from "@/components/dom/NffcIdentityCard";
     | ^^^^^^^^^^^^^^^^^^^^^^^^^^^^^^^^^^^^^^^^^^^^^^^^^^^^^^^^^^^^^^^^^
   9 | import MarketStats from "@/components/dom/MarketStats";
  10 | import FinalCta from "@/components/dom/FinalCta";
  11 | import Letterbox from "@/components/dom/Letterbox";

Import map: aliased to relative './components/dom/NffcIdentityCard' inside of [project]/

https://nextjs.org/docs/messages/module-not-found @ http://localhost:3000/_next/static/chunks/node_modules_next_dist_1e8vcs8._.js:1052
[62864769ms] [ERROR] ./app/page.js:7:1
Error: Module not found: Can't resolve '@/components/dom/OrbitalRingLabels'
   5 | import ChainLabels from "@/components/dom/ChainLabels";
   6 | import NebulaMessages from "@/components/dom/NebulaMessages";
>  7 | import OrbitalRingLabels from "@/components/dom/OrbitalRingLabels";
     | ^^^^^^^^^^^^^^^^^^^^^^^^^^^^^^^^^^^^^^^^^^^^^^^^^^^^^^^^^^^^^^^^^^^
   8 | import NffcIdentityCard from "@/components/dom/NffcIdentityCard";
   9 | import MarketStats from "@/components/dom/MarketStats";
  10 | import FinalCta from "@/components/dom/FinalCta";

Import map: aliased to relative './components/dom/OrbitalRingLabels' inside of [project]/

https://nextjs.org/docs/messages/module-not-found @ http://localhost:3000/_next/static/chunks/node_modules_next_dist_1e8vcs8._.js:1052
[62865634ms] [ERROR] ./components/canvas/Experience.jsx:18:1
Error: Module not found: Can't resolve './scenes/ChainsField'
  16 | import DigitalGrid from "./scenes/DigitalGrid";
  17 | import CollectionsField from "./scenes/CollectionsField";
> 18 | import ChainsField from "./scenes/ChainsField";
     | ^^^^^^^^^^^^^^^^^^^^^^^^^^^^^^^^^^^^^^^^^^^^^^^
  19 | import RwaNode from "./scenes/RwaNode";
  20 | import UniverseField from "./scenes/UniverseField";
  21 | import NffcSystem from "./scenes/NffcSystem";

Import trace:
  Client Component Browser:
    ./components/canvas/Experience.jsx [Client Component Browser]
    ./components/canvas/ExperienceLoader.jsx [Client Component Browser]
    ./components/canvas/ExperienceLoader.jsx [Server Component]
    ./app/page.js [Server Component]

https://nextjs.org/docs/messages/module-not-found @ http://localhost:3000/_next/static/chunks/node_modules_next_dist_1e8vcs8._.js:1052
[62865634ms] [ERROR] ./components/canvas/Experience.jsx:17:1
Error: Module not found: Can't resolve './scenes/CollectionsField'
  15 | import NftEmergence from "./scenes/NftEmergence";
  16 | import DigitalGrid from "./scenes/DigitalGrid";
> 17 | import CollectionsField from "./scenes/CollectionsField";
     | ^^^^^^^^^^^^^^^^^^^^^^^^^^^^^^^^^^^^^^^^^^^^^^^^^^^^^^^^^
  18 | import ChainsField from "./scenes/ChainsField";
  19 | import RwaNode from "./scenes/RwaNode";
  20 | import UniverseField from "./scenes/UniverseField";

Import trace:
  Client Component Browser:
    ./components/canvas/Experience.jsx [Client Component Browser]
    ./components/canvas/ExperienceLoader.jsx [Client Component Browser]
    ./components/canvas/ExperienceLoader.jsx [Server Component]
    ./app/page.js [Server Component]

https://nextjs.org/docs/messages/module-not-found @ http://localhost:3000/_next/static/chunks/node_modules_next_dist_1e8vcs8._.js:1052
[62865634ms] [ERROR] ./components/canvas/Experience.jsx:22:1
Error: Module not found: Can't resolve './scenes/GalaxyConnections'
  20 | import UniverseField from "./scenes/UniverseField";
  21 | import NffcSystem from "./scenes/NffcSystem";
> 22 | import GalaxyConnections from "./scenes/GalaxyConnections";
     | ^^^^^^^^^^^^^^^^^^^^^^^^^^^^^^^^^^^^^^^^^^^^^^^^^^^^^^^^^^^
  23 | import PostFX from "./PostFX";
  24 | import styles from "./Experience.module.css";
  25 | import { isMobile, CINEMATIC, BIGBANG } from "@/lib/tuning";

Import trace:
  Client Component Browser:
    ./components/canvas/Experience.jsx [Client Component Browser]
    ./components/canvas/ExperienceLoader.jsx [Client Component Browser]
    ./components/canvas/ExperienceLoader.jsx [Server Component]
    ./app/page.js [Server Component]

https://nextjs.org/docs/messages/module-not-found @ http://localhost:3000/_next/static/chunks/node_modules_next_dist_1e8vcs8._.js:1052
[62865635ms] [ERROR] ./components/canvas/Experience.jsx:21:1
Error: Module not found: Can't resolve './scenes/NffcSystem'
  19 | import RwaNode from "./scenes/RwaNode";
  20 | import UniverseField from "./scenes/UniverseField";
> 21 | import NffcSystem from "./scenes/NffcSystem";
     | ^^^^^^^^^^^^^^^^^^^^^^^^^^^^^^^^^^^^^^^^^^^^^
  22 | import GalaxyConnections from "./scenes/GalaxyConnections";
  23 | import PostFX from "./PostFX";
  24 | import styles from "./Experience.module.css";

Import trace:
  Client Component Browser:
    ./components/canvas/Experience.jsx [Client Component Browser]
    ./components/canvas/ExperienceLoader.jsx [Client Component Browser]
    ./components/canvas/ExperienceLoader.jsx [Server Component]
    ./app/page.js [Server Component]

https://nextjs.org/docs/messages/module-not-found @ http://localhost:3000/_next/static/chunks/node_modules_next_dist_1e8vcs8._.js:1052
[62865635ms] [ERROR] ./components/canvas/Experience.jsx:19:1
Error: Module not found: Can't resolve './scenes/RwaNode'
  17 | import CollectionsField from "./scenes/CollectionsField";
  18 | import ChainsField from "./scenes/ChainsField";
> 19 | import RwaNode from "./scenes/RwaNode";
     | ^^^^^^^^^^^^^^^^^^^^^^^^^^^^^^^^^^^^^^^
  20 | import UniverseField from "./scenes/UniverseField";
  21 | import NffcSystem from "./scenes/NffcSystem";
  22 | import GalaxyConnections from "./scenes/GalaxyConnections";

Import trace:
  Client Component Browser:
    ./components/canvas/Experience.jsx [Client Component Browser]
    ./components/canvas/ExperienceLoader.jsx [Client Component Browser]
    ./components/canvas/ExperienceLoader.jsx [Server Component]
    ./app/page.js [Server Component]

https://nextjs.org/docs/messages/module-not-found @ http://localhost:3000/_next/static/chunks/node_modules_next_dist_1e8vcs8._.js:1052
[62865635ms] [ERROR] ./app/page.js:5:1
Error: Module not found: Can't resolve '@/components/dom/ChainLabels'
  3 | import MicroHud from "@/components/dom/MicroHud";
  4 | import ChapterLettering from "@/components/dom/ChapterLettering";
> 5 | import ChainLabels from "@/components/dom/ChainLabels";
    | ^^^^^^^^^^^^^^^^^^^^^^^^^^^^^^^^^^^^^^^^^^^^^^^^^^^^^^^
  6 | import NebulaMessages from "@/components/dom/NebulaMessages";
  7 | import OrbitalRingLabels from "@/components/dom/OrbitalRingLabels";
  8 | import NffcIdentityCard from "@/components/dom/NffcIdentityCard";

Import map: aliased to relative './components/dom/ChainLabels' inside of [project]/

https://nextjs.org/docs/messages/module-not-found @ http://localhost:3000/_next/static/chunks/node_modules_next_dist_1e8vcs8._.js:1052
[62865635ms] [ERROR] ./app/page.js:9:1
Error: Module not found: Can't resolve '@/components/dom/MarketStats'
   7 | import OrbitalRingLabels from "@/components/dom/OrbitalRingLabels";
   8 | import NffcIdentityCard from "@/components/dom/NffcIdentityCard";
>  9 | import MarketStats from "@/components/dom/MarketStats";
     | ^^^^^^^^^^^^^^^^^^^^^^^^^^^^^^^^^^^^^^^^^^^^^^^^^^^^^^^
  10 | import FinalCta from "@/components/dom/FinalCta";
  11 | import Letterbox from "@/components/dom/Letterbox";
  12 | import ExperienceLoader from "@/components/canvas/ExperienceLoader";

Import map: aliased to relative './components/dom/MarketStats' inside of [project]/

https://nextjs.org/docs/messages/module-not-found @ http://localhost:3000/_next/static/chunks/node_modules_next_dist_1e8vcs8._.js:1052
[62865635ms] [ERROR] ./app/page.js:8:1
Error: Module not found: Can't resolve '@/components/dom/NffcIdentityCard'
   6 | import NebulaMessages from "@/components/dom/NebulaMessages";
   7 | import OrbitalRingLabels from "@/components/dom/OrbitalRingLabels";
>  8 | import NffcIdentityCard from "@/components/dom/NffcIdentityCard";
     | ^^^^^^^^^^^^^^^^^^^^^^^^^^^^^^^^^^^^^^^^^^^^^^^^^^^^^^^^^^^^^^^^^
   9 | import MarketStats from "@/components/dom/MarketStats";
  10 | import FinalCta from "@/components/dom/FinalCta";
  11 | import Letterbox from "@/components/dom/Letterbox";

Import map: aliased to relative './components/dom/NffcIdentityCard' inside of [project]/

https://nextjs.org/docs/messages/module-not-found @ http://localhost:3000/_next/static/chunks/node_modules_next_dist_1e8vcs8._.js:1052
[62865635ms] [ERROR] ./app/page.js:7:1
Error: Module not found: Can't resolve '@/components/dom/OrbitalRingLabels'
   5 | import ChainLabels from "@/components/dom/ChainLabels";
   6 | import NebulaMessages from "@/components/dom/NebulaMessages";
>  7 | import OrbitalRingLabels from "@/components/dom/OrbitalRingLabels";
     | ^^^^^^^^^^^^^^^^^^^^^^^^^^^^^^^^^^^^^^^^^^^^^^^^^^^^^^^^^^^^^^^^^^^
   8 | import NffcIdentityCard from "@/components/dom/NffcIdentityCard";
   9 | import MarketStats from "@/components/dom/MarketStats";
  10 | import FinalCta from "@/components/dom/FinalCta";

Import map: aliased to relative './components/dom/OrbitalRingLabels' inside of [project]/

https://nextjs.org/docs/messages/module-not-found @ http://localhost:3000/_next/static/chunks/node_modules_next_dist_1e8vcs8._.js:1052
[62865655ms] [LOG] [Fast Refresh] rebuilding @ http://localhost:3000/_next/static/chunks/node_modules_next_dist_1e8vcs8._.js:776
[62871123ms] [ERROR] ./components/canvas/Experience.jsx:18:1
Error: Module not found: Can't resolve './scenes/ChainsField'
  16 | import DigitalGrid from "./scenes/DigitalGrid";
  17 | import CollectionsField from "./scenes/CollectionsField";
> 18 | import ChainsField from "./scenes/ChainsField";
     | ^^^^^^^^^^^^^^^^^^^^^^^^^^^^^^^^^^^^^^^^^^^^^^^
  19 | import RwaNode from "./scenes/RwaNode";
  20 | import UniverseField from "./scenes/UniverseField";
  21 | import NffcSystem from "./scenes/NffcSystem";

Import trace:
  Client Component Browser:
    ./components/canvas/Experience.jsx [Client Component Browser]
    ./components/canvas/ExperienceLoader.jsx [Client Component Browser]
    ./components/canvas/ExperienceLoader.jsx [Server Component]
    ./app/page.js [Server Component]

https://nextjs.org/docs/messages/module-not-found @ http://localhost:3000/_next/static/chunks/node_modules_next_dist_1e8vcs8._.js:1052
[62871123ms] [ERROR] ./components/canvas/Experience.jsx:17:1
Error: Module not found: Can't resolve './scenes/CollectionsField'
  15 | import NftEmergence from "./scenes/NftEmergence";
  16 | import DigitalGrid from "./scenes/DigitalGrid";
> 17 | import CollectionsField from "./scenes/CollectionsField";
     | ^^^^^^^^^^^^^^^^^^^^^^^^^^^^^^^^^^^^^^^^^^^^^^^^^^^^^^^^^
  18 | import ChainsField from "./scenes/ChainsField";
  19 | import RwaNode from "./scenes/RwaNode";
  20 | import UniverseField from "./scenes/UniverseField";

Import trace:
  Client Component Browser:
    ./components/canvas/Experience.jsx [Client Component Browser]
    ./components/canvas/ExperienceLoader.jsx [Client Component Browser]
    ./components/canvas/ExperienceLoader.jsx [Server Component]
    ./app/page.js [Server Component]

https://nextjs.org/docs/messages/module-not-found @ http://localhost:3000/_next/static/chunks/node_modules_next_dist_1e8vcs8._.js:1052
[62871123ms] [ERROR] ./components/canvas/Experience.jsx:22:1
Error: Module not found: Can't resolve './scenes/GalaxyConnections'
  20 | import UniverseField from "./scenes/UniverseField";
  21 | import NffcSystem from "./scenes/NffcSystem";
> 22 | import GalaxyConnections from "./scenes/GalaxyConnections";
     | ^^^^^^^^^^^^^^^^^^^^^^^^^^^^^^^^^^^^^^^^^^^^^^^^^^^^^^^^^^^
  23 | import PostFX from "./PostFX";
  24 | import styles from "./Experience.module.css";
  25 | import { isMobile, CINEMATIC, BIGBANG } from "@/lib/tuning";

Import trace:
  Client Component Browser:
    ./components/canvas/Experience.jsx [Client Component Browser]
    ./components/canvas/ExperienceLoader.jsx [Client Component Browser]
    ./components/canvas/ExperienceLoader.jsx [Server Component]
    ./app/page.js [Server Component]

https://nextjs.org/docs/messages/module-not-found @ http://localhost:3000/_next/static/chunks/node_modules_next_dist_1e8vcs8._.js:1052
[62871123ms] [ERROR] ./components/canvas/Experience.jsx:21:1
Error: Module not found: Can't resolve './scenes/NffcSystem'
  19 | import RwaNode from "./scenes/RwaNode";
  20 | import UniverseField from "./scenes/UniverseField";
> 21 | import NffcSystem from "./scenes/NffcSystem";
     | ^^^^^^^^^^^^^^^^^^^^^^^^^^^^^^^^^^^^^^^^^^^^^
  22 | import GalaxyConnections from "./scenes/GalaxyConnections";
  23 | import PostFX from "./PostFX";
  24 | import styles from "./Experience.module.css";

Import trace:
  Client Component Browser:
    ./components/canvas/Experience.jsx [Client Component Browser]
    ./components/canvas/ExperienceLoader.jsx [Client Component Browser]
    ./components/canvas/ExperienceLoader.jsx [Server Component]
    ./app/page.js [Server Component]

https://nextjs.org/docs/messages/module-not-found @ http://localhost:3000/_next/static/chunks/node_modules_next_dist_1e8vcs8._.js:1052
[62871124ms] [ERROR] ./components/canvas/Experience.jsx:19:1
Error: Module not found: Can't resolve './scenes/RwaNode'
  17 | import CollectionsField from "./scenes/CollectionsField";
  18 | import ChainsField from "./scenes/ChainsField";
> 19 | import RwaNode from "./scenes/RwaNode";
     | ^^^^^^^^^^^^^^^^^^^^^^^^^^^^^^^^^^^^^^^
  20 | import UniverseField from "./scenes/UniverseField";
  21 | import NffcSystem from "./scenes/NffcSystem";
  22 | import GalaxyConnections from "./scenes/GalaxyConnections";

Import trace:
  Client Component Browser:
    ./components/canvas/Experience.jsx [Client Component Browser]
    ./components/canvas/ExperienceLoader.jsx [Client Component Browser]
    ./components/canvas/ExperienceLoader.jsx [Server Component]
    ./app/page.js [Server Component]

https://nextjs.org/docs/messages/module-not-found @ http://localhost:3000/_next/static/chunks/node_modules_next_dist_1e8vcs8._.js:1052
[62871124ms] [ERROR] ./app/page.js:5:1
Error: Module not found: Can't resolve '@/components/dom/ChainLabels'
  3 | import MicroHud from "@/components/dom/MicroHud";
  4 | import ChapterLettering from "@/components/dom/ChapterLettering";
> 5 | import ChainLabels from "@/components/dom/ChainLabels";
    | ^^^^^^^^^^^^^^^^^^^^^^^^^^^^^^^^^^^^^^^^^^^^^^^^^^^^^^^
  6 | import NebulaMessages from "@/components/dom/NebulaMessages";
  7 | import OrbitalRingLabels from "@/components/dom/OrbitalRingLabels";
  8 | import NffcIdentityCard from "@/components/dom/NffcIdentityCard";

Import map: aliased to relative './components/dom/ChainLabels' inside of [project]/

https://nextjs.org/docs/messages/module-not-found @ http://localhost:3000/_next/static/chunks/node_modules_next_dist_1e8vcs8._.js:1052
[62871124ms] [ERROR] ./app/page.js:9:1
Error: Module not found: Can't resolve '@/components/dom/MarketStats'
   7 | import OrbitalRingLabels from "@/components/dom/OrbitalRingLabels";
   8 | import NffcIdentityCard from "@/components/dom/NffcIdentityCard";
>  9 | import MarketStats from "@/components/dom/MarketStats";
     | ^^^^^^^^^^^^^^^^^^^^^^^^^^^^^^^^^^^^^^^^^^^^^^^^^^^^^^^
  10 | import FinalCta from "@/components/dom/FinalCta";
  11 | import Letterbox from "@/components/dom/Letterbox";
  12 | import ExperienceLoader from "@/components/canvas/ExperienceLoader";

Import map: aliased to relative './components/dom/MarketStats' inside of [project]/

https://nextjs.org/docs/messages/module-not-found @ http://localhost:3000/_next/static/chunks/node_modules_next_dist_1e8vcs8._.js:1052
[62871124ms] [ERROR] ./app/page.js:8:1
Error: Module not found: Can't resolve '@/components/dom/NffcIdentityCard'
   6 | import NebulaMessages from "@/components/dom/NebulaMessages";
   7 | import OrbitalRingLabels from "@/components/dom/OrbitalRingLabels";
>  8 | import NffcIdentityCard from "@/components/dom/NffcIdentityCard";
     | ^^^^^^^^^^^^^^^^^^^^^^^^^^^^^^^^^^^^^^^^^^^^^^^^^^^^^^^^^^^^^^^^^
   9 | import MarketStats from "@/components/dom/MarketStats";
  10 | import FinalCta from "@/components/dom/FinalCta";
  11 | import Letterbox from "@/components/dom/Letterbox";

Import map: aliased to relative './components/dom/NffcIdentityCard' inside of [project]/

https://nextjs.org/docs/messages/module-not-found @ http://localhost:3000/_next/static/chunks/node_modules_next_dist_1e8vcs8._.js:1052
[62871124ms] [ERROR] ./app/page.js:7:1
Error: Module not found: Can't resolve '@/components/dom/OrbitalRingLabels'
   5 | import ChainLabels from "@/components/dom/ChainLabels";
   6 | import NebulaMessages from "@/components/dom/NebulaMessages";
>  7 | import OrbitalRingLabels from "@/components/dom/OrbitalRingLabels";
     | ^^^^^^^^^^^^^^^^^^^^^^^^^^^^^^^^^^^^^^^^^^^^^^^^^^^^^^^^^^^^^^^^^^^
   8 | import NffcIdentityCard from "@/components/dom/NffcIdentityCard";
   9 | import MarketStats from "@/components/dom/MarketStats";
  10 | import FinalCta from "@/components/dom/FinalCta";

Import map: aliased to relative './components/dom/OrbitalRingLabels' inside of [project]/

https://nextjs.org/docs/messages/module-not-found @ http://localhost:3000/_next/static/chunks/node_modules_next_dist_1e8vcs8._.js:1052
[62871202ms] [ERROR] ./components/canvas/Experience.jsx:18:1
Error: Module not found: Can't resolve './scenes/ChainsField'
  16 | import DigitalGrid from "./scenes/DigitalGrid";
  17 | import CollectionsField from "./scenes/CollectionsField";
> 18 | import ChainsField from "./scenes/ChainsField";
     | ^^^^^^^^^^^^^^^^^^^^^^^^^^^^^^^^^^^^^^^^^^^^^^^
  19 | import RwaNode from "./scenes/RwaNode";
  20 | import UniverseField from "./scenes/UniverseField";
  21 | import NffcSystem from "./scenes/NffcSystem";

Import trace:
  Client Component Browser:
    ./components/canvas/Experience.jsx [Client Component Browser]
    ./components/canvas/ExperienceLoader.jsx [Client Component Browser]
    ./components/canvas/ExperienceLoader.jsx [Server Component]
    ./app/page.js [Server Component]

https://nextjs.org/docs/messages/module-not-found @ http://localhost:3000/_next/static/chunks/node_modules_next_dist_1e8vcs8._.js:1052
[62871202ms] [ERROR] ./components/canvas/Experience.jsx:17:1
Error: Module not found: Can't resolve './scenes/CollectionsField'
  15 | import NftEmergence from "./scenes/NftEmergence";
  16 | import DigitalGrid from "./scenes/DigitalGrid";
> 17 | import CollectionsField from "./scenes/CollectionsField";
     | ^^^^^^^^^^^^^^^^^^^^^^^^^^^^^^^^^^^^^^^^^^^^^^^^^^^^^^^^^
  18 | import ChainsField from "./scenes/ChainsField";
  19 | import RwaNode from "./scenes/RwaNode";
  20 | import UniverseField from "./scenes/UniverseField";

Import trace:
  Client Component Browser:
    ./components/canvas/Experience.jsx [Client Component Browser]
    ./components/canvas/ExperienceLoader.jsx [Client Component Browser]
    ./components/canvas/ExperienceLoader.jsx [Server Component]
    ./app/page.js [Server Component]

https://nextjs.org/docs/messages/module-not-found @ http://localhost:3000/_next/static/chunks/node_modules_next_dist_1e8vcs8._.js:1052
[62871202ms] [ERROR] ./components/canvas/Experience.jsx:22:1
Error: Module not found: Can't resolve './scenes/GalaxyConnections'
  20 | import UniverseField from "./scenes/UniverseField";
  21 | import NffcSystem from "./scenes/NffcSystem";
> 22 | import GalaxyConnections from "./scenes/GalaxyConnections";
     | ^^^^^^^^^^^^^^^^^^^^^^^^^^^^^^^^^^^^^^^^^^^^^^^^^^^^^^^^^^^
  23 | import PostFX from "./PostFX";
  24 | import styles from "./Experience.module.css";
  25 | import { isMobile, CINEMATIC, BIGBANG } from "@/lib/tuning";

Import trace:
  Client Component Browser:
    ./components/canvas/Experience.jsx [Client Component Browser]
    ./components/canvas/ExperienceLoader.jsx [Client Component Browser]
    ./components/canvas/ExperienceLoader.jsx [Server Component]
    ./app/page.js [Server Component]

https://nextjs.org/docs/messages/module-not-found @ http://localhost:3000/_next/static/chunks/node_modules_next_dist_1e8vcs8._.js:1052
[62871203ms] [ERROR] ./components/canvas/Experience.jsx:21:1
Error: Module not found: Can't resolve './scenes/NffcSystem'
  19 | import RwaNode from "./scenes/RwaNode";
  20 | import UniverseField from "./scenes/UniverseField";
> 21 | import NffcSystem from "./scenes/NffcSystem";
     | ^^^^^^^^^^^^^^^^^^^^^^^^^^^^^^^^^^^^^^^^^^^^^
  22 | import GalaxyConnections from "./scenes/GalaxyConnections";
  23 | import PostFX from "./PostFX";
  24 | import styles from "./Experience.module.css";

Import trace:
  Client Component Browser:
    ./components/canvas/Experience.jsx [Client Component Browser]
    ./components/canvas/ExperienceLoader.jsx [Client Component Browser]
    ./components/canvas/ExperienceLoader.jsx [Server Component]
    ./app/page.js [Server Component]

https://nextjs.org/docs/messages/module-not-found @ http://localhost:3000/_next/static/chunks/node_modules_next_dist_1e8vcs8._.js:1052
[62871203ms] [ERROR] ./components/canvas/Experience.jsx:19:1
Error: Module not found: Can't resolve './scenes/RwaNode'
  17 | import CollectionsField from "./scenes/CollectionsField";
  18 | import ChainsField from "./scenes/ChainsField";
> 19 | import RwaNode from "./scenes/RwaNode";
     | ^^^^^^^^^^^^^^^^^^^^^^^^^^^^^^^^^^^^^^^
  20 | import UniverseField from "./scenes/UniverseField";
  21 | import NffcSystem from "./scenes/NffcSystem";
  22 | import GalaxyConnections from "./scenes/GalaxyConnections";

Import trace:
  Client Component Browser:
    ./components/canvas/Experience.jsx [Client Component Browser]
    ./components/canvas/ExperienceLoader.jsx [Client Component Browser]
    ./components/canvas/ExperienceLoader.jsx [Server Component]
    ./app/page.js [Server Component]

https://nextjs.org/docs/messages/module-not-found @ http://localhost:3000/_next/static/chunks/node_modules_next_dist_1e8vcs8._.js:1052
[62871203ms] [ERROR] ./app/page.js:5:1
Error: Module not found: Can't resolve '@/components/dom/ChainLabels'
  3 | import MicroHud from "@/components/dom/MicroHud";
  4 | import ChapterLettering from "@/components/dom/ChapterLettering";
> 5 | import ChainLabels from "@/components/dom/ChainLabels";
    | ^^^^^^^^^^^^^^^^^^^^^^^^^^^^^^^^^^^^^^^^^^^^^^^^^^^^^^^
  6 | import NebulaMessages from "@/components/dom/NebulaMessages";
  7 | import OrbitalRingLabels from "@/components/dom/OrbitalRingLabels";
  8 | import NffcIdentityCard from "@/components/dom/NffcIdentityCard";

Import map: aliased to relative './components/dom/ChainLabels' inside of [project]/

https://nextjs.org/docs/messages/module-not-found @ http://localhost:3000/_next/static/chunks/node_modules_next_dist_1e8vcs8._.js:1052
[62871203ms] [ERROR] ./app/page.js:9:1
Error: Module not found: Can't resolve '@/components/dom/MarketStats'
   7 | import OrbitalRingLabels from "@/components/dom/OrbitalRingLabels";
   8 | import NffcIdentityCard from "@/components/dom/NffcIdentityCard";
>  9 | import MarketStats from "@/components/dom/MarketStats";
     | ^^^^^^^^^^^^^^^^^^^^^^^^^^^^^^^^^^^^^^^^^^^^^^^^^^^^^^^
  10 | import FinalCta from "@/components/dom/FinalCta";
  11 | import Letterbox from "@/components/dom/Letterbox";
  12 | import ExperienceLoader from "@/components/canvas/ExperienceLoader";

Import map: aliased to relative './components/dom/MarketStats' inside of [project]/

https://nextjs.org/docs/messages/module-not-found @ http://localhost:3000/_next/static/chunks/node_modules_next_dist_1e8vcs8._.js:1052
[62871203ms] [ERROR] ./app/page.js:8:1
Error: Module not found: Can't resolve '@/components/dom/NffcIdentityCard'
   6 | import NebulaMessages from "@/components/dom/NebulaMessages";
   7 | import OrbitalRingLabels from "@/components/dom/OrbitalRingLabels";
>  8 | import NffcIdentityCard from "@/components/dom/NffcIdentityCard";
     | ^^^^^^^^^^^^^^^^^^^^^^^^^^^^^^^^^^^^^^^^^^^^^^^^^^^^^^^^^^^^^^^^^
   9 | import MarketStats from "@/components/dom/MarketStats";
  10 | import FinalCta from "@/components/dom/FinalCta";
  11 | import Letterbox from "@/components/dom/Letterbox";

Import map: aliased to relative './components/dom/NffcIdentityCard' inside of [project]/

https://nextjs.org/docs/messages/module-not-found @ http://localhost:3000/_next/static/chunks/node_modules_next_dist_1e8vcs8._.js:1052
[62871203ms] [ERROR] ./app/page.js:7:1
Error: Module not found: Can't resolve '@/components/dom/OrbitalRingLabels'
   5 | import ChainLabels from "@/components/dom/ChainLabels";
   6 | import NebulaMessages from "@/components/dom/NebulaMessages";
>  7 | import OrbitalRingLabels from "@/components/dom/OrbitalRingLabels";
     | ^^^^^^^^^^^^^^^^^^^^^^^^^^^^^^^^^^^^^^^^^^^^^^^^^^^^^^^^^^^^^^^^^^^
   8 | import NffcIdentityCard from "@/components/dom/NffcIdentityCard";
   9 | import MarketStats from "@/components/dom/MarketStats";
  10 | import FinalCta from "@/components/dom/FinalCta";

Import map: aliased to relative './components/dom/OrbitalRingLabels' inside of [project]/

https://nextjs.org/docs/messages/module-not-found @ http://localhost:3000/_next/static/chunks/node_modules_next_dist_1e8vcs8._.js:1052
[62891295ms] [ERROR] ./components/canvas/Experience.jsx:18:1
Error: Module not found: Can't resolve './scenes/ChainsField'
  16 | import DigitalGrid from "./scenes/DigitalGrid";
  17 | import CollectionsField from "./scenes/CollectionsField";
> 18 | import ChainsField from "./scenes/ChainsField";
     | ^^^^^^^^^^^^^^^^^^^^^^^^^^^^^^^^^^^^^^^^^^^^^^^
  19 | import RwaNode from "./scenes/RwaNode";
  20 | import UniverseField from "./scenes/UniverseField";
  21 | import NffcSystem from "./scenes/NffcSystem";

Import trace:
  Client Component Browser:
    ./components/canvas/Experience.jsx [Client Component Browser]
    ./components/canvas/ExperienceLoader.jsx [Client Component Browser]
    ./components/canvas/ExperienceLoader.jsx [Server Component]
    ./app/page.js [Server Component]

https://nextjs.org/docs/messages/module-not-found @ http://localhost:3000/_next/static/chunks/node_modules_next_dist_1e8vcs8._.js:1052
[62891295ms] [ERROR] ./components/canvas/Experience.jsx:17:1
Error: Module not found: Can't resolve './scenes/CollectionsField'
  15 | import NftEmergence from "./scenes/NftEmergence";
  16 | import DigitalGrid from "./scenes/DigitalGrid";
> 17 | import CollectionsField from "./scenes/CollectionsField";
     | ^^^^^^^^^^^^^^^^^^^^^^^^^^^^^^^^^^^^^^^^^^^^^^^^^^^^^^^^^
  18 | import ChainsField from "./scenes/ChainsField";
  19 | import RwaNode from "./scenes/RwaNode";
  20 | import UniverseField from "./scenes/UniverseField";

Import trace:
  Client Component Browser:
    ./components/canvas/Experience.jsx [Client Component Browser]
    ./components/canvas/ExperienceLoader.jsx [Client Component Browser]
    ./components/canvas/ExperienceLoader.jsx [Server Component]
    ./app/page.js [Server Component]

https://nextjs.org/docs/messages/module-not-found @ http://localhost:3000/_next/static/chunks/node_modules_next_dist_1e8vcs8._.js:1052
[62891295ms] [ERROR] ./components/canvas/Experience.jsx:22:1
Error: Module not found: Can't resolve './scenes/GalaxyConnections'
  20 | import UniverseField from "./scenes/UniverseField";
  21 | import NffcSystem from "./scenes/NffcSystem";
> 22 | import GalaxyConnections from "./scenes/GalaxyConnections";
     | ^^^^^^^^^^^^^^^^^^^^^^^^^^^^^^^^^^^^^^^^^^^^^^^^^^^^^^^^^^^
  23 | import PostFX from "./PostFX";
  24 | import styles from "./Experience.module.css";
  25 | import { isMobile, CINEMATIC, BIGBANG } from "@/lib/tuning";

Import trace:
  Client Component Browser:
    ./components/canvas/Experience.jsx [Client Component Browser]
    ./components/canvas/ExperienceLoader.jsx [Client Component Browser]
    ./components/canvas/ExperienceLoader.jsx [Server Component]
    ./app/page.js [Server Component]

https://nextjs.org/docs/messages/module-not-found @ http://localhost:3000/_next/static/chunks/node_modules_next_dist_1e8vcs8._.js:1052
[62891296ms] [ERROR] ./components/canvas/Experience.jsx:21:1
Error: Module not found: Can't resolve './scenes/NffcSystem'
  19 | import RwaNode from "./scenes/RwaNode";
  20 | import UniverseField from "./scenes/UniverseField";
> 21 | import NffcSystem from "./scenes/NffcSystem";
     | ^^^^^^^^^^^^^^^^^^^^^^^^^^^^^^^^^^^^^^^^^^^^^
  22 | import GalaxyConnections from "./scenes/GalaxyConnections";
  23 | import PostFX from "./PostFX";
  24 | import styles from "./Experience.module.css";

Import trace:
  Client Component Browser:
    ./components/canvas/Experience.jsx [Client Component Browser]
    ./components/canvas/ExperienceLoader.jsx [Client Component Browser]
    ./components/canvas/ExperienceLoader.jsx [Server Component]
    ./app/page.js [Server Component]

https://nextjs.org/docs/messages/module-not-found @ http://localhost:3000/_next/static/chunks/node_modules_next_dist_1e8vcs8._.js:1052
[62891296ms] [ERROR] ./components/canvas/Experience.jsx:19:1
Error: Module not found: Can't resolve './scenes/RwaNode'
  17 | import CollectionsField from "./scenes/CollectionsField";
  18 | import ChainsField from "./scenes/ChainsField";
> 19 | import RwaNode from "./scenes/RwaNode";
     | ^^^^^^^^^^^^^^^^^^^^^^^^^^^^^^^^^^^^^^^
  20 | import UniverseField from "./scenes/UniverseField";
  21 | import NffcSystem from "./scenes/NffcSystem";
  22 | import GalaxyConnections from "./scenes/GalaxyConnections";

Import trace:
  Client Component Browser:
    ./components/canvas/Experience.jsx [Client Component Browser]
    ./components/canvas/ExperienceLoader.jsx [Client Component Browser]
    ./components/canvas/ExperienceLoader.jsx [Server Component]
    ./app/page.js [Server Component]

https://nextjs.org/docs/messages/module-not-found @ http://localhost:3000/_next/static/chunks/node_modules_next_dist_1e8vcs8._.js:1052
[62891296ms] [ERROR] ./app/page.js:5:1
Error: Module not found: Can't resolve '@/components/dom/ChainLabels'
  3 | import MicroHud from "@/components/dom/MicroHud";
  4 | import ChapterLettering from "@/components/dom/ChapterLettering";
> 5 | import ChainLabels from "@/components/dom/ChainLabels";
    | ^^^^^^^^^^^^^^^^^^^^^^^^^^^^^^^^^^^^^^^^^^^^^^^^^^^^^^^
  6 | import NebulaMessages from "@/components/dom/NebulaMessages";
  7 | import OrbitalRingLabels from "@/components/dom/OrbitalRingLabels";
  8 | import NffcIdentityCard from "@/components/dom/NffcIdentityCard";

Import map: aliased to relative './components/dom/ChainLabels' inside of [project]/

https://nextjs.org/docs/messages/module-not-found @ http://localhost:3000/_next/static/chunks/node_modules_next_dist_1e8vcs8._.js:1052
[62891296ms] [ERROR] ./app/page.js:9:1
Error: Module not found: Can't resolve '@/components/dom/MarketStats'
   7 | import OrbitalRingLabels from "@/components/dom/OrbitalRingLabels";
   8 | import NffcIdentityCard from "@/components/dom/NffcIdentityCard";
>  9 | import MarketStats from "@/components/dom/MarketStats";
     | ^^^^^^^^^^^^^^^^^^^^^^^^^^^^^^^^^^^^^^^^^^^^^^^^^^^^^^^
  10 | import FinalCta from "@/components/dom/FinalCta";
  11 | import Letterbox from "@/components/dom/Letterbox";
  12 | import ExperienceLoader from "@/components/canvas/ExperienceLoader";

Import map: aliased to relative './components/dom/MarketStats' inside of [project]/

https://nextjs.org/docs/messages/module-not-found @ http://localhost:3000/_next/static/chunks/node_modules_next_dist_1e8vcs8._.js:1052
[62891296ms] [ERROR] ./app/page.js:8:1
Error: Module not found: Can't resolve '@/components/dom/NffcIdentityCard'
   6 | import NebulaMessages from "@/components/dom/NebulaMessages";
   7 | import OrbitalRingLabels from "@/components/dom/OrbitalRingLabels";
>  8 | import NffcIdentityCard from "@/components/dom/NffcIdentityCard";
     | ^^^^^^^^^^^^^^^^^^^^^^^^^^^^^^^^^^^^^^^^^^^^^^^^^^^^^^^^^^^^^^^^^
   9 | import MarketStats from "@/components/dom/MarketStats";
  10 | import FinalCta from "@/components/dom/FinalCta";
  11 | import Letterbox from "@/components/dom/Letterbox";

Import map: aliased to relative './components/dom/NffcIdentityCard' inside of [project]/

https://nextjs.org/docs/messages/module-not-found @ http://localhost:3000/_next/static/chunks/node_modules_next_dist_1e8vcs8._.js:1052
[62891296ms] [ERROR] ./app/page.js:7:1
Error: Module not found: Can't resolve '@/components/dom/OrbitalRingLabels'
   5 | import ChainLabels from "@/components/dom/ChainLabels";
   6 | import NebulaMessages from "@/components/dom/NebulaMessages";
>  7 | import OrbitalRingLabels from "@/components/dom/OrbitalRingLabels";
     | ^^^^^^^^^^^^^^^^^^^^^^^^^^^^^^^^^^^^^^^^^^^^^^^^^^^^^^^^^^^^^^^^^^^
   8 | import NffcIdentityCard from "@/components/dom/NffcIdentityCard";
   9 | import MarketStats from "@/components/dom/MarketStats";
  10 | import FinalCta from "@/components/dom/FinalCta";

Import map: aliased to relative './components/dom/OrbitalRingLabels' inside of [project]/

https://nextjs.org/docs/messages/module-not-found @ http://localhost:3000/_next/static/chunks/node_modules_next_dist_1e8vcs8._.js:1052
[62892142ms] [ERROR] ./components/canvas/Experience.jsx:18:1
Error: Module not found: Can't resolve './scenes/ChainsField'
  16 | import DigitalGrid from "./scenes/DigitalGrid";
  17 | import CollectionsField from "./scenes/CollectionsField";
> 18 | import ChainsField from "./scenes/ChainsField";
     | ^^^^^^^^^^^^^^^^^^^^^^^^^^^^^^^^^^^^^^^^^^^^^^^
  19 | import RwaNode from "./scenes/RwaNode";
  20 | import UniverseField from "./scenes/UniverseField";
  21 | import NffcSystem from "./scenes/NffcSystem";

Import trace:
  Client Component Browser:
    ./components/canvas/Experience.jsx [Client Component Browser]
    ./components/canvas/ExperienceLoader.jsx [Client Component Browser]
    ./components/canvas/ExperienceLoader.jsx [Server Component]
    ./app/page.js [Server Component]

https://nextjs.org/docs/messages/module-not-found @ http://localhost:3000/_next/static/chunks/node_modules_next_dist_1e8vcs8._.js:1052
[62892142ms] [ERROR] ./components/canvas/Experience.jsx:17:1
Error: Module not found: Can't resolve './scenes/CollectionsField'
  15 | import NftEmergence from "./scenes/NftEmergence";
  16 | import DigitalGrid from "./scenes/DigitalGrid";
> 17 | import CollectionsField from "./scenes/CollectionsField";
     | ^^^^^^^^^^^^^^^^^^^^^^^^^^^^^^^^^^^^^^^^^^^^^^^^^^^^^^^^^
  18 | import ChainsField from "./scenes/ChainsField";
  19 | import RwaNode from "./scenes/RwaNode";
  20 | import UniverseField from "./scenes/UniverseField";

Import trace:
  Client Component Browser:
    ./components/canvas/Experience.jsx [Client Component Browser]
    ./components/canvas/ExperienceLoader.jsx [Client Component Browser]
    ./components/canvas/ExperienceLoader.jsx [Server Component]
    ./app/page.js [Server Component]

https://nextjs.org/docs/messages/module-not-found @ http://localhost:3000/_next/static/chunks/node_modules_next_dist_1e8vcs8._.js:1052
[62892142ms] [ERROR] ./components/canvas/Experience.jsx:22:1
Error: Module not found: Can't resolve './scenes/GalaxyConnections'
  20 | import UniverseField from "./scenes/UniverseField";
  21 | import NffcSystem from "./scenes/NffcSystem";
> 22 | import GalaxyConnections from "./scenes/GalaxyConnections";
     | ^^^^^^^^^^^^^^^^^^^^^^^^^^^^^^^^^^^^^^^^^^^^^^^^^^^^^^^^^^^
  23 | import PostFX from "./PostFX";
  24 | import styles from "./Experience.module.css";
  25 | import { isMobile, CINEMATIC, BIGBANG } from "@/lib/tuning";

Import trace:
  Client Component Browser:
    ./components/canvas/Experience.jsx [Client Component Browser]
    ./components/canvas/ExperienceLoader.jsx [Client Component Browser]
    ./components/canvas/ExperienceLoader.jsx [Server Component]
    ./app/page.js [Server Component]

https://nextjs.org/docs/messages/module-not-found @ http://localhost:3000/_next/static/chunks/node_modules_next_dist_1e8vcs8._.js:1052
[62892142ms] [ERROR] ./components/canvas/Experience.jsx:21:1
Error: Module not found: Can't resolve './scenes/NffcSystem'
  19 | import RwaNode from "./scenes/RwaNode";
  20 | import UniverseField from "./scenes/UniverseField";
> 21 | import NffcSystem from "./scenes/NffcSystem";
     | ^^^^^^^^^^^^^^^^^^^^^^^^^^^^^^^^^^^^^^^^^^^^^
  22 | import GalaxyConnections from "./scenes/GalaxyConnections";
  23 | import PostFX from "./PostFX";
  24 | import styles from "./Experience.module.css";

Import trace:
  Client Component Browser:
    ./components/canvas/Experience.jsx [Client Component Browser]
    ./components/canvas/ExperienceLoader.jsx [Client Component Browser]
    ./components/canvas/ExperienceLoader.jsx [Server Component]
    ./app/page.js [Server Component]

https://nextjs.org/docs/messages/module-not-found @ http://localhost:3000/_next/static/chunks/node_modules_next_dist_1e8vcs8._.js:1052
[62892142ms] [ERROR] ./components/canvas/Experience.jsx:19:1
Error: Module not found: Can't resolve './scenes/RwaNode'
  17 | import CollectionsField from "./scenes/CollectionsField";
  18 | import ChainsField from "./scenes/ChainsField";
> 19 | import RwaNode from "./scenes/RwaNode";
     | ^^^^^^^^^^^^^^^^^^^^^^^^^^^^^^^^^^^^^^^
  20 | import UniverseField from "./scenes/UniverseField";
  21 | import NffcSystem from "./scenes/NffcSystem";
  22 | import GalaxyConnections from "./scenes/GalaxyConnections";

Import trace:
  Client Component Browser:
    ./components/canvas/Experience.jsx [Client Component Browser]
    ./components/canvas/ExperienceLoader.jsx [Client Component Browser]
    ./components/canvas/ExperienceLoader.jsx [Server Component]
    ./app/page.js [Server Component]

https://nextjs.org/docs/messages/module-not-found @ http://localhost:3000/_next/static/chunks/node_modules_next_dist_1e8vcs8._.js:1052
[62892143ms] [ERROR] ./app/page.js:5:1
Error: Module not found: Can't resolve '@/components/dom/ChainLabels'
  3 | import MicroHud from "@/components/dom/MicroHud";
  4 | import ChapterLettering from "@/components/dom/ChapterLettering";
> 5 | import ChainLabels from "@/components/dom/ChainLabels";
    | ^^^^^^^^^^^^^^^^^^^^^^^^^^^^^^^^^^^^^^^^^^^^^^^^^^^^^^^
  6 | import NebulaMessages from "@/components/dom/NebulaMessages";
  7 | import OrbitalRingLabels from "@/components/dom/OrbitalRingLabels";
  8 | import NffcIdentityCard from "@/components/dom/NffcIdentityCard";

Import map: aliased to relative './components/dom/ChainLabels' inside of [project]/

https://nextjs.org/docs/messages/module-not-found @ http://localhost:3000/_next/static/chunks/node_modules_next_dist_1e8vcs8._.js:1052
[62892143ms] [ERROR] ./app/page.js:9:1
Error: Module not found: Can't resolve '@/components/dom/MarketStats'
   7 | import OrbitalRingLabels from "@/components/dom/OrbitalRingLabels";
   8 | import NffcIdentityCard from "@/components/dom/NffcIdentityCard";
>  9 | import MarketStats from "@/components/dom/MarketStats";
     | ^^^^^^^^^^^^^^^^^^^^^^^^^^^^^^^^^^^^^^^^^^^^^^^^^^^^^^^
  10 | import FinalCta from "@/components/dom/FinalCta";
  11 | import Letterbox from "@/components/dom/Letterbox";
  12 | import ExperienceLoader from "@/components/canvas/ExperienceLoader";

Import map: aliased to relative './components/dom/MarketStats' inside of [project]/

https://nextjs.org/docs/messages/module-not-found @ http://localhost:3000/_next/static/chunks/node_modules_next_dist_1e8vcs8._.js:1052
[62892143ms] [ERROR] ./app/page.js:8:1
Error: Module not found: Can't resolve '@/components/dom/NffcIdentityCard'
   6 | import NebulaMessages from "@/components/dom/NebulaMessages";
   7 | import OrbitalRingLabels from "@/components/dom/OrbitalRingLabels";
>  8 | import NffcIdentityCard from "@/components/dom/NffcIdentityCard";
     | ^^^^^^^^^^^^^^^^^^^^^^^^^^^^^^^^^^^^^^^^^^^^^^^^^^^^^^^^^^^^^^^^^
   9 | import MarketStats from "@/components/dom/MarketStats";
  10 | import FinalCta from "@/components/dom/FinalCta";
  11 | import Letterbox from "@/components/dom/Letterbox";

Import map: aliased to relative './components/dom/NffcIdentityCard' inside of [project]/

https://nextjs.org/docs/messages/module-not-found @ http://localhost:3000/_next/static/chunks/node_modules_next_dist_1e8vcs8._.js:1052
[62892143ms] [ERROR] ./app/page.js:7:1
Error: Module not found: Can't resolve '@/components/dom/OrbitalRingLabels'
   5 | import ChainLabels from "@/components/dom/ChainLabels";
   6 | import NebulaMessages from "@/components/dom/NebulaMessages";
>  7 | import OrbitalRingLabels from "@/components/dom/OrbitalRingLabels";
     | ^^^^^^^^^^^^^^^^^^^^^^^^^^^^^^^^^^^^^^^^^^^^^^^^^^^^^^^^^^^^^^^^^^^
   8 | import NffcIdentityCard from "@/components/dom/NffcIdentityCard";
   9 | import MarketStats from "@/components/dom/MarketStats";
  10 | import FinalCta from "@/components/dom/FinalCta";

Import map: aliased to relative './components/dom/OrbitalRingLabels' inside of [project]/

https://nextjs.org/docs/messages/module-not-found @ http://localhost:3000/_next/static/chunks/node_modules_next_dist_1e8vcs8._.js:1052
[62892187ms] [LOG] [Fast Refresh] rebuilding @ http://localhost:3000/_next/static/chunks/node_modules_next_dist_1e8vcs8._.js:776
[62923834ms] [ERROR] ./components/canvas/Experience.jsx:18:1
Error: Module not found: Can't resolve './scenes/ChainsField'
  16 | import DigitalGrid from "./scenes/DigitalGrid";
  17 | import CollectionsField from "./scenes/CollectionsField";
> 18 | import ChainsField from "./scenes/ChainsField";
     | ^^^^^^^^^^^^^^^^^^^^^^^^^^^^^^^^^^^^^^^^^^^^^^^
  19 | import RwaNode from "./scenes/RwaNode";
  20 | import UniverseField from "./scenes/UniverseField";
  21 | import NffcSystem from "./scenes/NffcSystem";

Import trace:
  Client Component Browser:
    ./components/canvas/Experience.jsx [Client Component Browser]
    ./components/canvas/ExperienceLoader.jsx [Client Component Browser]
    ./components/canvas/ExperienceLoader.jsx [Server Component]
    ./app/page.js [Server Component]

https://nextjs.org/docs/messages/module-not-found @ http://localhost:3000/_next/static/chunks/node_modules_next_dist_1e8vcs8._.js:1052
[62923837ms] [ERROR] ./components/canvas/Experience.jsx:17:1
Error: Module not found: Can't resolve './scenes/CollectionsField'
  15 | import NftEmergence from "./scenes/NftEmergence";
  16 | import DigitalGrid from "./scenes/DigitalGrid";
> 17 | import CollectionsField from "./scenes/CollectionsField";
     | ^^^^^^^^^^^^^^^^^^^^^^^^^^^^^^^^^^^^^^^^^^^^^^^^^^^^^^^^^
  18 | import ChainsField from "./scenes/ChainsField";
  19 | import RwaNode from "./scenes/RwaNode";
  20 | import UniverseField from "./scenes/UniverseField";

Import trace:
  Client Component Browser:
    ./components/canvas/Experience.jsx [Client Component Browser]
    ./components/canvas/ExperienceLoader.jsx [Client Component Browser]
    ./components/canvas/ExperienceLoader.jsx [Server Component]
    ./app/page.js [Server Component]

https://nextjs.org/docs/messages/module-not-found @ http://localhost:3000/_next/static/chunks/node_modules_next_dist_1e8vcs8._.js:1052
[62923837ms] [ERROR] ./components/canvas/Experience.jsx:22:1
Error: Module not found: Can't resolve './scenes/GalaxyConnections'
  20 | import UniverseField from "./scenes/UniverseField";
  21 | import NffcSystem from "./scenes/NffcSystem";
> 22 | import GalaxyConnections from "./scenes/GalaxyConnections";
     | ^^^^^^^^^^^^^^^^^^^^^^^^^^^^^^^^^^^^^^^^^^^^^^^^^^^^^^^^^^^
  23 | import PostFX from "./PostFX";
  24 | import styles from "./Experience.module.css";
  25 | import { isMobile, CINEMATIC, BIGBANG } from "@/lib/tuning";

Import trace:
  Client Component Browser:
    ./components/canvas/Experience.jsx [Client Component Browser]
    ./components/canvas/ExperienceLoader.jsx [Client Component Browser]
    ./components/canvas/ExperienceLoader.jsx [Server Component]
    ./app/page.js [Server Component]

https://nextjs.org/docs/messages/module-not-found @ http://localhost:3000/_next/static/chunks/node_modules_next_dist_1e8vcs8._.js:1052
[62923837ms] [ERROR] ./components/canvas/Experience.jsx:21:1
Error: Module not found: Can't resolve './scenes/NffcSystem'
  19 | import RwaNode from "./scenes/RwaNode";
  20 | import UniverseField from "./scenes/UniverseField";
> 21 | import NffcSystem from "./scenes/NffcSystem";
     | ^^^^^^^^^^^^^^^^^^^^^^^^^^^^^^^^^^^^^^^^^^^^^
  22 | import GalaxyConnections from "./scenes/GalaxyConnections";
  23 | import PostFX from "./PostFX";
  24 | import styles from "./Experience.module.css";

Import trace:
  Client Component Browser:
    ./components/canvas/Experience.jsx [Client Component Browser]
    ./components/canvas/ExperienceLoader.jsx [Client Component Browser]
    ./components/canvas/ExperienceLoader.jsx [Server Component]
    ./app/page.js [Server Component]

https://nextjs.org/docs/messages/module-not-found @ http://localhost:3000/_next/static/chunks/node_modules_next_dist_1e8vcs8._.js:1052
[62923837ms] [ERROR] ./components/canvas/Experience.jsx:19:1
Error: Module not found: Can't resolve './scenes/RwaNode'
  17 | import CollectionsField from "./scenes/CollectionsField";
  18 | import ChainsField from "./scenes/ChainsField";
> 19 | import RwaNode from "./scenes/RwaNode";
     | ^^^^^^^^^^^^^^^^^^^^^^^^^^^^^^^^^^^^^^^
  20 | import UniverseField from "./scenes/UniverseField";
  21 | import NffcSystem from "./scenes/NffcSystem";
  22 | import GalaxyConnections from "./scenes/GalaxyConnections";

Import trace:
  Client Component Browser:
    ./components/canvas/Experience.jsx [Client Component Browser]
    ./components/canvas/ExperienceLoader.jsx [Client Component Browser]
    ./components/canvas/ExperienceLoader.jsx [Server Component]
    ./app/page.js [Server Component]

https://nextjs.org/docs/messages/module-not-found @ http://localhost:3000/_next/static/chunks/node_modules_next_dist_1e8vcs8._.js:1052
[62923837ms] [ERROR] ./app/page.js:5:1
Error: Module not found: Can't resolve '@/components/dom/ChainLabels'
  3 | import MicroHud from "@/components/dom/MicroHud";
  4 | import ChapterLettering from "@/components/dom/ChapterLettering";
> 5 | import ChainLabels from "@/components/dom/ChainLabels";
    | ^^^^^^^^^^^^^^^^^^^^^^^^^^^^^^^^^^^^^^^^^^^^^^^^^^^^^^^
  6 | import NebulaMessages from "@/components/dom/NebulaMessages";
  7 | import OrbitalRingLabels from "@/components/dom/OrbitalRingLabels";
  8 | import NffcIdentityCard from "@/components/dom/NffcIdentityCard";

Import map: aliased to relative './components/dom/ChainLabels' inside of [project]/

https://nextjs.org/docs/messages/module-not-found @ http://localhost:3000/_next/static/chunks/node_modules_next_dist_1e8vcs8._.js:1052
[62923837ms] [ERROR] ./app/page.js:9:1
Error: Module not found: Can't resolve '@/components/dom/MarketStats'
   7 | import OrbitalRingLabels from "@/components/dom/OrbitalRingLabels";
   8 | import NffcIdentityCard from "@/components/dom/NffcIdentityCard";
>  9 | import MarketStats from "@/components/dom/MarketStats";
     | ^^^^^^^^^^^^^^^^^^^^^^^^^^^^^^^^^^^^^^^^^^^^^^^^^^^^^^^
  10 | import FinalCta from "@/components/dom/FinalCta";
  11 | import Letterbox from "@/components/dom/Letterbox";
  12 | import ExperienceLoader from "@/components/canvas/ExperienceLoader";

Import map: aliased to relative './components/dom/MarketStats' inside of [project]/

https://nextjs.org/docs/messages/module-not-found @ http://localhost:3000/_next/static/chunks/node_modules_next_dist_1e8vcs8._.js:1052
[62923838ms] [ERROR] ./app/page.js:8:1
Error: Module not found: Can't resolve '@/components/dom/NffcIdentityCard'
   6 | import NebulaMessages from "@/components/dom/NebulaMessages";
   7 | import OrbitalRingLabels from "@/components/dom/OrbitalRingLabels";
>  8 | import NffcIdentityCard from "@/components/dom/NffcIdentityCard";
     | ^^^^^^^^^^^^^^^^^^^^^^^^^^^^^^^^^^^^^^^^^^^^^^^^^^^^^^^^^^^^^^^^^
   9 | import MarketStats from "@/components/dom/MarketStats";
  10 | import FinalCta from "@/components/dom/FinalCta";
  11 | import Letterbox from "@/components/dom/Letterbox";

Import map: aliased to relative './components/dom/NffcIdentityCard' inside of [project]/

https://nextjs.org/docs/messages/module-not-found @ http://localhost:3000/_next/static/chunks/node_modules_next_dist_1e8vcs8._.js:1052
[62923838ms] [ERROR] ./app/page.js:7:1
Error: Module not found: Can't resolve '@/components/dom/OrbitalRingLabels'
   5 | import ChainLabels from "@/components/dom/ChainLabels";
   6 | import NebulaMessages from "@/components/dom/NebulaMessages";
>  7 | import OrbitalRingLabels from "@/components/dom/OrbitalRingLabels";
     | ^^^^^^^^^^^^^^^^^^^^^^^^^^^^^^^^^^^^^^^^^^^^^^^^^^^^^^^^^^^^^^^^^^^
   8 | import NffcIdentityCard from "@/components/dom/NffcIdentityCard";
   9 | import MarketStats from "@/components/dom/MarketStats";
  10 | import FinalCta from "@/components/dom/FinalCta";

Import map: aliased to relative './components/dom/OrbitalRingLabels' inside of [project]/

https://nextjs.org/docs/messages/module-not-found @ http://localhost:3000/_next/static/chunks/node_modules_next_dist_1e8vcs8._.js:1052
[62924023ms] [ERROR] ./components/canvas/Experience.jsx:18:1
Error: Module not found: Can't resolve './scenes/ChainsField'
  16 | import DigitalGrid from "./scenes/DigitalGrid";
  17 | import CollectionsField from "./scenes/CollectionsField";
> 18 | import ChainsField from "./scenes/ChainsField";
     | ^^^^^^^^^^^^^^^^^^^^^^^^^^^^^^^^^^^^^^^^^^^^^^^
  19 | import RwaNode from "./scenes/RwaNode";
  20 | import UniverseField from "./scenes/UniverseField";
  21 | import NffcSystem from "./scenes/NffcSystem";

Import trace:
  Client Component Browser:
    ./components/canvas/Experience.jsx [Client Component Browser]
    ./components/canvas/ExperienceLoader.jsx [Client Component Browser]
    ./components/canvas/ExperienceLoader.jsx [Server Component]
    ./app/page.js [Server Component]

https://nextjs.org/docs/messages/module-not-found @ http://localhost:3000/_next/static/chunks/node_modules_next_dist_1e8vcs8._.js:1052
[62924023ms] [ERROR] ./components/canvas/Experience.jsx:17:1
Error: Module not found: Can't resolve './scenes/CollectionsField'
  15 | import NftEmergence from "./scenes/NftEmergence";
  16 | import DigitalGrid from "./scenes/DigitalGrid";
> 17 | import CollectionsField from "./scenes/CollectionsField";
     | ^^^^^^^^^^^^^^^^^^^^^^^^^^^^^^^^^^^^^^^^^^^^^^^^^^^^^^^^^
  18 | import ChainsField from "./scenes/ChainsField";
  19 | import RwaNode from "./scenes/RwaNode";
  20 | import UniverseField from "./scenes/UniverseField";

Import trace:
  Client Component Browser:
    ./components/canvas/Experience.jsx [Client Component Browser]
    ./components/canvas/ExperienceLoader.jsx [Client Component Browser]
    ./components/canvas/ExperienceLoader.jsx [Server Component]
    ./app/page.js [Server Component]

https://nextjs.org/docs/messages/module-not-found @ http://localhost:3000/_next/static/chunks/node_modules_next_dist_1e8vcs8._.js:1052
[62924023ms] [ERROR] ./components/canvas/Experience.jsx:22:1
Error: Module not found: Can't resolve './scenes/GalaxyConnections'
  20 | import UniverseField from "./scenes/UniverseField";
  21 | import NffcSystem from "./scenes/NffcSystem";
> 22 | import GalaxyConnections from "./scenes/GalaxyConnections";
     | ^^^^^^^^^^^^^^^^^^^^^^^^^^^^^^^^^^^^^^^^^^^^^^^^^^^^^^^^^^^
  23 | import PostFX from "./PostFX";
  24 | import styles from "./Experience.module.css";
  25 | import { isMobile, CINEMATIC, BIGBANG } from "@/lib/tuning";

Import trace:
  Client Component Browser:
    ./components/canvas/Experience.jsx [Client Component Browser]
    ./components/canvas/ExperienceLoader.jsx [Client Component Browser]
    ./components/canvas/ExperienceLoader.jsx [Server Component]
    ./app/page.js [Server Component]

https://nextjs.org/docs/messages/module-not-found @ http://localhost:3000/_next/static/chunks/node_modules_next_dist_1e8vcs8._.js:1052
[62924023ms] [ERROR] ./components/canvas/Experience.jsx:21:1
Error: Module not found: Can't resolve './scenes/NffcSystem'
  19 | import RwaNode from "./scenes/RwaNode";
  20 | import UniverseField from "./scenes/UniverseField";
> 21 | import NffcSystem from "./scenes/NffcSystem";
     | ^^^^^^^^^^^^^^^^^^^^^^^^^^^^^^^^^^^^^^^^^^^^^
  22 | import GalaxyConnections from "./scenes/GalaxyConnections";
  23 | import PostFX from "./PostFX";
  24 | import styles from "./Experience.module.css";

Import trace:
  Client Component Browser:
    ./components/canvas/Experience.jsx [Client Component Browser]
    ./components/canvas/ExperienceLoader.jsx [Client Component Browser]
    ./components/canvas/ExperienceLoader.jsx [Server Component]
    ./app/page.js [Server Component]

https://nextjs.org/docs/messages/module-not-found @ http://localhost:3000/_next/static/chunks/node_modules_next_dist_1e8vcs8._.js:1052
[62924023ms] [ERROR] ./components/canvas/Experience.jsx:19:1
Error: Module not found: Can't resolve './scenes/RwaNode'
  17 | import CollectionsField from "./scenes/CollectionsField";
  18 | import ChainsField from "./scenes/ChainsField";
> 19 | import RwaNode from "./scenes/RwaNode";
     | ^^^^^^^^^^^^^^^^^^^^^^^^^^^^^^^^^^^^^^^
  20 | import UniverseField from "./scenes/UniverseField";
  21 | import NffcSystem from "./scenes/NffcSystem";
  22 | import GalaxyConnections from "./scenes/GalaxyConnections";

Import trace:
  Client Component Browser:
    ./components/canvas/Experience.jsx [Client Component Browser]
    ./components/canvas/ExperienceLoader.jsx [Client Component Browser]
    ./components/canvas/ExperienceLoader.jsx [Server Component]
    ./app/page.js [Server Component]

https://nextjs.org/docs/messages/module-not-found @ http://localhost:3000/_next/static/chunks/node_modules_next_dist_1e8vcs8._.js:1052
[62924023ms] [ERROR] ./app/page.js:5:1
Error: Module not found: Can't resolve '@/components/dom/ChainLabels'
  3 | import MicroHud from "@/components/dom/MicroHud";
  4 | import ChapterLettering from "@/components/dom/ChapterLettering";
> 5 | import ChainLabels from "@/components/dom/ChainLabels";
    | ^^^^^^^^^^^^^^^^^^^^^^^^^^^^^^^^^^^^^^^^^^^^^^^^^^^^^^^
  6 | import NebulaMessages from "@/components/dom/NebulaMessages";
  7 | import OrbitalRingLabels from "@/components/dom/OrbitalRingLabels";
  8 | import NffcIdentityCard from "@/components/dom/NffcIdentityCard";

Import map: aliased to relative './components/dom/ChainLabels' inside of [project]/

https://nextjs.org/docs/messages/module-not-found @ http://localhost:3000/_next/static/chunks/node_modules_next_dist_1e8vcs8._.js:1052
[62924023ms] [ERROR] ./app/page.js:9:1
Error: Module not found: Can't resolve '@/components/dom/MarketStats'
   7 | import OrbitalRingLabels from "@/components/dom/OrbitalRingLabels";
   8 | import NffcIdentityCard from "@/components/dom/NffcIdentityCard";
>  9 | import MarketStats from "@/components/dom/MarketStats";
     | ^^^^^^^^^^^^^^^^^^^^^^^^^^^^^^^^^^^^^^^^^^^^^^^^^^^^^^^
  10 | import FinalCta from "@/components/dom/FinalCta";
  11 | import Letterbox from "@/components/dom/Letterbox";
  12 | import ExperienceLoader from "@/components/canvas/ExperienceLoader";

Import map: aliased to relative './components/dom/MarketStats' inside of [project]/

https://nextjs.org/docs/messages/module-not-found @ http://localhost:3000/_next/static/chunks/node_modules_next_dist_1e8vcs8._.js:1052
[62924023ms] [ERROR] ./app/page.js:8:1
Error: Module not found: Can't resolve '@/components/dom/NffcIdentityCard'
   6 | import NebulaMessages from "@/components/dom/NebulaMessages";
   7 | import OrbitalRingLabels from "@/components/dom/OrbitalRingLabels";
>  8 | import NffcIdentityCard from "@/components/dom/NffcIdentityCard";
     | ^^^^^^^^^^^^^^^^^^^^^^^^^^^^^^^^^^^^^^^^^^^^^^^^^^^^^^^^^^^^^^^^^
   9 | import MarketStats from "@/components/dom/MarketStats";
  10 | import FinalCta from "@/components/dom/FinalCta";
  11 | import Letterbox from "@/components/dom/Letterbox";

Import map: aliased to relative './components/dom/NffcIdentityCard' inside of [project]/

https://nextjs.org/docs/messages/module-not-found @ http://localhost:3000/_next/static/chunks/node_modules_next_dist_1e8vcs8._.js:1052
[62924025ms] [ERROR] ./app/page.js:7:1
Error: Module not found: Can't resolve '@/components/dom/OrbitalRingLabels'
   5 | import ChainLabels from "@/components/dom/ChainLabels";
   6 | import NebulaMessages from "@/components/dom/NebulaMessages";
>  7 | import OrbitalRingLabels from "@/components/dom/OrbitalRingLabels";
     | ^^^^^^^^^^^^^^^^^^^^^^^^^^^^^^^^^^^^^^^^^^^^^^^^^^^^^^^^^^^^^^^^^^^
   8 | import NffcIdentityCard from "@/components/dom/NffcIdentityCard";
   9 | import MarketStats from "@/components/dom/MarketStats";
  10 | import FinalCta from "@/components/dom/FinalCta";

Import map: aliased to relative './components/dom/OrbitalRingLabels' inside of [project]/

https://nextjs.org/docs/messages/module-not-found @ http://localhost:3000/_next/static/chunks/node_modules_next_dist_1e8vcs8._.js:1052
[62924071ms] [LOG] [Fast Refresh] rebuilding @ http://localhost:3000/_next/static/chunks/node_modules_next_dist_1e8vcs8._.js:776
[62936815ms] [ERROR] ./components/canvas/Experience.jsx:18:1
Error: Module not found: Can't resolve './scenes/ChainsField'
  16 | import DigitalGrid from "./scenes/DigitalGrid";
  17 | import CollectionsField from "./scenes/CollectionsField";
> 18 | import ChainsField from "./scenes/ChainsField";
     | ^^^^^^^^^^^^^^^^^^^^^^^^^^^^^^^^^^^^^^^^^^^^^^^
  19 | import RwaNode from "./scenes/RwaNode";
  20 | import UniverseField from "./scenes/UniverseField";
  21 | import NffcSystem from "./scenes/NffcSystem";

Import trace:
  Client Component Browser:
    ./components/canvas/Experience.jsx [Client Component Browser]
    ./components/canvas/ExperienceLoader.jsx [Client Component Browser]
    ./components/canvas/ExperienceLoader.jsx [Server Component]
    ./app/page.js [Server Component]

https://nextjs.org/docs/messages/module-not-found @ http://localhost:3000/_next/static/chunks/node_modules_next_dist_1e8vcs8._.js:1052
[62936815ms] [ERROR] ./components/canvas/Experience.jsx:17:1
Error: Module not found: Can't resolve './scenes/CollectionsField'
  15 | import NftEmergence from "./scenes/NftEmergence";
  16 | import DigitalGrid from "./scenes/DigitalGrid";
> 17 | import CollectionsField from "./scenes/CollectionsField";
     | ^^^^^^^^^^^^^^^^^^^^^^^^^^^^^^^^^^^^^^^^^^^^^^^^^^^^^^^^^
  18 | import ChainsField from "./scenes/ChainsField";
  19 | import RwaNode from "./scenes/RwaNode";
  20 | import UniverseField from "./scenes/UniverseField";

Import trace:
  Client Component Browser:
    ./components/canvas/Experience.jsx [Client Component Browser]
    ./components/canvas/ExperienceLoader.jsx [Client Component Browser]
    ./components/canvas/ExperienceLoader.jsx [Server Component]
    ./app/page.js [Server Component]

https://nextjs.org/docs/messages/module-not-found @ http://localhost:3000/_next/static/chunks/node_modules_next_dist_1e8vcs8._.js:1052
[62936815ms] [ERROR] ./components/canvas/Experience.jsx:22:1
Error: Module not found: Can't resolve './scenes/GalaxyConnections'
  20 | import UniverseField from "./scenes/UniverseField";
  21 | import NffcSystem from "./scenes/NffcSystem";
> 22 | import GalaxyConnections from "./scenes/GalaxyConnections";
     | ^^^^^^^^^^^^^^^^^^^^^^^^^^^^^^^^^^^^^^^^^^^^^^^^^^^^^^^^^^^
  23 | import PostFX from "./PostFX";
  24 | import styles from "./Experience.module.css";
  25 | import { isMobile, CINEMATIC, BIGBANG } from "@/lib/tuning";

Import trace:
  Client Component Browser:
    ./components/canvas/Experience.jsx [Client Component Browser]
    ./components/canvas/ExperienceLoader.jsx [Client Component Browser]
    ./components/canvas/ExperienceLoader.jsx [Server Component]
    ./app/page.js [Server Component]

https://nextjs.org/docs/messages/module-not-found @ http://localhost:3000/_next/static/chunks/node_modules_next_dist_1e8vcs8._.js:1052
[62936816ms] [ERROR] ./components/canvas/Experience.jsx:21:1
Error: Module not found: Can't resolve './scenes/NffcSystem'
  19 | import RwaNode from "./scenes/RwaNode";
  20 | import UniverseField from "./scenes/UniverseField";
> 21 | import NffcSystem from "./scenes/NffcSystem";
     | ^^^^^^^^^^^^^^^^^^^^^^^^^^^^^^^^^^^^^^^^^^^^^
  22 | import GalaxyConnections from "./scenes/GalaxyConnections";
  23 | import PostFX from "./PostFX";
  24 | import styles from "./Experience.module.css";

Import trace:
  Client Component Browser:
    ./components/canvas/Experience.jsx [Client Component Browser]
    ./components/canvas/ExperienceLoader.jsx [Client Component Browser]
    ./components/canvas/ExperienceLoader.jsx [Server Component]
    ./app/page.js [Server Component]

https://nextjs.org/docs/messages/module-not-found @ http://localhost:3000/_next/static/chunks/node_modules_next_dist_1e8vcs8._.js:1052
[62936816ms] [ERROR] ./components/canvas/Experience.jsx:19:1
Error: Module not found: Can't resolve './scenes/RwaNode'
  17 | import CollectionsField from "./scenes/CollectionsField";
  18 | import ChainsField from "./scenes/ChainsField";
> 19 | import RwaNode from "./scenes/RwaNode";
     | ^^^^^^^^^^^^^^^^^^^^^^^^^^^^^^^^^^^^^^^
  20 | import UniverseField from "./scenes/UniverseField";
  21 | import NffcSystem from "./scenes/NffcSystem";
  22 | import GalaxyConnections from "./scenes/GalaxyConnections";

Import trace:
  Client Component Browser:
    ./components/canvas/Experience.jsx [Client Component Browser]
    ./components/canvas/ExperienceLoader.jsx [Client Component Browser]
    ./components/canvas/ExperienceLoader.jsx [Server Component]
    ./app/page.js [Server Component]

https://nextjs.org/docs/messages/module-not-found @ http://localhost:3000/_next/static/chunks/node_modules_next_dist_1e8vcs8._.js:1052
[62936816ms] [ERROR] ./app/page.js:5:1
Error: Module not found: Can't resolve '@/components/dom/ChainLabels'
  3 | import MicroHud from "@/components/dom/MicroHud";
  4 | import ChapterLettering from "@/components/dom/ChapterLettering";
> 5 | import ChainLabels from "@/components/dom/ChainLabels";
    | ^^^^^^^^^^^^^^^^^^^^^^^^^^^^^^^^^^^^^^^^^^^^^^^^^^^^^^^
  6 | import NebulaMessages from "@/components/dom/NebulaMessages";
  7 | import OrbitalRingLabels from "@/components/dom/OrbitalRingLabels";
  8 | import NffcIdentityCard from "@/components/dom/NffcIdentityCard";

Import map: aliased to relative './components/dom/ChainLabels' inside of [project]/

https://nextjs.org/docs/messages/module-not-found @ http://localhost:3000/_next/static/chunks/node_modules_next_dist_1e8vcs8._.js:1052
[62936816ms] [ERROR] ./app/page.js:9:1
Error: Module not found: Can't resolve '@/components/dom/MarketStats'
   7 | import OrbitalRingLabels from "@/components/dom/OrbitalRingLabels";
   8 | import NffcIdentityCard from "@/components/dom/NffcIdentityCard";
>  9 | import MarketStats from "@/components/dom/MarketStats";
     | ^^^^^^^^^^^^^^^^^^^^^^^^^^^^^^^^^^^^^^^^^^^^^^^^^^^^^^^
  10 | import FinalCta from "@/components/dom/FinalCta";
  11 | import Letterbox from "@/components/dom/Letterbox";
  12 | import ExperienceLoader from "@/components/canvas/ExperienceLoader";

Import map: aliased to relative './components/dom/MarketStats' inside of [project]/

https://nextjs.org/docs/messages/module-not-found @ http://localhost:3000/_next/static/chunks/node_modules_next_dist_1e8vcs8._.js:1052
[62936817ms] [ERROR] ./app/page.js:8:1
Error: Module not found: Can't resolve '@/components/dom/NffcIdentityCard'
   6 | import NebulaMessages from "@/components/dom/NebulaMessages";
   7 | import OrbitalRingLabels from "@/components/dom/OrbitalRingLabels";
>  8 | import NffcIdentityCard from "@/components/dom/NffcIdentityCard";
     | ^^^^^^^^^^^^^^^^^^^^^^^^^^^^^^^^^^^^^^^^^^^^^^^^^^^^^^^^^^^^^^^^^
   9 | import MarketStats from "@/components/dom/MarketStats";
  10 | import FinalCta from "@/components/dom/FinalCta";
  11 | import Letterbox from "@/components/dom/Letterbox";

Import map: aliased to relative './components/dom/NffcIdentityCard' inside of [project]/

https://nextjs.org/docs/messages/module-not-found @ http://localhost:3000/_next/static/chunks/node_modules_next_dist_1e8vcs8._.js:1052
[62936817ms] [ERROR] ./app/page.js:7:1
Error: Module not found: Can't resolve '@/components/dom/OrbitalRingLabels'
   5 | import ChainLabels from "@/components/dom/ChainLabels";
   6 | import NebulaMessages from "@/components/dom/NebulaMessages";
>  7 | import OrbitalRingLabels from "@/components/dom/OrbitalRingLabels";
     | ^^^^^^^^^^^^^^^^^^^^^^^^^^^^^^^^^^^^^^^^^^^^^^^^^^^^^^^^^^^^^^^^^^^
   8 | import NffcIdentityCard from "@/components/dom/NffcIdentityCard";
   9 | import MarketStats from "@/components/dom/MarketStats";
  10 | import FinalCta from "@/components/dom/FinalCta";

Import map: aliased to relative './components/dom/OrbitalRingLabels' inside of [project]/

https://nextjs.org/docs/messages/module-not-found @ http://localhost:3000/_next/static/chunks/node_modules_next_dist_1e8vcs8._.js:1052
[62936897ms] [ERROR] ./components/canvas/Experience.jsx:18:1
Error: Module not found: Can't resolve './scenes/ChainsField'
  16 | import DigitalGrid from "./scenes/DigitalGrid";
  17 | import CollectionsField from "./scenes/CollectionsField";
> 18 | import ChainsField from "./scenes/ChainsField";
     | ^^^^^^^^^^^^^^^^^^^^^^^^^^^^^^^^^^^^^^^^^^^^^^^
  19 | import RwaNode from "./scenes/RwaNode";
  20 | import UniverseField from "./scenes/UniverseField";
  21 | import NffcSystem from "./scenes/NffcSystem";

Import trace:
  Client Component Browser:
    ./components/canvas/Experience.jsx [Client Component Browser]
    ./components/canvas/ExperienceLoader.jsx [Client Component Browser]
    ./components/canvas/ExperienceLoader.jsx [Server Component]
    ./app/page.js [Server Component]

https://nextjs.org/docs/messages/module-not-found @ http://localhost:3000/_next/static/chunks/node_modules_next_dist_1e8vcs8._.js:1052
[62936898ms] [ERROR] ./components/canvas/Experience.jsx:17:1
Error: Module not found: Can't resolve './scenes/CollectionsField'
  15 | import NftEmergence from "./scenes/NftEmergence";
  16 | import DigitalGrid from "./scenes/DigitalGrid";
> 17 | import CollectionsField from "./scenes/CollectionsField";
     | ^^^^^^^^^^^^^^^^^^^^^^^^^^^^^^^^^^^^^^^^^^^^^^^^^^^^^^^^^
  18 | import ChainsField from "./scenes/ChainsField";
  19 | import RwaNode from "./scenes/RwaNode";
  20 | import UniverseField from "./scenes/UniverseField";

Import trace:
  Client Component Browser:
    ./components/canvas/Experience.jsx [Client Component Browser]
    ./components/canvas/ExperienceLoader.jsx [Client Component Browser]
    ./components/canvas/ExperienceLoader.jsx [Server Component]
    ./app/page.js [Server Component]

https://nextjs.org/docs/messages/module-not-found @ http://localhost:3000/_next/static/chunks/node_modules_next_dist_1e8vcs8._.js:1052
[62936898ms] [ERROR] ./components/canvas/Experience.jsx:22:1
Error: Module not found: Can't resolve './scenes/GalaxyConnections'
  20 | import UniverseField from "./scenes/UniverseField";
  21 | import NffcSystem from "./scenes/NffcSystem";
> 22 | import GalaxyConnections from "./scenes/GalaxyConnections";
     | ^^^^^^^^^^^^^^^^^^^^^^^^^^^^^^^^^^^^^^^^^^^^^^^^^^^^^^^^^^^
  23 | import PostFX from "./PostFX";
  24 | import styles from "./Experience.module.css";
  25 | import { isMobile, CINEMATIC, BIGBANG } from "@/lib/tuning";

Import trace:
  Client Component Browser:
    ./components/canvas/Experience.jsx [Client Component Browser]
    ./components/canvas/ExperienceLoader.jsx [Client Component Browser]
    ./components/canvas/ExperienceLoader.jsx [Server Component]
    ./app/page.js [Server Component]

https://nextjs.org/docs/messages/module-not-found @ http://localhost:3000/_next/static/chunks/node_modules_next_dist_1e8vcs8._.js:1052
[62936898ms] [ERROR] ./components/canvas/Experience.jsx:21:1
Error: Module not found: Can't resolve './scenes/NffcSystem'
  19 | import RwaNode from "./scenes/RwaNode";
  20 | import UniverseField from "./scenes/UniverseField";
> 21 | import NffcSystem from "./scenes/NffcSystem";
     | ^^^^^^^^^^^^^^^^^^^^^^^^^^^^^^^^^^^^^^^^^^^^^
  22 | import GalaxyConnections from "./scenes/GalaxyConnections";
  23 | import PostFX from "./PostFX";
  24 | import styles from "./Experience.module.css";

Import trace:
  Client Component Browser:
    ./components/canvas/Experience.jsx [Client Component Browser]
    ./components/canvas/ExperienceLoader.jsx [Client Component Browser]
    ./components/canvas/ExperienceLoader.jsx [Server Component]
    ./app/page.js [Server Component]

https://nextjs.org/docs/messages/module-not-found @ http://localhost:3000/_next/static/chunks/node_modules_next_dist_1e8vcs8._.js:1052
[62936898ms] [ERROR] ./components/canvas/Experience.jsx:19:1
Error: Module not found: Can't resolve './scenes/RwaNode'
  17 | import CollectionsField from "./scenes/CollectionsField";
  18 | import ChainsField from "./scenes/ChainsField";
> 19 | import RwaNode from "./scenes/RwaNode";
     | ^^^^^^^^^^^^^^^^^^^^^^^^^^^^^^^^^^^^^^^
  20 | import UniverseField from "./scenes/UniverseField";
  21 | import NffcSystem from "./scenes/NffcSystem";
  22 | import GalaxyConnections from "./scenes/GalaxyConnections";

Import trace:
  Client Component Browser:
    ./components/canvas/Experience.jsx [Client Component Browser]
    ./components/canvas/ExperienceLoader.jsx [Client Component Browser]
    ./components/canvas/ExperienceLoader.jsx [Server Component]
    ./app/page.js [Server Component]

https://nextjs.org/docs/messages/module-not-found @ http://localhost:3000/_next/static/chunks/node_modules_next_dist_1e8vcs8._.js:1052
[62936898ms] [ERROR] ./app/page.js:5:1
Error: Module not found: Can't resolve '@/components/dom/ChainLabels'
  3 | import MicroHud from "@/components/dom/MicroHud";
  4 | import ChapterLettering from "@/components/dom/ChapterLettering";
> 5 | import ChainLabels from "@/components/dom/ChainLabels";
    | ^^^^^^^^^^^^^^^^^^^^^^^^^^^^^^^^^^^^^^^^^^^^^^^^^^^^^^^
  6 | import NebulaMessages from "@/components/dom/NebulaMessages";
  7 | import OrbitalRingLabels from "@/components/dom/OrbitalRingLabels";
  8 | import NffcIdentityCard from "@/components/dom/NffcIdentityCard";

Import map: aliased to relative './components/dom/ChainLabels' inside of [project]/

https://nextjs.org/docs/messages/module-not-found @ http://localhost:3000/_next/static/chunks/node_modules_next_dist_1e8vcs8._.js:1052
[62936898ms] [ERROR] ./app/page.js:9:1
Error: Module not found: Can't resolve '@/components/dom/MarketStats'
   7 | import OrbitalRingLabels from "@/components/dom/OrbitalRingLabels";
   8 | import NffcIdentityCard from "@/components/dom/NffcIdentityCard";
>  9 | import MarketStats from "@/components/dom/MarketStats";
     | ^^^^^^^^^^^^^^^^^^^^^^^^^^^^^^^^^^^^^^^^^^^^^^^^^^^^^^^
  10 | import FinalCta from "@/components/dom/FinalCta";
  11 | import Letterbox from "@/components/dom/Letterbox";
  12 | import ExperienceLoader from "@/components/canvas/ExperienceLoader";

Import map: aliased to relative './components/dom/MarketStats' inside of [project]/

https://nextjs.org/docs/messages/module-not-found @ http://localhost:3000/_next/static/chunks/node_modules_next_dist_1e8vcs8._.js:1052
[62936898ms] [ERROR] ./app/page.js:8:1
Error: Module not found: Can't resolve '@/components/dom/NffcIdentityCard'
   6 | import NebulaMessages from "@/components/dom/NebulaMessages";
   7 | import OrbitalRingLabels from "@/components/dom/OrbitalRingLabels";
>  8 | import NffcIdentityCard from "@/components/dom/NffcIdentityCard";
     | ^^^^^^^^^^^^^^^^^^^^^^^^^^^^^^^^^^^^^^^^^^^^^^^^^^^^^^^^^^^^^^^^^
   9 | import MarketStats from "@/components/dom/MarketStats";
  10 | import FinalCta from "@/components/dom/FinalCta";
  11 | import Letterbox from "@/components/dom/Letterbox";

Import map: aliased to relative './components/dom/NffcIdentityCard' inside of [project]/

https://nextjs.org/docs/messages/module-not-found @ http://localhost:3000/_next/static/chunks/node_modules_next_dist_1e8vcs8._.js:1052
[62936898ms] [ERROR] ./app/page.js:7:1
Error: Module not found: Can't resolve '@/components/dom/OrbitalRingLabels'
   5 | import ChainLabels from "@/components/dom/ChainLabels";
   6 | import NebulaMessages from "@/components/dom/NebulaMessages";
>  7 | import OrbitalRingLabels from "@/components/dom/OrbitalRingLabels";
     | ^^^^^^^^^^^^^^^^^^^^^^^^^^^^^^^^^^^^^^^^^^^^^^^^^^^^^^^^^^^^^^^^^^^
   8 | import NffcIdentityCard from "@/components/dom/NffcIdentityCard";
   9 | import MarketStats from "@/components/dom/MarketStats";
  10 | import FinalCta from "@/components/dom/FinalCta";

Import map: aliased to relative './components/dom/OrbitalRingLabels' inside of [project]/

https://nextjs.org/docs/messages/module-not-found @ http://localhost:3000/_next/static/chunks/node_modules_next_dist_1e8vcs8._.js:1052
[62946922ms] [ERROR] ./components/canvas/Experience.jsx:18:1
Error: Module not found: Can't resolve './scenes/ChainsField'
  16 | import DigitalGrid from "./scenes/DigitalGrid";
  17 | import CollectionsField from "./scenes/CollectionsField";
> 18 | import ChainsField from "./scenes/ChainsField";
     | ^^^^^^^^^^^^^^^^^^^^^^^^^^^^^^^^^^^^^^^^^^^^^^^
  19 | import RwaNode from "./scenes/RwaNode";
  20 | import UniverseField from "./scenes/UniverseField";
  21 | import NffcSystem from "./scenes/NffcSystem";

Import trace:
  Client Component Browser:
    ./components/canvas/Experience.jsx [Client Component Browser]
    ./components/canvas/ExperienceLoader.jsx [Client Component Browser]
    ./components/canvas/ExperienceLoader.jsx [Server Component]
    ./app/page.js [Server Component]

https://nextjs.org/docs/messages/module-not-found @ http://localhost:3000/_next/static/chunks/node_modules_next_dist_1e8vcs8._.js:1052
[62946923ms] [ERROR] ./components/canvas/Experience.jsx:17:1
Error: Module not found: Can't resolve './scenes/CollectionsField'
  15 | import NftEmergence from "./scenes/NftEmergence";
  16 | import DigitalGrid from "./scenes/DigitalGrid";
> 17 | import CollectionsField from "./scenes/CollectionsField";
     | ^^^^^^^^^^^^^^^^^^^^^^^^^^^^^^^^^^^^^^^^^^^^^^^^^^^^^^^^^
  18 | import ChainsField from "./scenes/ChainsField";
  19 | import RwaNode from "./scenes/RwaNode";
  20 | import UniverseField from "./scenes/UniverseField";

Import trace:
  Client Component Browser:
    ./components/canvas/Experience.jsx [Client Component Browser]
    ./components/canvas/ExperienceLoader.jsx [Client Component Browser]
    ./components/canvas/ExperienceLoader.jsx [Server Component]
    ./app/page.js [Server Component]

https://nextjs.org/docs/messages/module-not-found @ http://localhost:3000/_next/static/chunks/node_modules_next_dist_1e8vcs8._.js:1052
[62946923ms] [ERROR] ./components/canvas/Experience.jsx:22:1
Error: Module not found: Can't resolve './scenes/GalaxyConnections'
  20 | import UniverseField from "./scenes/UniverseField";
  21 | import NffcSystem from "./scenes/NffcSystem";
> 22 | import GalaxyConnections from "./scenes/GalaxyConnections";
     | ^^^^^^^^^^^^^^^^^^^^^^^^^^^^^^^^^^^^^^^^^^^^^^^^^^^^^^^^^^^
  23 | import PostFX from "./PostFX";
  24 | import styles from "./Experience.module.css";
  25 | import { isMobile, CINEMATIC, BIGBANG } from "@/lib/tuning";

Import trace:
  Client Component Browser:
    ./components/canvas/Experience.jsx [Client Component Browser]
    ./components/canvas/ExperienceLoader.jsx [Client Component Browser]
    ./components/canvas/ExperienceLoader.jsx [Server Component]
    ./app/page.js [Server Component]

https://nextjs.org/docs/messages/module-not-found @ http://localhost:3000/_next/static/chunks/node_modules_next_dist_1e8vcs8._.js:1052
[62946923ms] [ERROR] ./components/canvas/Experience.jsx:21:1
Error: Module not found: Can't resolve './scenes/NffcSystem'
  19 | import RwaNode from "./scenes/RwaNode";
  20 | import UniverseField from "./scenes/UniverseField";
> 21 | import NffcSystem from "./scenes/NffcSystem";
     | ^^^^^^^^^^^^^^^^^^^^^^^^^^^^^^^^^^^^^^^^^^^^^
  22 | import GalaxyConnections from "./scenes/GalaxyConnections";
  23 | import PostFX from "./PostFX";
  24 | import styles from "./Experience.module.css";

Import trace:
  Client Component Browser:
    ./components/canvas/Experience.jsx [Client Component Browser]
    ./components/canvas/ExperienceLoader.jsx [Client Component Browser]
    ./components/canvas/ExperienceLoader.jsx [Server Component]
    ./app/page.js [Server Component]

https://nextjs.org/docs/messages/module-not-found @ http://localhost:3000/_next/static/chunks/node_modules_next_dist_1e8vcs8._.js:1052
[62946923ms] [ERROR] ./components/canvas/Experience.jsx:19:1
Error: Module not found: Can't resolve './scenes/RwaNode'
  17 | import CollectionsField from "./scenes/CollectionsField";
  18 | import ChainsField from "./scenes/ChainsField";
> 19 | import RwaNode from "./scenes/RwaNode";
     | ^^^^^^^^^^^^^^^^^^^^^^^^^^^^^^^^^^^^^^^
  20 | import UniverseField from "./scenes/UniverseField";
  21 | import NffcSystem from "./scenes/NffcSystem";
  22 | import GalaxyConnections from "./scenes/GalaxyConnections";

Import trace:
  Client Component Browser:
    ./components/canvas/Experience.jsx [Client Component Browser]
    ./components/canvas/ExperienceLoader.jsx [Client Component Browser]
    ./components/canvas/ExperienceLoader.jsx [Server Component]
    ./app/page.js [Server Component]

https://nextjs.org/docs/messages/module-not-found @ http://localhost:3000/_next/static/chunks/node_modules_next_dist_1e8vcs8._.js:1052
[62946923ms] [ERROR] ./app/page.js:5:1
Error: Module not found: Can't resolve '@/components/dom/ChainLabels'
  3 | import MicroHud from "@/components/dom/MicroHud";
  4 | import ChapterLettering from "@/components/dom/ChapterLettering";
> 5 | import ChainLabels from "@/components/dom/ChainLabels";
    | ^^^^^^^^^^^^^^^^^^^^^^^^^^^^^^^^^^^^^^^^^^^^^^^^^^^^^^^
  6 | import NebulaMessages from "@/components/dom/NebulaMessages";
  7 | import OrbitalRingLabels from "@/components/dom/OrbitalRingLabels";
  8 | import NffcIdentityCard from "@/components/dom/NffcIdentityCard";

Import map: aliased to relative './components/dom/ChainLabels' inside of [project]/

https://nextjs.org/docs/messages/module-not-found @ http://localhost:3000/_next/static/chunks/node_modules_next_dist_1e8vcs8._.js:1052
[62946923ms] [ERROR] ./app/page.js:9:1
Error: Module not found: Can't resolve '@/components/dom/MarketStats'
   7 | import OrbitalRingLabels from "@/components/dom/OrbitalRingLabels";
   8 | import NffcIdentityCard from "@/components/dom/NffcIdentityCard";
>  9 | import MarketStats from "@/components/dom/MarketStats";
     | ^^^^^^^^^^^^^^^^^^^^^^^^^^^^^^^^^^^^^^^^^^^^^^^^^^^^^^^
  10 | import FinalCta from "@/components/dom/FinalCta";
  11 | import Letterbox from "@/components/dom/Letterbox";
  12 | import ExperienceLoader from "@/components/canvas/ExperienceLoader";

Import map: aliased to relative './components/dom/MarketStats' inside of [project]/

https://nextjs.org/docs/messages/module-not-found @ http://localhost:3000/_next/static/chunks/node_modules_next_dist_1e8vcs8._.js:1052
[62946923ms] [ERROR] ./app/page.js:8:1
Error: Module not found: Can't resolve '@/components/dom/NffcIdentityCard'
   6 | import NebulaMessages from "@/components/dom/NebulaMessages";
   7 | import OrbitalRingLabels from "@/components/dom/OrbitalRingLabels";
>  8 | import NffcIdentityCard from "@/components/dom/NffcIdentityCard";
     | ^^^^^^^^^^^^^^^^^^^^^^^^^^^^^^^^^^^^^^^^^^^^^^^^^^^^^^^^^^^^^^^^^
   9 | import MarketStats from "@/components/dom/MarketStats";
  10 | import FinalCta from "@/components/dom/FinalCta";
  11 | import Letterbox from "@/components/dom/Letterbox";

Import map: aliased to relative './components/dom/NffcIdentityCard' inside of [project]/

https://nextjs.org/docs/messages/module-not-found @ http://localhost:3000/_next/static/chunks/node_modules_next_dist_1e8vcs8._.js:1052
[62946923ms] [ERROR] ./app/page.js:7:1
Error: Module not found: Can't resolve '@/components/dom/OrbitalRingLabels'
   5 | import ChainLabels from "@/components/dom/ChainLabels";
   6 | import NebulaMessages from "@/components/dom/NebulaMessages";
>  7 | import OrbitalRingLabels from "@/components/dom/OrbitalRingLabels";
     | ^^^^^^^^^^^^^^^^^^^^^^^^^^^^^^^^^^^^^^^^^^^^^^^^^^^^^^^^^^^^^^^^^^^
   8 | import NffcIdentityCard from "@/components/dom/NffcIdentityCard";
   9 | import MarketStats from "@/components/dom/MarketStats";
  10 | import FinalCta from "@/components/dom/FinalCta";

Import map: aliased to relative './components/dom/OrbitalRingLabels' inside of [project]/

https://nextjs.org/docs/messages/module-not-found @ http://localhost:3000/_next/static/chunks/node_modules_next_dist_1e8vcs8._.js:1052
[62947116ms] [ERROR] ./components/canvas/Experience.jsx:18:1
Error: Module not found: Can't resolve './scenes/ChainsField'
  16 | import DigitalGrid from "./scenes/DigitalGrid";
  17 | import CollectionsField from "./scenes/CollectionsField";
> 18 | import ChainsField from "./scenes/ChainsField";
     | ^^^^^^^^^^^^^^^^^^^^^^^^^^^^^^^^^^^^^^^^^^^^^^^
  19 | import RwaNode from "./scenes/RwaNode";
  20 | import UniverseField from "./scenes/UniverseField";
  21 | import NffcSystem from "./scenes/NffcSystem";

Import trace:
  Client Component Browser:
    ./components/canvas/Experience.jsx [Client Component Browser]
    ./components/canvas/ExperienceLoader.jsx [Client Component Browser]
    ./components/canvas/ExperienceLoader.jsx [Server Component]
    ./app/page.js [Server Component]

https://nextjs.org/docs/messages/module-not-found @ http://localhost:3000/_next/static/chunks/node_modules_next_dist_1e8vcs8._.js:1052
[62947117ms] [ERROR] ./components/canvas/Experience.jsx:17:1
Error: Module not found: Can't resolve './scenes/CollectionsField'
  15 | import NftEmergence from "./scenes/NftEmergence";
  16 | import DigitalGrid from "./scenes/DigitalGrid";
> 17 | import CollectionsField from "./scenes/CollectionsField";
     | ^^^^^^^^^^^^^^^^^^^^^^^^^^^^^^^^^^^^^^^^^^^^^^^^^^^^^^^^^
  18 | import ChainsField from "./scenes/ChainsField";
  19 | import RwaNode from "./scenes/RwaNode";
  20 | import UniverseField from "./scenes/UniverseField";

Import trace:
  Client Component Browser:
    ./components/canvas/Experience.jsx [Client Component Browser]
    ./components/canvas/ExperienceLoader.jsx [Client Component Browser]
    ./components/canvas/ExperienceLoader.jsx [Server Component]
    ./app/page.js [Server Component]

https://nextjs.org/docs/messages/module-not-found @ http://localhost:3000/_next/static/chunks/node_modules_next_dist_1e8vcs8._.js:1052
[62947117ms] [ERROR] ./components/canvas/Experience.jsx:22:1
Error: Module not found: Can't resolve './scenes/GalaxyConnections'
  20 | import UniverseField from "./scenes/UniverseField";
  21 | import NffcSystem from "./scenes/NffcSystem";
> 22 | import GalaxyConnections from "./scenes/GalaxyConnections";
     | ^^^^^^^^^^^^^^^^^^^^^^^^^^^^^^^^^^^^^^^^^^^^^^^^^^^^^^^^^^^
  23 | import PostFX from "./PostFX";
  24 | import styles from "./Experience.module.css";
  25 | import { isMobile, CINEMATIC, BIGBANG } from "@/lib/tuning";

Import trace:
  Client Component Browser:
    ./components/canvas/Experience.jsx [Client Component Browser]
    ./components/canvas/ExperienceLoader.jsx [Client Component Browser]
    ./components/canvas/ExperienceLoader.jsx [Server Component]
    ./app/page.js [Server Component]

https://nextjs.org/docs/messages/module-not-found @ http://localhost:3000/_next/static/chunks/node_modules_next_dist_1e8vcs8._.js:1052
[62947117ms] [ERROR] ./components/canvas/Experience.jsx:21:1
Error: Module not found: Can't resolve './scenes/NffcSystem'
  19 | import RwaNode from "./scenes/RwaNode";
  20 | import UniverseField from "./scenes/UniverseField";
> 21 | import NffcSystem from "./scenes/NffcSystem";
     | ^^^^^^^^^^^^^^^^^^^^^^^^^^^^^^^^^^^^^^^^^^^^^
  22 | import GalaxyConnections from "./scenes/GalaxyConnections";
  23 | import PostFX from "./PostFX";
  24 | import styles from "./Experience.module.css";

Import trace:
  Client Component Browser:
    ./components/canvas/Experience.jsx [Client Component Browser]
    ./components/canvas/ExperienceLoader.jsx [Client Component Browser]
    ./components/canvas/ExperienceLoader.jsx [Server Component]
    ./app/page.js [Server Component]

https://nextjs.org/docs/messages/module-not-found @ http://localhost:3000/_next/static/chunks/node_modules_next_dist_1e8vcs8._.js:1052
[62947117ms] [ERROR] ./components/canvas/Experience.jsx:19:1
Error: Module not found: Can't resolve './scenes/RwaNode'
  17 | import CollectionsField from "./scenes/CollectionsField";
  18 | import ChainsField from "./scenes/ChainsField";
> 19 | import RwaNode from "./scenes/RwaNode";
     | ^^^^^^^^^^^^^^^^^^^^^^^^^^^^^^^^^^^^^^^
  20 | import UniverseField from "./scenes/UniverseField";
  21 | import NffcSystem from "./scenes/NffcSystem";
  22 | import GalaxyConnections from "./scenes/GalaxyConnections";

Import trace:
  Client Component Browser:
    ./components/canvas/Experience.jsx [Client Component Browser]
    ./components/canvas/ExperienceLoader.jsx [Client Component Browser]
    ./components/canvas/ExperienceLoader.jsx [Server Component]
    ./app/page.js [Server Component]

https://nextjs.org/docs/messages/module-not-found @ http://localhost:3000/_next/static/chunks/node_modules_next_dist_1e8vcs8._.js:1052
[62947118ms] [ERROR] ./app/page.js:5:1
Error: Module not found: Can't resolve '@/components/dom/ChainLabels'
  3 | import MicroHud from "@/components/dom/MicroHud";
  4 | import ChapterLettering from "@/components/dom/ChapterLettering";
> 5 | import ChainLabels from "@/components/dom/ChainLabels";
    | ^^^^^^^^^^^^^^^^^^^^^^^^^^^^^^^^^^^^^^^^^^^^^^^^^^^^^^^
  6 | import NebulaMessages from "@/components/dom/NebulaMessages";
  7 | import OrbitalRingLabels from "@/components/dom/OrbitalRingLabels";
  8 | import NffcIdentityCard from "@/components/dom/NffcIdentityCard";

Import map: aliased to relative './components/dom/ChainLabels' inside of [project]/

https://nextjs.org/docs/messages/module-not-found @ http://localhost:3000/_next/static/chunks/node_modules_next_dist_1e8vcs8._.js:1052
[62947118ms] [ERROR] ./app/page.js:9:1
Error: Module not found: Can't resolve '@/components/dom/MarketStats'
   7 | import OrbitalRingLabels from "@/components/dom/OrbitalRingLabels";
   8 | import NffcIdentityCard from "@/components/dom/NffcIdentityCard";
>  9 | import MarketStats from "@/components/dom/MarketStats";
     | ^^^^^^^^^^^^^^^^^^^^^^^^^^^^^^^^^^^^^^^^^^^^^^^^^^^^^^^
  10 | import FinalCta from "@/components/dom/FinalCta";
  11 | import Letterbox from "@/components/dom/Letterbox";
  12 | import ExperienceLoader from "@/components/canvas/ExperienceLoader";

Import map: aliased to relative './components/dom/MarketStats' inside of [project]/

https://nextjs.org/docs/messages/module-not-found @ http://localhost:3000/_next/static/chunks/node_modules_next_dist_1e8vcs8._.js:1052
[62947118ms] [ERROR] ./app/page.js:8:1
Error: Module not found: Can't resolve '@/components/dom/NffcIdentityCard'
   6 | import NebulaMessages from "@/components/dom/NebulaMessages";
   7 | import OrbitalRingLabels from "@/components/dom/OrbitalRingLabels";
>  8 | import NffcIdentityCard from "@/components/dom/NffcIdentityCard";
     | ^^^^^^^^^^^^^^^^^^^^^^^^^^^^^^^^^^^^^^^^^^^^^^^^^^^^^^^^^^^^^^^^^
   9 | import MarketStats from "@/components/dom/MarketStats";
  10 | import FinalCta from "@/components/dom/FinalCta";
  11 | import Letterbox from "@/components/dom/Letterbox";

Import map: aliased to relative './components/dom/NffcIdentityCard' inside of [project]/

https://nextjs.org/docs/messages/module-not-found @ http://localhost:3000/_next/static/chunks/node_modules_next_dist_1e8vcs8._.js:1052
[62947118ms] [ERROR] ./app/page.js:7:1
Error: Module not found: Can't resolve '@/components/dom/OrbitalRingLabels'
   5 | import ChainLabels from "@/components/dom/ChainLabels";
   6 | import NebulaMessages from "@/components/dom/NebulaMessages";
>  7 | import OrbitalRingLabels from "@/components/dom/OrbitalRingLabels";
     | ^^^^^^^^^^^^^^^^^^^^^^^^^^^^^^^^^^^^^^^^^^^^^^^^^^^^^^^^^^^^^^^^^^^
   8 | import NffcIdentityCard from "@/components/dom/NffcIdentityCard";
   9 | import MarketStats from "@/components/dom/MarketStats";
  10 | import FinalCta from "@/components/dom/FinalCta";

Import map: aliased to relative './components/dom/OrbitalRingLabels' inside of [project]/

https://nextjs.org/docs/messages/module-not-found @ http://localhost:3000/_next/static/chunks/node_modules_next_dist_1e8vcs8._.js:1052
[62947137ms] [LOG] [Fast Refresh] rebuilding @ http://localhost:3000/_next/static/chunks/node_modules_next_dist_1e8vcs8._.js:776
[62963471ms] [ERROR] ./components/canvas/Experience.jsx:18:1
Error: Module not found: Can't resolve './scenes/ChainsField'
  16 | import DigitalGrid from "./scenes/DigitalGrid";
  17 | import CollectionsField from "./scenes/CollectionsField";
> 18 | import ChainsField from "./scenes/ChainsField";
     | ^^^^^^^^^^^^^^^^^^^^^^^^^^^^^^^^^^^^^^^^^^^^^^^
  19 | import RwaNode from "./scenes/RwaNode";
  20 | import UniverseField from "./scenes/UniverseField";
  21 | import NffcSystem from "./scenes/NffcSystem";

Import trace:
  Client Component Browser:
    ./components/canvas/Experience.jsx [Client Component Browser]
    ./components/canvas/ExperienceLoader.jsx [Client Component Browser]
    ./components/canvas/ExperienceLoader.jsx [Server Component]
    ./app/page.js [Server Component]

https://nextjs.org/docs/messages/module-not-found @ http://localhost:3000/_next/static/chunks/node_modules_next_dist_1e8vcs8._.js:1052
[62963471ms] [ERROR] ./components/canvas/Experience.jsx:17:1
Error: Module not found: Can't resolve './scenes/CollectionsField'
  15 | import NftEmergence from "./scenes/NftEmergence";
  16 | import DigitalGrid from "./scenes/DigitalGrid";
> 17 | import CollectionsField from "./scenes/CollectionsField";
     | ^^^^^^^^^^^^^^^^^^^^^^^^^^^^^^^^^^^^^^^^^^^^^^^^^^^^^^^^^
  18 | import ChainsField from "./scenes/ChainsField";
  19 | import RwaNode from "./scenes/RwaNode";
  20 | import UniverseField from "./scenes/UniverseField";

Import trace:
  Client Component Browser:
    ./components/canvas/Experience.jsx [Client Component Browser]
    ./components/canvas/ExperienceLoader.jsx [Client Component Browser]
    ./components/canvas/ExperienceLoader.jsx [Server Component]
    ./app/page.js [Server Component]

https://nextjs.org/docs/messages/module-not-found @ http://localhost:3000/_next/static/chunks/node_modules_next_dist_1e8vcs8._.js:1052
[62963471ms] [ERROR] ./components/canvas/Experience.jsx:22:1
Error: Module not found: Can't resolve './scenes/GalaxyConnections'
  20 | import UniverseField from "./scenes/UniverseField";
  21 | import NffcSystem from "./scenes/NffcSystem";
> 22 | import GalaxyConnections from "./scenes/GalaxyConnections";
     | ^^^^^^^^^^^^^^^^^^^^^^^^^^^^^^^^^^^^^^^^^^^^^^^^^^^^^^^^^^^
  23 | import PostFX from "./PostFX";
  24 | import styles from "./Experience.module.css";
  25 | import { isMobile, CINEMATIC, BIGBANG } from "@/lib/tuning";

Import trace:
  Client Component Browser:
    ./components/canvas/Experience.jsx [Client Component Browser]
    ./components/canvas/ExperienceLoader.jsx [Client Component Browser]
    ./components/canvas/ExperienceLoader.jsx [Server Component]
    ./app/page.js [Server Component]

https://nextjs.org/docs/messages/module-not-found @ http://localhost:3000/_next/static/chunks/node_modules_next_dist_1e8vcs8._.js:1052
[62963472ms] [ERROR] ./components/canvas/Experience.jsx:21:1
Error: Module not found: Can't resolve './scenes/NffcSystem'
  19 | import RwaNode from "./scenes/RwaNode";
  20 | import UniverseField from "./scenes/UniverseField";
> 21 | import NffcSystem from "./scenes/NffcSystem";
     | ^^^^^^^^^^^^^^^^^^^^^^^^^^^^^^^^^^^^^^^^^^^^^
  22 | import GalaxyConnections from "./scenes/GalaxyConnections";
  23 | import PostFX from "./PostFX";
  24 | import styles from "./Experience.module.css";

Import trace:
  Client Component Browser:
    ./components/canvas/Experience.jsx [Client Component Browser]
    ./components/canvas/ExperienceLoader.jsx [Client Component Browser]
    ./components/canvas/ExperienceLoader.jsx [Server Component]
    ./app/page.js [Server Component]

https://nextjs.org/docs/messages/module-not-found @ http://localhost:3000/_next/static/chunks/node_modules_next_dist_1e8vcs8._.js:1052
[62963472ms] [ERROR] ./components/canvas/Experience.jsx:19:1
Error: Module not found: Can't resolve './scenes/RwaNode'
  17 | import CollectionsField from "./scenes/CollectionsField";
  18 | import ChainsField from "./scenes/ChainsField";
> 19 | import RwaNode from "./scenes/RwaNode";
     | ^^^^^^^^^^^^^^^^^^^^^^^^^^^^^^^^^^^^^^^
  20 | import UniverseField from "./scenes/UniverseField";
  21 | import NffcSystem from "./scenes/NffcSystem";
  22 | import GalaxyConnections from "./scenes/GalaxyConnections";

Import trace:
  Client Component Browser:
    ./components/canvas/Experience.jsx [Client Component Browser]
    ./components/canvas/ExperienceLoader.jsx [Client Component Browser]
    ./components/canvas/ExperienceLoader.jsx [Server Component]
    ./app/page.js [Server Component]

https://nextjs.org/docs/messages/module-not-found @ http://localhost:3000/_next/static/chunks/node_modules_next_dist_1e8vcs8._.js:1052
[62963472ms] [ERROR] ./app/page.js:5:1
Error: Module not found: Can't resolve '@/components/dom/ChainLabels'
  3 | import MicroHud from "@/components/dom/MicroHud";
  4 | import ChapterLettering from "@/components/dom/ChapterLettering";
> 5 | import ChainLabels from "@/components/dom/ChainLabels";
    | ^^^^^^^^^^^^^^^^^^^^^^^^^^^^^^^^^^^^^^^^^^^^^^^^^^^^^^^
  6 | import NebulaMessages from "@/components/dom/NebulaMessages";
  7 | import OrbitalRingLabels from "@/components/dom/OrbitalRingLabels";
  8 | import NffcIdentityCard from "@/components/dom/NffcIdentityCard";

Import map: aliased to relative './components/dom/ChainLabels' inside of [project]/

https://nextjs.org/docs/messages/module-not-found @ http://localhost:3000/_next/static/chunks/node_modules_next_dist_1e8vcs8._.js:1052
[62963472ms] [ERROR] ./app/page.js:9:1
Error: Module not found: Can't resolve '@/components/dom/MarketStats'
   7 | import OrbitalRingLabels from "@/components/dom/OrbitalRingLabels";
   8 | import NffcIdentityCard from "@/components/dom/NffcIdentityCard";
>  9 | import MarketStats from "@/components/dom/MarketStats";
     | ^^^^^^^^^^^^^^^^^^^^^^^^^^^^^^^^^^^^^^^^^^^^^^^^^^^^^^^
  10 | import FinalCta from "@/components/dom/FinalCta";
  11 | import Letterbox from "@/components/dom/Letterbox";
  12 | import ExperienceLoader from "@/components/canvas/ExperienceLoader";

Import map: aliased to relative './components/dom/MarketStats' inside of [project]/

https://nextjs.org/docs/messages/module-not-found @ http://localhost:3000/_next/static/chunks/node_modules_next_dist_1e8vcs8._.js:1052
[62963472ms] [ERROR] ./app/page.js:8:1
Error: Module not found: Can't resolve '@/components/dom/NffcIdentityCard'
   6 | import NebulaMessages from "@/components/dom/NebulaMessages";
   7 | import OrbitalRingLabels from "@/components/dom/OrbitalRingLabels";
>  8 | import NffcIdentityCard from "@/components/dom/NffcIdentityCard";
     | ^^^^^^^^^^^^^^^^^^^^^^^^^^^^^^^^^^^^^^^^^^^^^^^^^^^^^^^^^^^^^^^^^
   9 | import MarketStats from "@/components/dom/MarketStats";
  10 | import FinalCta from "@/components/dom/FinalCta";
  11 | import Letterbox from "@/components/dom/Letterbox";

Import map: aliased to relative './components/dom/NffcIdentityCard' inside of [project]/

https://nextjs.org/docs/messages/module-not-found @ http://localhost:3000/_next/static/chunks/node_modules_next_dist_1e8vcs8._.js:1052
[62963472ms] [ERROR] ./app/page.js:7:1
Error: Module not found: Can't resolve '@/components/dom/OrbitalRingLabels'
   5 | import ChainLabels from "@/components/dom/ChainLabels";
   6 | import NebulaMessages from "@/components/dom/NebulaMessages";
>  7 | import OrbitalRingLabels from "@/components/dom/OrbitalRingLabels";
     | ^^^^^^^^^^^^^^^^^^^^^^^^^^^^^^^^^^^^^^^^^^^^^^^^^^^^^^^^^^^^^^^^^^^
   8 | import NffcIdentityCard from "@/components/dom/NffcIdentityCard";
   9 | import MarketStats from "@/components/dom/MarketStats";
  10 | import FinalCta from "@/components/dom/FinalCta";

Import map: aliased to relative './components/dom/OrbitalRingLabels' inside of [project]/

https://nextjs.org/docs/messages/module-not-found @ http://localhost:3000/_next/static/chunks/node_modules_next_dist_1e8vcs8._.js:1052
[62963588ms] [ERROR] ./components/canvas/Experience.jsx:18:1
Error: Module not found: Can't resolve './scenes/ChainsField'
  16 | import DigitalGrid from "./scenes/DigitalGrid";
  17 | import CollectionsField from "./scenes/CollectionsField";
> 18 | import ChainsField from "./scenes/ChainsField";
     | ^^^^^^^^^^^^^^^^^^^^^^^^^^^^^^^^^^^^^^^^^^^^^^^
  19 | import RwaNode from "./scenes/RwaNode";
  20 | import UniverseField from "./scenes/UniverseField";
  21 | import NffcSystem from "./scenes/NffcSystem";

Import trace:
  Client Component Browser:
    ./components/canvas/Experience.jsx [Client Component Browser]
    ./components/canvas/ExperienceLoader.jsx [Client Component Browser]
    ./components/canvas/ExperienceLoader.jsx [Server Component]
    ./app/page.js [Server Component]

https://nextjs.org/docs/messages/module-not-found @ http://localhost:3000/_next/static/chunks/node_modules_next_dist_1e8vcs8._.js:1052
[62963589ms] [ERROR] ./components/canvas/Experience.jsx:17:1
Error: Module not found: Can't resolve './scenes/CollectionsField'
  15 | import NftEmergence from "./scenes/NftEmergence";
  16 | import DigitalGrid from "./scenes/DigitalGrid";
> 17 | import CollectionsField from "./scenes/CollectionsField";
     | ^^^^^^^^^^^^^^^^^^^^^^^^^^^^^^^^^^^^^^^^^^^^^^^^^^^^^^^^^
  18 | import ChainsField from "./scenes/ChainsField";
  19 | import RwaNode from "./scenes/RwaNode";
  20 | import UniverseField from "./scenes/UniverseField";

Import trace:
  Client Component Browser:
    ./components/canvas/Experience.jsx [Client Component Browser]
    ./components/canvas/ExperienceLoader.jsx [Client Component Browser]
    ./components/canvas/ExperienceLoader.jsx [Server Component]
    ./app/page.js [Server Component]

https://nextjs.org/docs/messages/module-not-found @ http://localhost:3000/_next/static/chunks/node_modules_next_dist_1e8vcs8._.js:1052
[62963589ms] [ERROR] ./components/canvas/Experience.jsx:22:1
Error: Module not found: Can't resolve './scenes/GalaxyConnections'
  20 | import UniverseField from "./scenes/UniverseField";
  21 | import NffcSystem from "./scenes/NffcSystem";
> 22 | import GalaxyConnections from "./scenes/GalaxyConnections";
     | ^^^^^^^^^^^^^^^^^^^^^^^^^^^^^^^^^^^^^^^^^^^^^^^^^^^^^^^^^^^
  23 | import PostFX from "./PostFX";
  24 | import styles from "./Experience.module.css";
  25 | import { isMobile, CINEMATIC, BIGBANG } from "@/lib/tuning";

Import trace:
  Client Component Browser:
    ./components/canvas/Experience.jsx [Client Component Browser]
    ./components/canvas/ExperienceLoader.jsx [Client Component Browser]
    ./components/canvas/ExperienceLoader.jsx [Server Component]
    ./app/page.js [Server Component]

https://nextjs.org/docs/messages/module-not-found @ http://localhost:3000/_next/static/chunks/node_modules_next_dist_1e8vcs8._.js:1052
[62963589ms] [ERROR] ./components/canvas/Experience.jsx:21:1
Error: Module not found: Can't resolve './scenes/NffcSystem'
  19 | import RwaNode from "./scenes/RwaNode";
  20 | import UniverseField from "./scenes/UniverseField";
> 21 | import NffcSystem from "./scenes/NffcSystem";
     | ^^^^^^^^^^^^^^^^^^^^^^^^^^^^^^^^^^^^^^^^^^^^^
  22 | import GalaxyConnections from "./scenes/GalaxyConnections";
  23 | import PostFX from "./PostFX";
  24 | import styles from "./Experience.module.css";

Import trace:
  Client Component Browser:
    ./components/canvas/Experience.jsx [Client Component Browser]
    ./components/canvas/ExperienceLoader.jsx [Client Component Browser]
    ./components/canvas/ExperienceLoader.jsx [Server Component]
    ./app/page.js [Server Component]

https://nextjs.org/docs/messages/module-not-found @ http://localhost:3000/_next/static/chunks/node_modules_next_dist_1e8vcs8._.js:1052
[62963589ms] [ERROR] ./components/canvas/Experience.jsx:19:1
Error: Module not found: Can't resolve './scenes/RwaNode'
  17 | import CollectionsField from "./scenes/CollectionsField";
  18 | import ChainsField from "./scenes/ChainsField";
> 19 | import RwaNode from "./scenes/RwaNode";
     | ^^^^^^^^^^^^^^^^^^^^^^^^^^^^^^^^^^^^^^^
  20 | import UniverseField from "./scenes/UniverseField";
  21 | import NffcSystem from "./scenes/NffcSystem";
  22 | import GalaxyConnections from "./scenes/GalaxyConnections";

Import trace:
  Client Component Browser:
    ./components/canvas/Experience.jsx [Client Component Browser]
    ./components/canvas/ExperienceLoader.jsx [Client Component Browser]
    ./components/canvas/ExperienceLoader.jsx [Server Component]
    ./app/page.js [Server Component]

https://nextjs.org/docs/messages/module-not-found @ http://localhost:3000/_next/static/chunks/node_modules_next_dist_1e8vcs8._.js:1052
[62963589ms] [ERROR] ./app/page.js:5:1
Error: Module not found: Can't resolve '@/components/dom/ChainLabels'
  3 | import MicroHud from "@/components/dom/MicroHud";
  4 | import ChapterLettering from "@/components/dom/ChapterLettering";
> 5 | import ChainLabels from "@/components/dom/ChainLabels";
    | ^^^^^^^^^^^^^^^^^^^^^^^^^^^^^^^^^^^^^^^^^^^^^^^^^^^^^^^
  6 | import NebulaMessages from "@/components/dom/NebulaMessages";
  7 | import OrbitalRingLabels from "@/components/dom/OrbitalRingLabels";
  8 | import NffcIdentityCard from "@/components/dom/NffcIdentityCard";

Import map: aliased to relative './components/dom/ChainLabels' inside of [project]/

https://nextjs.org/docs/messages/module-not-found @ http://localhost:3000/_next/static/chunks/node_modules_next_dist_1e8vcs8._.js:1052
[62963589ms] [ERROR] ./app/page.js:9:1
Error: Module not found: Can't resolve '@/components/dom/MarketStats'
   7 | import OrbitalRingLabels from "@/components/dom/OrbitalRingLabels";
   8 | import NffcIdentityCard from "@/components/dom/NffcIdentityCard";
>  9 | import MarketStats from "@/components/dom/MarketStats";
     | ^^^^^^^^^^^^^^^^^^^^^^^^^^^^^^^^^^^^^^^^^^^^^^^^^^^^^^^
  10 | import FinalCta from "@/components/dom/FinalCta";
  11 | import Letterbox from "@/components/dom/Letterbox";
  12 | import ExperienceLoader from "@/components/canvas/ExperienceLoader";

Import map: aliased to relative './components/dom/MarketStats' inside of [project]/

https://nextjs.org/docs/messages/module-not-found @ http://localhost:3000/_next/static/chunks/node_modules_next_dist_1e8vcs8._.js:1052
[62963589ms] [ERROR] ./app/page.js:8:1
Error: Module not found: Can't resolve '@/components/dom/NffcIdentityCard'
   6 | import NebulaMessages from "@/components/dom/NebulaMessages";
   7 | import OrbitalRingLabels from "@/components/dom/OrbitalRingLabels";
>  8 | import NffcIdentityCard from "@/components/dom/NffcIdentityCard";
     | ^^^^^^^^^^^^^^^^^^^^^^^^^^^^^^^^^^^^^^^^^^^^^^^^^^^^^^^^^^^^^^^^^
   9 | import MarketStats from "@/components/dom/MarketStats";
  10 | import FinalCta from "@/components/dom/FinalCta";
  11 | import Letterbox from "@/components/dom/Letterbox";

Import map: aliased to relative './components/dom/NffcIdentityCard' inside of [project]/

https://nextjs.org/docs/messages/module-not-found @ http://localhost:3000/_next/static/chunks/node_modules_next_dist_1e8vcs8._.js:1052
[62963589ms] [ERROR] ./app/page.js:7:1
Error: Module not found: Can't resolve '@/components/dom/OrbitalRingLabels'
   5 | import ChainLabels from "@/components/dom/ChainLabels";
   6 | import NebulaMessages from "@/components/dom/NebulaMessages";
>  7 | import OrbitalRingLabels from "@/components/dom/OrbitalRingLabels";
     | ^^^^^^^^^^^^^^^^^^^^^^^^^^^^^^^^^^^^^^^^^^^^^^^^^^^^^^^^^^^^^^^^^^^
   8 | import NffcIdentityCard from "@/components/dom/NffcIdentityCard";
   9 | import MarketStats from "@/components/dom/MarketStats";
  10 | import FinalCta from "@/components/dom/FinalCta";

Import map: aliased to relative './components/dom/OrbitalRingLabels' inside of [project]/

https://nextjs.org/docs/messages/module-not-found @ http://localhost:3000/_next/static/chunks/node_modules_next_dist_1e8vcs8._.js:1052
[62963636ms] [LOG] [Fast Refresh] rebuilding @ http://localhost:3000/_next/static/chunks/node_modules_next_dist_1e8vcs8._.js:776
[62979537ms] [ERROR] ./components/canvas/Experience.jsx:18:1
Error: Module not found: Can't resolve './scenes/ChainsField'
  16 | import DigitalGrid from "./scenes/DigitalGrid";
  17 | import CollectionsField from "./scenes/CollectionsField";
> 18 | import ChainsField from "./scenes/ChainsField";
     | ^^^^^^^^^^^^^^^^^^^^^^^^^^^^^^^^^^^^^^^^^^^^^^^
  19 | import RwaNode from "./scenes/RwaNode";
  20 | import UniverseField from "./scenes/UniverseField";
  21 | import NffcSystem from "./scenes/NffcSystem";

Import trace:
  Client Component Browser:
    ./components/canvas/Experience.jsx [Client Component Browser]
    ./components/canvas/ExperienceLoader.jsx [Client Component Browser]
    ./components/canvas/ExperienceLoader.jsx [Server Component]
    ./app/page.js [Server Component]

https://nextjs.org/docs/messages/module-not-found @ http://localhost:3000/_next/static/chunks/node_modules_next_dist_1e8vcs8._.js:1052
[62979537ms] [ERROR] ./components/canvas/Experience.jsx:17:1
Error: Module not found: Can't resolve './scenes/CollectionsField'
  15 | import NftEmergence from "./scenes/NftEmergence";
  16 | import DigitalGrid from "./scenes/DigitalGrid";
> 17 | import CollectionsField from "./scenes/CollectionsField";
     | ^^^^^^^^^^^^^^^^^^^^^^^^^^^^^^^^^^^^^^^^^^^^^^^^^^^^^^^^^
  18 | import ChainsField from "./scenes/ChainsField";
  19 | import RwaNode from "./scenes/RwaNode";
  20 | import UniverseField from "./scenes/UniverseField";

Import trace:
  Client Component Browser:
    ./components/canvas/Experience.jsx [Client Component Browser]
    ./components/canvas/ExperienceLoader.jsx [Client Component Browser]
    ./components/canvas/ExperienceLoader.jsx [Server Component]
    ./app/page.js [Server Component]

https://nextjs.org/docs/messages/module-not-found @ http://localhost:3000/_next/static/chunks/node_modules_next_dist_1e8vcs8._.js:1052
[62979537ms] [ERROR] ./components/canvas/Experience.jsx:22:1
Error: Module not found: Can't resolve './scenes/GalaxyConnections'
  20 | import UniverseField from "./scenes/UniverseField";
  21 | import NffcSystem from "./scenes/NffcSystem";
> 22 | import GalaxyConnections from "./scenes/GalaxyConnections";
     | ^^^^^^^^^^^^^^^^^^^^^^^^^^^^^^^^^^^^^^^^^^^^^^^^^^^^^^^^^^^
  23 | import PostFX from "./PostFX";
  24 | import styles from "./Experience.module.css";
  25 | import { isMobile, CINEMATIC, BIGBANG } from "@/lib/tuning";

Import trace:
  Client Component Browser:
    ./components/canvas/Experience.jsx [Client Component Browser]
    ./components/canvas/ExperienceLoader.jsx [Client Component Browser]
    ./components/canvas/ExperienceLoader.jsx [Server Component]
    ./app/page.js [Server Component]

https://nextjs.org/docs/messages/module-not-found @ http://localhost:3000/_next/static/chunks/node_modules_next_dist_1e8vcs8._.js:1052
[62979537ms] [ERROR] ./components/canvas/Experience.jsx:21:1
Error: Module not found: Can't resolve './scenes/NffcSystem'
  19 | import RwaNode from "./scenes/RwaNode";
  20 | import UniverseField from "./scenes/UniverseField";
> 21 | import NffcSystem from "./scenes/NffcSystem";
     | ^^^^^^^^^^^^^^^^^^^^^^^^^^^^^^^^^^^^^^^^^^^^^
  22 | import GalaxyConnections from "./scenes/GalaxyConnections";
  23 | import PostFX from "./PostFX";
  24 | import styles from "./Experience.module.css";

Import trace:
  Client Component Browser:
    ./components/canvas/Experience.jsx [Client Component Browser]
    ./components/canvas/ExperienceLoader.jsx [Client Component Browser]
    ./components/canvas/ExperienceLoader.jsx [Server Component]
    ./app/page.js [Server Component]

https://nextjs.org/docs/messages/module-not-found @ http://localhost:3000/_next/static/chunks/node_modules_next_dist_1e8vcs8._.js:1052
[62979538ms] [ERROR] ./components/canvas/Experience.jsx:19:1
Error: Module not found: Can't resolve './scenes/RwaNode'
  17 | import CollectionsField from "./scenes/CollectionsField";
  18 | import ChainsField from "./scenes/ChainsField";
> 19 | import RwaNode from "./scenes/RwaNode";
     | ^^^^^^^^^^^^^^^^^^^^^^^^^^^^^^^^^^^^^^^
  20 | import UniverseField from "./scenes/UniverseField";
  21 | import NffcSystem from "./scenes/NffcSystem";
  22 | import GalaxyConnections from "./scenes/GalaxyConnections";

Import trace:
  Client Component Browser:
    ./components/canvas/Experience.jsx [Client Component Browser]
    ./components/canvas/ExperienceLoader.jsx [Client Component Browser]
    ./components/canvas/ExperienceLoader.jsx [Server Component]
    ./app/page.js [Server Component]

https://nextjs.org/docs/messages/module-not-found @ http://localhost:3000/_next/static/chunks/node_modules_next_dist_1e8vcs8._.js:1052
[62979538ms] [ERROR] ./app/page.js:5:1
Error: Module not found: Can't resolve '@/components/dom/ChainLabels'
  3 | import MicroHud from "@/components/dom/MicroHud";
  4 | import ChapterLettering from "@/components/dom/ChapterLettering";
> 5 | import ChainLabels from "@/components/dom/ChainLabels";
    | ^^^^^^^^^^^^^^^^^^^^^^^^^^^^^^^^^^^^^^^^^^^^^^^^^^^^^^^
  6 | import NebulaMessages from "@/components/dom/NebulaMessages";
  7 | import OrbitalRingLabels from "@/components/dom/OrbitalRingLabels";
  8 | import NffcIdentityCard from "@/components/dom/NffcIdentityCard";

Import map: aliased to relative './components/dom/ChainLabels' inside of [project]/

https://nextjs.org/docs/messages/module-not-found @ http://localhost:3000/_next/static/chunks/node_modules_next_dist_1e8vcs8._.js:1052
[62979538ms] [ERROR] ./app/page.js:9:1
Error: Module not found: Can't resolve '@/components/dom/MarketStats'
   7 | import OrbitalRingLabels from "@/components/dom/OrbitalRingLabels";
   8 | import NffcIdentityCard from "@/components/dom/NffcIdentityCard";
>  9 | import MarketStats from "@/components/dom/MarketStats";
     | ^^^^^^^^^^^^^^^^^^^^^^^^^^^^^^^^^^^^^^^^^^^^^^^^^^^^^^^
  10 | import FinalCta from "@/components/dom/FinalCta";
  11 | import Letterbox from "@/components/dom/Letterbox";
  12 | import ExperienceLoader from "@/components/canvas/ExperienceLoader";

Import map: aliased to relative './components/dom/MarketStats' inside of [project]/

https://nextjs.org/docs/messages/module-not-found @ http://localhost:3000/_next/static/chunks/node_modules_next_dist_1e8vcs8._.js:1052
[62979538ms] [ERROR] ./app/page.js:8:1
Error: Module not found: Can't resolve '@/components/dom/NffcIdentityCard'
   6 | import NebulaMessages from "@/components/dom/NebulaMessages";
   7 | import OrbitalRingLabels from "@/components/dom/OrbitalRingLabels";
>  8 | import NffcIdentityCard from "@/components/dom/NffcIdentityCard";
     | ^^^^^^^^^^^^^^^^^^^^^^^^^^^^^^^^^^^^^^^^^^^^^^^^^^^^^^^^^^^^^^^^^
   9 | import MarketStats from "@/components/dom/MarketStats";
  10 | import FinalCta from "@/components/dom/FinalCta";
  11 | import Letterbox from "@/components/dom/Letterbox";

Import map: aliased to relative './components/dom/NffcIdentityCard' inside of [project]/

https://nextjs.org/docs/messages/module-not-found @ http://localhost:3000/_next/static/chunks/node_modules_next_dist_1e8vcs8._.js:1052
[62979538ms] [ERROR] ./app/page.js:7:1
Error: Module not found: Can't resolve '@/components/dom/OrbitalRingLabels'
   5 | import ChainLabels from "@/components/dom/ChainLabels";
   6 | import NebulaMessages from "@/components/dom/NebulaMessages";
>  7 | import OrbitalRingLabels from "@/components/dom/OrbitalRingLabels";
     | ^^^^^^^^^^^^^^^^^^^^^^^^^^^^^^^^^^^^^^^^^^^^^^^^^^^^^^^^^^^^^^^^^^^
   8 | import NffcIdentityCard from "@/components/dom/NffcIdentityCard";
   9 | import MarketStats from "@/components/dom/MarketStats";
  10 | import FinalCta from "@/components/dom/FinalCta";

Import map: aliased to relative './components/dom/OrbitalRingLabels' inside of [project]/

https://nextjs.org/docs/messages/module-not-found @ http://localhost:3000/_next/static/chunks/node_modules_next_dist_1e8vcs8._.js:1052
[62995705ms] [ERROR] ./components/canvas/Experience.jsx:18:1
Error: Module not found: Can't resolve './scenes/ChainsField'
  16 | import DigitalGrid from "./scenes/DigitalGrid";
  17 | import CollectionsField from "./scenes/CollectionsField";
> 18 | import ChainsField from "./scenes/ChainsField";
     | ^^^^^^^^^^^^^^^^^^^^^^^^^^^^^^^^^^^^^^^^^^^^^^^
  19 | import RwaNode from "./scenes/RwaNode";
  20 | import UniverseField from "./scenes/UniverseField";
  21 | import NffcSystem from "./scenes/NffcSystem";

Import trace:
  Client Component Browser:
    ./components/canvas/Experience.jsx [Client Component Browser]
    ./components/canvas/ExperienceLoader.jsx [Client Component Browser]
    ./components/canvas/ExperienceLoader.jsx [Server Component]
    ./app/page.js [Server Component]

https://nextjs.org/docs/messages/module-not-found @ http://localhost:3000/_next/static/chunks/node_modules_next_dist_1e8vcs8._.js:1052
[62995705ms] [ERROR] ./components/canvas/Experience.jsx:17:1
Error: Module not found: Can't resolve './scenes/CollectionsField'
  15 | import NftEmergence from "./scenes/NftEmergence";
  16 | import DigitalGrid from "./scenes/DigitalGrid";
> 17 | import CollectionsField from "./scenes/CollectionsField";
     | ^^^^^^^^^^^^^^^^^^^^^^^^^^^^^^^^^^^^^^^^^^^^^^^^^^^^^^^^^
  18 | import ChainsField from "./scenes/ChainsField";
  19 | import RwaNode from "./scenes/RwaNode";
  20 | import UniverseField from "./scenes/UniverseField";

Import trace:
  Client Component Browser:
    ./components/canvas/Experience.jsx [Client Component Browser]
    ./components/canvas/ExperienceLoader.jsx [Client Component Browser]
    ./components/canvas/ExperienceLoader.jsx [Server Component]
    ./app/page.js [Server Component]

https://nextjs.org/docs/messages/module-not-found @ http://localhost:3000/_next/static/chunks/node_modules_next_dist_1e8vcs8._.js:1052
[62995705ms] [ERROR] ./components/canvas/Experience.jsx:22:1
Error: Module not found: Can't resolve './scenes/GalaxyConnections'
  20 | import UniverseField from "./scenes/UniverseField";
  21 | import NffcSystem from "./scenes/NffcSystem";
> 22 | import GalaxyConnections from "./scenes/GalaxyConnections";
     | ^^^^^^^^^^^^^^^^^^^^^^^^^^^^^^^^^^^^^^^^^^^^^^^^^^^^^^^^^^^
  23 | import PostFX from "./PostFX";
  24 | import styles from "./Experience.module.css";
  25 | import { isMobile, CINEMATIC, BIGBANG } from "@/lib/tuning";

Import trace:
  Client Component Browser:
    ./components/canvas/Experience.jsx [Client Component Browser]
    ./components/canvas/ExperienceLoader.jsx [Client Component Browser]
    ./components/canvas/ExperienceLoader.jsx [Server Component]
    ./app/page.js [Server Component]

https://nextjs.org/docs/messages/module-not-found @ http://localhost:3000/_next/static/chunks/node_modules_next_dist_1e8vcs8._.js:1052
[62995705ms] [ERROR] ./components/canvas/Experience.jsx:21:1
Error: Module not found: Can't resolve './scenes/NffcSystem'
  19 | import RwaNode from "./scenes/RwaNode";
  20 | import UniverseField from "./scenes/UniverseField";
> 21 | import NffcSystem from "./scenes/NffcSystem";
     | ^^^^^^^^^^^^^^^^^^^^^^^^^^^^^^^^^^^^^^^^^^^^^
  22 | import GalaxyConnections from "./scenes/GalaxyConnections";
  23 | import PostFX from "./PostFX";
  24 | import styles from "./Experience.module.css";

Import trace:
  Client Component Browser:
    ./components/canvas/Experience.jsx [Client Component Browser]
    ./components/canvas/ExperienceLoader.jsx [Client Component Browser]
    ./components/canvas/ExperienceLoader.jsx [Server Component]
    ./app/page.js [Server Component]

https://nextjs.org/docs/messages/module-not-found @ http://localhost:3000/_next/static/chunks/node_modules_next_dist_1e8vcs8._.js:1052
[62995705ms] [ERROR] ./components/canvas/Experience.jsx:19:1
Error: Module not found: Can't resolve './scenes/RwaNode'
  17 | import CollectionsField from "./scenes/CollectionsField";
  18 | import ChainsField from "./scenes/ChainsField";
> 19 | import RwaNode from "./scenes/RwaNode";
     | ^^^^^^^^^^^^^^^^^^^^^^^^^^^^^^^^^^^^^^^
  20 | import UniverseField from "./scenes/UniverseField";
  21 | import NffcSystem from "./scenes/NffcSystem";
  22 | import GalaxyConnections from "./scenes/GalaxyConnections";

Import trace:
  Client Component Browser:
    ./components/canvas/Experience.jsx [Client Component Browser]
    ./components/canvas/ExperienceLoader.jsx [Client Component Browser]
    ./components/canvas/ExperienceLoader.jsx [Server Component]
    ./app/page.js [Server Component]

https://nextjs.org/docs/messages/module-not-found @ http://localhost:3000/_next/static/chunks/node_modules_next_dist_1e8vcs8._.js:1052
[62995705ms] [ERROR] ./app/page.js:5:1
Error: Module not found: Can't resolve '@/components/dom/ChainLabels'
  3 | import MicroHud from "@/components/dom/MicroHud";
  4 | import ChapterLettering from "@/components/dom/ChapterLettering";
> 5 | import ChainLabels from "@/components/dom/ChainLabels";
    | ^^^^^^^^^^^^^^^^^^^^^^^^^^^^^^^^^^^^^^^^^^^^^^^^^^^^^^^
  6 | import NebulaMessages from "@/components/dom/NebulaMessages";
  7 | import OrbitalRingLabels from "@/components/dom/OrbitalRingLabels";
  8 | import NffcIdentityCard from "@/components/dom/NffcIdentityCard";

Import map: aliased to relative './components/dom/ChainLabels' inside of [project]/

https://nextjs.org/docs/messages/module-not-found @ http://localhost:3000/_next/static/chunks/node_modules_next_dist_1e8vcs8._.js:1052
[62995705ms] [ERROR] ./app/page.js:9:1
Error: Module not found: Can't resolve '@/components/dom/MarketStats'
   7 | import OrbitalRingLabels from "@/components/dom/OrbitalRingLabels";
   8 | import NffcIdentityCard from "@/components/dom/NffcIdentityCard";
>  9 | import MarketStats from "@/components/dom/MarketStats";
     | ^^^^^^^^^^^^^^^^^^^^^^^^^^^^^^^^^^^^^^^^^^^^^^^^^^^^^^^
  10 | import FinalCta from "@/components/dom/FinalCta";
  11 | import Letterbox from "@/components/dom/Letterbox";
  12 | import ExperienceLoader from "@/components/canvas/ExperienceLoader";

Import map: aliased to relative './components/dom/MarketStats' inside of [project]/

https://nextjs.org/docs/messages/module-not-found @ http://localhost:3000/_next/static/chunks/node_modules_next_dist_1e8vcs8._.js:1052
[62995706ms] [ERROR] ./app/page.js:8:1
Error: Module not found: Can't resolve '@/components/dom/NffcIdentityCard'
   6 | import NebulaMessages from "@/components/dom/NebulaMessages";
   7 | import OrbitalRingLabels from "@/components/dom/OrbitalRingLabels";
>  8 | import NffcIdentityCard from "@/components/dom/NffcIdentityCard";
     | ^^^^^^^^^^^^^^^^^^^^^^^^^^^^^^^^^^^^^^^^^^^^^^^^^^^^^^^^^^^^^^^^^
   9 | import MarketStats from "@/components/dom/MarketStats";
  10 | import FinalCta from "@/components/dom/FinalCta";
  11 | import Letterbox from "@/components/dom/Letterbox";

Import map: aliased to relative './components/dom/NffcIdentityCard' inside of [project]/

https://nextjs.org/docs/messages/module-not-found @ http://localhost:3000/_next/static/chunks/node_modules_next_dist_1e8vcs8._.js:1052
[62995706ms] [ERROR] ./app/page.js:7:1
Error: Module not found: Can't resolve '@/components/dom/OrbitalRingLabels'
   5 | import ChainLabels from "@/components/dom/ChainLabels";
   6 | import NebulaMessages from "@/components/dom/NebulaMessages";
>  7 | import OrbitalRingLabels from "@/components/dom/OrbitalRingLabels";
     | ^^^^^^^^^^^^^^^^^^^^^^^^^^^^^^^^^^^^^^^^^^^^^^^^^^^^^^^^^^^^^^^^^^^
   8 | import NffcIdentityCard from "@/components/dom/NffcIdentityCard";
   9 | import MarketStats from "@/components/dom/MarketStats";
  10 | import FinalCta from "@/components/dom/FinalCta";

Import map: aliased to relative './components/dom/OrbitalRingLabels' inside of [project]/

https://nextjs.org/docs/messages/module-not-found @ http://localhost:3000/_next/static/chunks/node_modules_next_dist_1e8vcs8._.js:1052
[63012806ms] [ERROR] ./components/canvas/Experience.jsx:18:1
Error: Module not found: Can't resolve './scenes/ChainsField'
  16 | import DigitalGrid from "./scenes/DigitalGrid";
  17 | import CollectionsField from "./scenes/CollectionsField";
> 18 | import ChainsField from "./scenes/ChainsField";
     | ^^^^^^^^^^^^^^^^^^^^^^^^^^^^^^^^^^^^^^^^^^^^^^^
  19 | import RwaNode from "./scenes/RwaNode";
  20 | import UniverseField from "./scenes/UniverseField";
  21 | import NffcSystem from "./scenes/NffcSystem";

Import trace:
  Client Component Browser:
    ./components/canvas/Experience.jsx [Client Component Browser]
    ./components/canvas/ExperienceLoader.jsx [Client Component Browser]
    ./components/canvas/ExperienceLoader.jsx [Server Component]
    ./app/page.js [Server Component]

https://nextjs.org/docs/messages/module-not-found @ http://localhost:3000/_next/static/chunks/node_modules_next_dist_1e8vcs8._.js:1052
[63012806ms] [ERROR] ./components/canvas/Experience.jsx:17:1
Error: Module not found: Can't resolve './scenes/CollectionsField'
  15 | import NftEmergence from "./scenes/NftEmergence";
  16 | import DigitalGrid from "./scenes/DigitalGrid";
> 17 | import CollectionsField from "./scenes/CollectionsField";
     | ^^^^^^^^^^^^^^^^^^^^^^^^^^^^^^^^^^^^^^^^^^^^^^^^^^^^^^^^^
  18 | import ChainsField from "./scenes/ChainsField";
  19 | import RwaNode from "./scenes/RwaNode";
  20 | import UniverseField from "./scenes/UniverseField";

Import trace:
  Client Component Browser:
    ./components/canvas/Experience.jsx [Client Component Browser]
    ./components/canvas/ExperienceLoader.jsx [Client Component Browser]
    ./components/canvas/ExperienceLoader.jsx [Server Component]
    ./app/page.js [Server Component]

https://nextjs.org/docs/messages/module-not-found @ http://localhost:3000/_next/static/chunks/node_modules_next_dist_1e8vcs8._.js:1052
[63012806ms] [ERROR] ./components/canvas/Experience.jsx:22:1
Error: Module not found: Can't resolve './scenes/GalaxyConnections'
  20 | import UniverseField from "./scenes/UniverseField";
  21 | import NffcSystem from "./scenes/NffcSystem";
> 22 | import GalaxyConnections from "./scenes/GalaxyConnections";
     | ^^^^^^^^^^^^^^^^^^^^^^^^^^^^^^^^^^^^^^^^^^^^^^^^^^^^^^^^^^^
  23 | import PostFX from "./PostFX";
  24 | import styles from "./Experience.module.css";
  25 | import { isMobile, CINEMATIC, BIGBANG } from "@/lib/tuning";

Import trace:
  Client Component Browser:
    ./components/canvas/Experience.jsx [Client Component Browser]
    ./components/canvas/ExperienceLoader.jsx [Client Component Browser]
    ./components/canvas/ExperienceLoader.jsx [Server Component]
    ./app/page.js [Server Component]

https://nextjs.org/docs/messages/module-not-found @ http://localhost:3000/_next/static/chunks/node_modules_next_dist_1e8vcs8._.js:1052
[63012806ms] [ERROR] ./components/canvas/Experience.jsx:21:1
Error: Module not found: Can't resolve './scenes/NffcSystem'
  19 | import RwaNode from "./scenes/RwaNode";
  20 | import UniverseField from "./scenes/UniverseField";
> 21 | import NffcSystem from "./scenes/NffcSystem";
     | ^^^^^^^^^^^^^^^^^^^^^^^^^^^^^^^^^^^^^^^^^^^^^
  22 | import GalaxyConnections from "./scenes/GalaxyConnections";
  23 | import PostFX from "./PostFX";
  24 | import styles from "./Experience.module.css";

Import trace:
  Client Component Browser:
    ./components/canvas/Experience.jsx [Client Component Browser]
    ./components/canvas/ExperienceLoader.jsx [Client Component Browser]
    ./components/canvas/ExperienceLoader.jsx [Server Component]
    ./app/page.js [Server Component]

https://nextjs.org/docs/messages/module-not-found @ http://localhost:3000/_next/static/chunks/node_modules_next_dist_1e8vcs8._.js:1052
[63012807ms] [ERROR] ./components/canvas/Experience.jsx:19:1
Error: Module not found: Can't resolve './scenes/RwaNode'
  17 | import CollectionsField from "./scenes/CollectionsField";
  18 | import ChainsField from "./scenes/ChainsField";
> 19 | import RwaNode from "./scenes/RwaNode";
     | ^^^^^^^^^^^^^^^^^^^^^^^^^^^^^^^^^^^^^^^
  20 | import UniverseField from "./scenes/UniverseField";
  21 | import NffcSystem from "./scenes/NffcSystem";
  22 | import GalaxyConnections from "./scenes/GalaxyConnections";

Import trace:
  Client Component Browser:
    ./components/canvas/Experience.jsx [Client Component Browser]
    ./components/canvas/ExperienceLoader.jsx [Client Component Browser]
    ./components/canvas/ExperienceLoader.jsx [Server Component]
    ./app/page.js [Server Component]

https://nextjs.org/docs/messages/module-not-found @ http://localhost:3000/_next/static/chunks/node_modules_next_dist_1e8vcs8._.js:1052
[63012807ms] [ERROR] ./app/page.js:5:1
Error: Module not found: Can't resolve '@/components/dom/ChainLabels'
  3 | import MicroHud from "@/components/dom/MicroHud";
  4 | import ChapterLettering from "@/components/dom/ChapterLettering";
> 5 | import ChainLabels from "@/components/dom/ChainLabels";
    | ^^^^^^^^^^^^^^^^^^^^^^^^^^^^^^^^^^^^^^^^^^^^^^^^^^^^^^^
  6 | import NebulaMessages from "@/components/dom/NebulaMessages";
  7 | import OrbitalRingLabels from "@/components/dom/OrbitalRingLabels";
  8 | import NffcIdentityCard from "@/components/dom/NffcIdentityCard";

Import map: aliased to relative './components/dom/ChainLabels' inside of [project]/

https://nextjs.org/docs/messages/module-not-found @ http://localhost:3000/_next/static/chunks/node_modules_next_dist_1e8vcs8._.js:1052
[63012807ms] [ERROR] ./app/page.js:9:1
Error: Module not found: Can't resolve '@/components/dom/MarketStats'
   7 | import OrbitalRingLabels from "@/components/dom/OrbitalRingLabels";
   8 | import NffcIdentityCard from "@/components/dom/NffcIdentityCard";
>  9 | import MarketStats from "@/components/dom/MarketStats";
     | ^^^^^^^^^^^^^^^^^^^^^^^^^^^^^^^^^^^^^^^^^^^^^^^^^^^^^^^
  10 | import FinalCta from "@/components/dom/FinalCta";
  11 | import Letterbox from "@/components/dom/Letterbox";
  12 | import ExperienceLoader from "@/components/canvas/ExperienceLoader";

Import map: aliased to relative './components/dom/MarketStats' inside of [project]/

https://nextjs.org/docs/messages/module-not-found @ http://localhost:3000/_next/static/chunks/node_modules_next_dist_1e8vcs8._.js:1052
[63012807ms] [ERROR] ./app/page.js:8:1
Error: Module not found: Can't resolve '@/components/dom/NffcIdentityCard'
   6 | import NebulaMessages from "@/components/dom/NebulaMessages";
   7 | import OrbitalRingLabels from "@/components/dom/OrbitalRingLabels";
>  8 | import NffcIdentityCard from "@/components/dom/NffcIdentityCard";
     | ^^^^^^^^^^^^^^^^^^^^^^^^^^^^^^^^^^^^^^^^^^^^^^^^^^^^^^^^^^^^^^^^^
   9 | import MarketStats from "@/components/dom/MarketStats";
  10 | import FinalCta from "@/components/dom/FinalCta";
  11 | import Letterbox from "@/components/dom/Letterbox";

Import map: aliased to relative './components/dom/NffcIdentityCard' inside of [project]/

https://nextjs.org/docs/messages/module-not-found @ http://localhost:3000/_next/static/chunks/node_modules_next_dist_1e8vcs8._.js:1052
[63012807ms] [ERROR] ./app/page.js:7:1
Error: Module not found: Can't resolve '@/components/dom/OrbitalRingLabels'
   5 | import ChainLabels from "@/components/dom/ChainLabels";
   6 | import NebulaMessages from "@/components/dom/NebulaMessages";
>  7 | import OrbitalRingLabels from "@/components/dom/OrbitalRingLabels";
     | ^^^^^^^^^^^^^^^^^^^^^^^^^^^^^^^^^^^^^^^^^^^^^^^^^^^^^^^^^^^^^^^^^^^
   8 | import NffcIdentityCard from "@/components/dom/NffcIdentityCard";
   9 | import MarketStats from "@/components/dom/MarketStats";
  10 | import FinalCta from "@/components/dom/FinalCta";

Import map: aliased to relative './components/dom/OrbitalRingLabels' inside of [project]/

https://nextjs.org/docs/messages/module-not-found @ http://localhost:3000/_next/static/chunks/node_modules_next_dist_1e8vcs8._.js:1052
[63012853ms] [ERROR] ./components/canvas/Experience.jsx:18:1
Error: Module not found: Can't resolve './scenes/ChainsField'
  16 | import DigitalGrid from "./scenes/DigitalGrid";
  17 | import CollectionsField from "./scenes/CollectionsField";
> 18 | import ChainsField from "./scenes/ChainsField";
     | ^^^^^^^^^^^^^^^^^^^^^^^^^^^^^^^^^^^^^^^^^^^^^^^
  19 | import RwaNode from "./scenes/RwaNode";
  20 | import UniverseField from "./scenes/UniverseField";
  21 | import NffcSystem from "./scenes/NffcSystem";

Import trace:
  Client Component Browser:
    ./components/canvas/Experience.jsx [Client Component Browser]
    ./components/canvas/ExperienceLoader.jsx [Client Component Browser]
    ./components/canvas/ExperienceLoader.jsx [Server Component]
    ./app/page.js [Server Component]

https://nextjs.org/docs/messages/module-not-found @ http://localhost:3000/_next/static/chunks/node_modules_next_dist_1e8vcs8._.js:1052
[63012854ms] [ERROR] ./components/canvas/Experience.jsx:17:1
Error: Module not found: Can't resolve './scenes/CollectionsField'
  15 | import NftEmergence from "./scenes/NftEmergence";
  16 | import DigitalGrid from "./scenes/DigitalGrid";
> 17 | import CollectionsField from "./scenes/CollectionsField";
     | ^^^^^^^^^^^^^^^^^^^^^^^^^^^^^^^^^^^^^^^^^^^^^^^^^^^^^^^^^
  18 | import ChainsField from "./scenes/ChainsField";
  19 | import RwaNode from "./scenes/RwaNode";
  20 | import UniverseField from "./scenes/UniverseField";

Import trace:
  Client Component Browser:
    ./components/canvas/Experience.jsx [Client Component Browser]
    ./components/canvas/ExperienceLoader.jsx [Client Component Browser]
    ./components/canvas/ExperienceLoader.jsx [Server Component]
    ./app/page.js [Server Component]

https://nextjs.org/docs/messages/module-not-found @ http://localhost:3000/_next/static/chunks/node_modules_next_dist_1e8vcs8._.js:1052
[63012854ms] [ERROR] ./components/canvas/Experience.jsx:22:1
Error: Module not found: Can't resolve './scenes/GalaxyConnections'
  20 | import UniverseField from "./scenes/UniverseField";
  21 | import NffcSystem from "./scenes/NffcSystem";
> 22 | import GalaxyConnections from "./scenes/GalaxyConnections";
     | ^^^^^^^^^^^^^^^^^^^^^^^^^^^^^^^^^^^^^^^^^^^^^^^^^^^^^^^^^^^
  23 | import PostFX from "./PostFX";
  24 | import styles from "./Experience.module.css";
  25 | import { isMobile, CINEMATIC, BIGBANG } from "@/lib/tuning";

Import trace:
  Client Component Browser:
    ./components/canvas/Experience.jsx [Client Component Browser]
    ./components/canvas/ExperienceLoader.jsx [Client Component Browser]
    ./components/canvas/ExperienceLoader.jsx [Server Component]
    ./app/page.js [Server Component]

https://nextjs.org/docs/messages/module-not-found @ http://localhost:3000/_next/static/chunks/node_modules_next_dist_1e8vcs8._.js:1052
[63012854ms] [ERROR] ./components/canvas/Experience.jsx:21:1
Error: Module not found: Can't resolve './scenes/NffcSystem'
  19 | import RwaNode from "./scenes/RwaNode";
  20 | import UniverseField from "./scenes/UniverseField";
> 21 | import NffcSystem from "./scenes/NffcSystem";
     | ^^^^^^^^^^^^^^^^^^^^^^^^^^^^^^^^^^^^^^^^^^^^^
  22 | import GalaxyConnections from "./scenes/GalaxyConnections";
  23 | import PostFX from "./PostFX";
  24 | import styles from "./Experience.module.css";

Import trace:
  Client Component Browser:
    ./components/canvas/Experience.jsx [Client Component Browser]
    ./components/canvas/ExperienceLoader.jsx [Client Component Browser]
    ./components/canvas/ExperienceLoader.jsx [Server Component]
    ./app/page.js [Server Component]

https://nextjs.org/docs/messages/module-not-found @ http://localhost:3000/_next/static/chunks/node_modules_next_dist_1e8vcs8._.js:1052
[63012854ms] [ERROR] ./components/canvas/Experience.jsx:19:1
Error: Module not found: Can't resolve './scenes/RwaNode'
  17 | import CollectionsField from "./scenes/CollectionsField";
  18 | import ChainsField from "./scenes/ChainsField";
> 19 | import RwaNode from "./scenes/RwaNode";
     | ^^^^^^^^^^^^^^^^^^^^^^^^^^^^^^^^^^^^^^^
  20 | import UniverseField from "./scenes/UniverseField";
  21 | import NffcSystem from "./scenes/NffcSystem";
  22 | import GalaxyConnections from "./scenes/GalaxyConnections";

Import trace:
  Client Component Browser:
    ./components/canvas/Experience.jsx [Client Component Browser]
    ./components/canvas/ExperienceLoader.jsx [Client Component Browser]
    ./components/canvas/ExperienceLoader.jsx [Server Component]
    ./app/page.js [Server Component]

https://nextjs.org/docs/messages/module-not-found @ http://localhost:3000/_next/static/chunks/node_modules_next_dist_1e8vcs8._.js:1052
[63012854ms] [ERROR] ./app/page.js:5:1
Error: Module not found: Can't resolve '@/components/dom/ChainLabels'
  3 | import MicroHud from "@/components/dom/MicroHud";
  4 | import ChapterLettering from "@/components/dom/ChapterLettering";
> 5 | import ChainLabels from "@/components/dom/ChainLabels";
    | ^^^^^^^^^^^^^^^^^^^^^^^^^^^^^^^^^^^^^^^^^^^^^^^^^^^^^^^
  6 | import NebulaMessages from "@/components/dom/NebulaMessages";
  7 | import OrbitalRingLabels from "@/components/dom/OrbitalRingLabels";
  8 | import NffcIdentityCard from "@/components/dom/NffcIdentityCard";

Import map: aliased to relative './components/dom/ChainLabels' inside of [project]/

https://nextjs.org/docs/messages/module-not-found @ http://localhost:3000/_next/static/chunks/node_modules_next_dist_1e8vcs8._.js:1052
[63012854ms] [ERROR] ./app/page.js:9:1
Error: Module not found: Can't resolve '@/components/dom/MarketStats'
   7 | import OrbitalRingLabels from "@/components/dom/OrbitalRingLabels";
   8 | import NffcIdentityCard from "@/components/dom/NffcIdentityCard";
>  9 | import MarketStats from "@/components/dom/MarketStats";
     | ^^^^^^^^^^^^^^^^^^^^^^^^^^^^^^^^^^^^^^^^^^^^^^^^^^^^^^^
  10 | import FinalCta from "@/components/dom/FinalCta";
  11 | import Letterbox from "@/components/dom/Letterbox";
  12 | import ExperienceLoader from "@/components/canvas/ExperienceLoader";

Import map: aliased to relative './components/dom/MarketStats' inside of [project]/

https://nextjs.org/docs/messages/module-not-found @ http://localhost:3000/_next/static/chunks/node_modules_next_dist_1e8vcs8._.js:1052
[63012854ms] [ERROR] ./app/page.js:8:1
Error: Module not found: Can't resolve '@/components/dom/NffcIdentityCard'
   6 | import NebulaMessages from "@/components/dom/NebulaMessages";
   7 | import OrbitalRingLabels from "@/components/dom/OrbitalRingLabels";
>  8 | import NffcIdentityCard from "@/components/dom/NffcIdentityCard";
     | ^^^^^^^^^^^^^^^^^^^^^^^^^^^^^^^^^^^^^^^^^^^^^^^^^^^^^^^^^^^^^^^^^
   9 | import MarketStats from "@/components/dom/MarketStats";
  10 | import FinalCta from "@/components/dom/FinalCta";
  11 | import Letterbox from "@/components/dom/Letterbox";

Import map: aliased to relative './components/dom/NffcIdentityCard' inside of [project]/

https://nextjs.org/docs/messages/module-not-found @ http://localhost:3000/_next/static/chunks/node_modules_next_dist_1e8vcs8._.js:1052
[63012854ms] [ERROR] ./app/page.js:7:1
Error: Module not found: Can't resolve '@/components/dom/OrbitalRingLabels'
   5 | import ChainLabels from "@/components/dom/ChainLabels";
   6 | import NebulaMessages from "@/components/dom/NebulaMessages";
>  7 | import OrbitalRingLabels from "@/components/dom/OrbitalRingLabels";
     | ^^^^^^^^^^^^^^^^^^^^^^^^^^^^^^^^^^^^^^^^^^^^^^^^^^^^^^^^^^^^^^^^^^^
   8 | import NffcIdentityCard from "@/components/dom/NffcIdentityCard";
   9 | import MarketStats from "@/components/dom/MarketStats";
  10 | import FinalCta from "@/components/dom/FinalCta";

Import map: aliased to relative './components/dom/OrbitalRingLabels' inside of [project]/

https://nextjs.org/docs/messages/module-not-found @ http://localhost:3000/_next/static/chunks/node_modules_next_dist_1e8vcs8._.js:1052
[63018439ms] [ERROR] ./components/canvas/Experience.jsx:18:1
Error: Module not found: Can't resolve './scenes/ChainsField'
  16 | import DigitalGrid from "./scenes/DigitalGrid";
  17 | import CollectionsField from "./scenes/CollectionsField";
> 18 | import ChainsField from "./scenes/ChainsField";
     | ^^^^^^^^^^^^^^^^^^^^^^^^^^^^^^^^^^^^^^^^^^^^^^^
  19 | import RwaNode from "./scenes/RwaNode";
  20 | import UniverseField from "./scenes/UniverseField";
  21 | import NffcSystem from "./scenes/NffcSystem";

Import trace:
  Client Component Browser:
    ./components/canvas/Experience.jsx [Client Component Browser]
    ./components/canvas/ExperienceLoader.jsx [Client Component Browser]
    ./components/canvas/ExperienceLoader.jsx [Server Component]
    ./app/page.js [Server Component]

https://nextjs.org/docs/messages/module-not-found @ http://localhost:3000/_next/static/chunks/node_modules_next_dist_1e8vcs8._.js:1052
[63018439ms] [ERROR] ./components/canvas/Experience.jsx:17:1
Error: Module not found: Can't resolve './scenes/CollectionsField'
  15 | import NftEmergence from "./scenes/NftEmergence";
  16 | import DigitalGrid from "./scenes/DigitalGrid";
> 17 | import CollectionsField from "./scenes/CollectionsField";
     | ^^^^^^^^^^^^^^^^^^^^^^^^^^^^^^^^^^^^^^^^^^^^^^^^^^^^^^^^^
  18 | import ChainsField from "./scenes/ChainsField";
  19 | import RwaNode from "./scenes/RwaNode";
  20 | import UniverseField from "./scenes/UniverseField";

Import trace:
  Client Component Browser:
    ./components/canvas/Experience.jsx [Client Component Browser]
    ./components/canvas/ExperienceLoader.jsx [Client Component Browser]
    ./components/canvas/ExperienceLoader.jsx [Server Component]
    ./app/page.js [Server Component]

https://nextjs.org/docs/messages/module-not-found @ http://localhost:3000/_next/static/chunks/node_modules_next_dist_1e8vcs8._.js:1052
[63018439ms] [ERROR] ./components/canvas/Experience.jsx:22:1
Error: Module not found: Can't resolve './scenes/GalaxyConnections'
  20 | import UniverseField from "./scenes/UniverseField";
  21 | import NffcSystem from "./scenes/NffcSystem";
> 22 | import GalaxyConnections from "./scenes/GalaxyConnections";
     | ^^^^^^^^^^^^^^^^^^^^^^^^^^^^^^^^^^^^^^^^^^^^^^^^^^^^^^^^^^^
  23 | import PostFX from "./PostFX";
  24 | import styles from "./Experience.module.css";
  25 | import { isMobile, CINEMATIC, BIGBANG } from "@/lib/tuning";

Import trace:
  Client Component Browser:
    ./components/canvas/Experience.jsx [Client Component Browser]
    ./components/canvas/ExperienceLoader.jsx [Client Component Browser]
    ./components/canvas/ExperienceLoader.jsx [Server Component]
    ./app/page.js [Server Component]

https://nextjs.org/docs/messages/module-not-found @ http://localhost:3000/_next/static/chunks/node_modules_next_dist_1e8vcs8._.js:1052
[63018439ms] [ERROR] ./components/canvas/Experience.jsx:21:1
Error: Module not found: Can't resolve './scenes/NffcSystem'
  19 | import RwaNode from "./scenes/RwaNode";
  20 | import UniverseField from "./scenes/UniverseField";
> 21 | import NffcSystem from "./scenes/NffcSystem";
     | ^^^^^^^^^^^^^^^^^^^^^^^^^^^^^^^^^^^^^^^^^^^^^
  22 | import GalaxyConnections from "./scenes/GalaxyConnections";
  23 | import PostFX from "./PostFX";
  24 | import styles from "./Experience.module.css";

Import trace:
  Client Component Browser:
    ./components/canvas/Experience.jsx [Client Component Browser]
    ./components/canvas/ExperienceLoader.jsx [Client Component Browser]
    ./components/canvas/ExperienceLoader.jsx [Server Component]
    ./app/page.js [Server Component]

https://nextjs.org/docs/messages/module-not-found @ http://localhost:3000/_next/static/chunks/node_modules_next_dist_1e8vcs8._.js:1052
[63018439ms] [ERROR] ./components/canvas/Experience.jsx:19:1
Error: Module not found: Can't resolve './scenes/RwaNode'
  17 | import CollectionsField from "./scenes/CollectionsField";
  18 | import ChainsField from "./scenes/ChainsField";
> 19 | import RwaNode from "./scenes/RwaNode";
     | ^^^^^^^^^^^^^^^^^^^^^^^^^^^^^^^^^^^^^^^
  20 | import UniverseField from "./scenes/UniverseField";
  21 | import NffcSystem from "./scenes/NffcSystem";
  22 | import GalaxyConnections from "./scenes/GalaxyConnections";

Import trace:
  Client Component Browser:
    ./components/canvas/Experience.jsx [Client Component Browser]
    ./components/canvas/ExperienceLoader.jsx [Client Component Browser]
    ./components/canvas/ExperienceLoader.jsx [Server Component]
    ./app/page.js [Server Component]

https://nextjs.org/docs/messages/module-not-found @ http://localhost:3000/_next/static/chunks/node_modules_next_dist_1e8vcs8._.js:1052
[63018440ms] [ERROR] ./app/page.js:5:1
Error: Module not found: Can't resolve '@/components/dom/ChainLabels'
  3 | import MicroHud from "@/components/dom/MicroHud";
  4 | import ChapterLettering from "@/components/dom/ChapterLettering";
> 5 | import ChainLabels from "@/components/dom/ChainLabels";
    | ^^^^^^^^^^^^^^^^^^^^^^^^^^^^^^^^^^^^^^^^^^^^^^^^^^^^^^^
  6 | import NebulaMessages from "@/components/dom/NebulaMessages";
  7 | import OrbitalRingLabels from "@/components/dom/OrbitalRingLabels";
  8 | import NffcIdentityCard from "@/components/dom/NffcIdentityCard";

Import map: aliased to relative './components/dom/ChainLabels' inside of [project]/

https://nextjs.org/docs/messages/module-not-found @ http://localhost:3000/_next/static/chunks/node_modules_next_dist_1e8vcs8._.js:1052
[63018440ms] [ERROR] ./app/page.js:9:1
Error: Module not found: Can't resolve '@/components/dom/MarketStats'
   7 | import OrbitalRingLabels from "@/components/dom/OrbitalRingLabels";
   8 | import NffcIdentityCard from "@/components/dom/NffcIdentityCard";
>  9 | import MarketStats from "@/components/dom/MarketStats";
     | ^^^^^^^^^^^^^^^^^^^^^^^^^^^^^^^^^^^^^^^^^^^^^^^^^^^^^^^
  10 | import FinalCta from "@/components/dom/FinalCta";
  11 | import Letterbox from "@/components/dom/Letterbox";
  12 | import ExperienceLoader from "@/components/canvas/ExperienceLoader";

Import map: aliased to relative './components/dom/MarketStats' inside of [project]/

https://nextjs.org/docs/messages/module-not-found @ http://localhost:3000/_next/static/chunks/node_modules_next_dist_1e8vcs8._.js:1052
[63018440ms] [ERROR] ./app/page.js:8:1
Error: Module not found: Can't resolve '@/components/dom/NffcIdentityCard'
   6 | import NebulaMessages from "@/components/dom/NebulaMessages";
   7 | import OrbitalRingLabels from "@/components/dom/OrbitalRingLabels";
>  8 | import NffcIdentityCard from "@/components/dom/NffcIdentityCard";
     | ^^^^^^^^^^^^^^^^^^^^^^^^^^^^^^^^^^^^^^^^^^^^^^^^^^^^^^^^^^^^^^^^^
   9 | import MarketStats from "@/components/dom/MarketStats";
  10 | import FinalCta from "@/components/dom/FinalCta";
  11 | import Letterbox from "@/components/dom/Letterbox";

Import map: aliased to relative './components/dom/NffcIdentityCard' inside of [project]/

https://nextjs.org/docs/messages/module-not-found @ http://localhost:3000/_next/static/chunks/node_modules_next_dist_1e8vcs8._.js:1052
[63018440ms] [ERROR] ./app/page.js:7:1
Error: Module not found: Can't resolve '@/components/dom/OrbitalRingLabels'
   5 | import ChainLabels from "@/components/dom/ChainLabels";
   6 | import NebulaMessages from "@/components/dom/NebulaMessages";
>  7 | import OrbitalRingLabels from "@/components/dom/OrbitalRingLabels";
     | ^^^^^^^^^^^^^^^^^^^^^^^^^^^^^^^^^^^^^^^^^^^^^^^^^^^^^^^^^^^^^^^^^^^
   8 | import NffcIdentityCard from "@/components/dom/NffcIdentityCard";
   9 | import MarketStats from "@/components/dom/MarketStats";
  10 | import FinalCta from "@/components/dom/FinalCta";

Import map: aliased to relative './components/dom/OrbitalRingLabels' inside of [project]/

https://nextjs.org/docs/messages/module-not-found @ http://localhost:3000/_next/static/chunks/node_modules_next_dist_1e8vcs8._.js:1052
[63018847ms] [ERROR] ./components/canvas/Experience.jsx:18:1
Error: Module not found: Can't resolve './scenes/ChainsField'
  16 | import DigitalGrid from "./scenes/DigitalGrid";
  17 | import CollectionsField from "./scenes/CollectionsField";
> 18 | import ChainsField from "./scenes/ChainsField";
     | ^^^^^^^^^^^^^^^^^^^^^^^^^^^^^^^^^^^^^^^^^^^^^^^
  19 | import RwaNode from "./scenes/RwaNode";
  20 | import UniverseField from "./scenes/UniverseField";
  21 | import NffcSystem from "./scenes/NffcSystem";

Import trace:
  Client Component Browser:
    ./components/canvas/Experience.jsx [Client Component Browser]
    ./components/canvas/ExperienceLoader.jsx [Client Component Browser]
    ./components/canvas/ExperienceLoader.jsx [Server Component]
    ./app/page.js [Server Component]

https://nextjs.org/docs/messages/module-not-found @ http://localhost:3000/_next/static/chunks/node_modules_next_dist_1e8vcs8._.js:1052
[63018848ms] [ERROR] ./components/canvas/Experience.jsx:17:1
Error: Module not found: Can't resolve './scenes/CollectionsField'
  15 | import NftEmergence from "./scenes/NftEmergence";
  16 | import DigitalGrid from "./scenes/DigitalGrid";
> 17 | import CollectionsField from "./scenes/CollectionsField";
     | ^^^^^^^^^^^^^^^^^^^^^^^^^^^^^^^^^^^^^^^^^^^^^^^^^^^^^^^^^
  18 | import ChainsField from "./scenes/ChainsField";
  19 | import RwaNode from "./scenes/RwaNode";
  20 | import UniverseField from "./scenes/UniverseField";

Import trace:
  Client Component Browser:
    ./components/canvas/Experience.jsx [Client Component Browser]
    ./components/canvas/ExperienceLoader.jsx [Client Component Browser]
    ./components/canvas/ExperienceLoader.jsx [Server Component]
    ./app/page.js [Server Component]

https://nextjs.org/docs/messages/module-not-found @ http://localhost:3000/_next/static/chunks/node_modules_next_dist_1e8vcs8._.js:1052
[63018848ms] [ERROR] ./components/canvas/Experience.jsx:22:1
Error: Module not found: Can't resolve './scenes/GalaxyConnections'
  20 | import UniverseField from "./scenes/UniverseField";
  21 | import NffcSystem from "./scenes/NffcSystem";
> 22 | import GalaxyConnections from "./scenes/GalaxyConnections";
     | ^^^^^^^^^^^^^^^^^^^^^^^^^^^^^^^^^^^^^^^^^^^^^^^^^^^^^^^^^^^
  23 | import PostFX from "./PostFX";
  24 | import styles from "./Experience.module.css";
  25 | import { isMobile, CINEMATIC, BIGBANG } from "@/lib/tuning";

Import trace:
  Client Component Browser:
    ./components/canvas/Experience.jsx [Client Component Browser]
    ./components/canvas/ExperienceLoader.jsx [Client Component Browser]
    ./components/canvas/ExperienceLoader.jsx [Server Component]
    ./app/page.js [Server Component]

https://nextjs.org/docs/messages/module-not-found @ http://localhost:3000/_next/static/chunks/node_modules_next_dist_1e8vcs8._.js:1052
[63018848ms] [ERROR] ./components/canvas/Experience.jsx:21:1
Error: Module not found: Can't resolve './scenes/NffcSystem'
  19 | import RwaNode from "./scenes/RwaNode";
  20 | import UniverseField from "./scenes/UniverseField";
> 21 | import NffcSystem from "./scenes/NffcSystem";
     | ^^^^^^^^^^^^^^^^^^^^^^^^^^^^^^^^^^^^^^^^^^^^^
  22 | import GalaxyConnections from "./scenes/GalaxyConnections";
  23 | import PostFX from "./PostFX";
  24 | import styles from "./Experience.module.css";

Import trace:
  Client Component Browser:
    ./components/canvas/Experience.jsx [Client Component Browser]
    ./components/canvas/ExperienceLoader.jsx [Client Component Browser]
    ./components/canvas/ExperienceLoader.jsx [Server Component]
    ./app/page.js [Server Component]

https://nextjs.org/docs/messages/module-not-found @ http://localhost:3000/_next/static/chunks/node_modules_next_dist_1e8vcs8._.js:1052
[63018848ms] [ERROR] ./components/canvas/Experience.jsx:19:1
Error: Module not found: Can't resolve './scenes/RwaNode'
  17 | import CollectionsField from "./scenes/CollectionsField";
  18 | import ChainsField from "./scenes/ChainsField";
> 19 | import RwaNode from "./scenes/RwaNode";
     | ^^^^^^^^^^^^^^^^^^^^^^^^^^^^^^^^^^^^^^^
  20 | import UniverseField from "./scenes/UniverseField";
  21 | import NffcSystem from "./scenes/NffcSystem";
  22 | import GalaxyConnections from "./scenes/GalaxyConnections";

Import trace:
  Client Component Browser:
    ./components/canvas/Experience.jsx [Client Component Browser]
    ./components/canvas/ExperienceLoader.jsx [Client Component Browser]
    ./components/canvas/ExperienceLoader.jsx [Server Component]
    ./app/page.js [Server Component]

https://nextjs.org/docs/messages/module-not-found @ http://localhost:3000/_next/static/chunks/node_modules_next_dist_1e8vcs8._.js:1052
[63018848ms] [ERROR] ./app/page.js:5:1
Error: Module not found: Can't resolve '@/components/dom/ChainLabels'
  3 | import MicroHud from "@/components/dom/MicroHud";
  4 | import ChapterLettering from "@/components/dom/ChapterLettering";
> 5 | import ChainLabels from "@/components/dom/ChainLabels";
    | ^^^^^^^^^^^^^^^^^^^^^^^^^^^^^^^^^^^^^^^^^^^^^^^^^^^^^^^
  6 | import NebulaMessages from "@/components/dom/NebulaMessages";
  7 | import OrbitalRingLabels from "@/components/dom/OrbitalRingLabels";
  8 | import NffcIdentityCard from "@/components/dom/NffcIdentityCard";

Import map: aliased to relative './components/dom/ChainLabels' inside of [project]/

https://nextjs.org/docs/messages/module-not-found @ http://localhost:3000/_next/static/chunks/node_modules_next_dist_1e8vcs8._.js:1052
[63018849ms] [ERROR] ./app/page.js:9:1
Error: Module not found: Can't resolve '@/components/dom/MarketStats'
   7 | import OrbitalRingLabels from "@/components/dom/OrbitalRingLabels";
   8 | import NffcIdentityCard from "@/components/dom/NffcIdentityCard";
>  9 | import MarketStats from "@/components/dom/MarketStats";
     | ^^^^^^^^^^^^^^^^^^^^^^^^^^^^^^^^^^^^^^^^^^^^^^^^^^^^^^^
  10 | import FinalCta from "@/components/dom/FinalCta";
  11 | import Letterbox from "@/components/dom/Letterbox";
  12 | import ExperienceLoader from "@/components/canvas/ExperienceLoader";

Import map: aliased to relative './components/dom/MarketStats' inside of [project]/

https://nextjs.org/docs/messages/module-not-found @ http://localhost:3000/_next/static/chunks/node_modules_next_dist_1e8vcs8._.js:1052
[63018849ms] [ERROR] ./app/page.js:8:1
Error: Module not found: Can't resolve '@/components/dom/NffcIdentityCard'
   6 | import NebulaMessages from "@/components/dom/NebulaMessages";
   7 | import OrbitalRingLabels from "@/components/dom/OrbitalRingLabels";
>  8 | import NffcIdentityCard from "@/components/dom/NffcIdentityCard";
     | ^^^^^^^^^^^^^^^^^^^^^^^^^^^^^^^^^^^^^^^^^^^^^^^^^^^^^^^^^^^^^^^^^
   9 | import MarketStats from "@/components/dom/MarketStats";
  10 | import FinalCta from "@/components/dom/FinalCta";
  11 | import Letterbox from "@/components/dom/Letterbox";

Import map: aliased to relative './components/dom/NffcIdentityCard' inside of [project]/

https://nextjs.org/docs/messages/module-not-found @ http://localhost:3000/_next/static/chunks/node_modules_next_dist_1e8vcs8._.js:1052
[63018849ms] [ERROR] ./app/page.js:7:1
Error: Module not found: Can't resolve '@/components/dom/OrbitalRingLabels'
   5 | import ChainLabels from "@/components/dom/ChainLabels";
   6 | import NebulaMessages from "@/components/dom/NebulaMessages";
>  7 | import OrbitalRingLabels from "@/components/dom/OrbitalRingLabels";
     | ^^^^^^^^^^^^^^^^^^^^^^^^^^^^^^^^^^^^^^^^^^^^^^^^^^^^^^^^^^^^^^^^^^^
   8 | import NffcIdentityCard from "@/components/dom/NffcIdentityCard";
   9 | import MarketStats from "@/components/dom/MarketStats";
  10 | import FinalCta from "@/components/dom/FinalCta";

Import map: aliased to relative './components/dom/OrbitalRingLabels' inside of [project]/

https://nextjs.org/docs/messages/module-not-found @ http://localhost:3000/_next/static/chunks/node_modules_next_dist_1e8vcs8._.js:1052
[63019908ms] [ERROR] ./components/canvas/Experience.jsx:18:1
Error: Module not found: Can't resolve './scenes/ChainsField'
  16 | import DigitalGrid from "./scenes/DigitalGrid";
  17 | import CollectionsField from "./scenes/CollectionsField";
> 18 | import ChainsField from "./scenes/ChainsField";
     | ^^^^^^^^^^^^^^^^^^^^^^^^^^^^^^^^^^^^^^^^^^^^^^^
  19 | import RwaNode from "./scenes/RwaNode";
  20 | import UniverseField from "./scenes/UniverseField";
  21 | import NffcSystem from "./scenes/NffcSystem";

Import trace:
  Client Component Browser:
    ./components/canvas/Experience.jsx [Client Component Browser]
    ./components/canvas/ExperienceLoader.jsx [Client Component Browser]
    ./components/canvas/ExperienceLoader.jsx [Server Component]
    ./app/page.js [Server Component]

https://nextjs.org/docs/messages/module-not-found @ http://localhost:3000/_next/static/chunks/node_modules_next_dist_1e8vcs8._.js:1052
[63019908ms] [ERROR] ./components/canvas/Experience.jsx:17:1
Error: Module not found: Can't resolve './scenes/CollectionsField'
  15 | import NftEmergence from "./scenes/NftEmergence";
  16 | import DigitalGrid from "./scenes/DigitalGrid";
> 17 | import CollectionsField from "./scenes/CollectionsField";
     | ^^^^^^^^^^^^^^^^^^^^^^^^^^^^^^^^^^^^^^^^^^^^^^^^^^^^^^^^^
  18 | import ChainsField from "./scenes/ChainsField";
  19 | import RwaNode from "./scenes/RwaNode";
  20 | import UniverseField from "./scenes/UniverseField";

Import trace:
  Client Component Browser:
    ./components/canvas/Experience.jsx [Client Component Browser]
    ./components/canvas/ExperienceLoader.jsx [Client Component Browser]
    ./components/canvas/ExperienceLoader.jsx [Server Component]
    ./app/page.js [Server Component]

https://nextjs.org/docs/messages/module-not-found @ http://localhost:3000/_next/static/chunks/node_modules_next_dist_1e8vcs8._.js:1052
[63019908ms] [ERROR] ./components/canvas/Experience.jsx:22:1
Error: Module not found: Can't resolve './scenes/GalaxyConnections'
  20 | import UniverseField from "./scenes/UniverseField";
  21 | import NffcSystem from "./scenes/NffcSystem";
> 22 | import GalaxyConnections from "./scenes/GalaxyConnections";
     | ^^^^^^^^^^^^^^^^^^^^^^^^^^^^^^^^^^^^^^^^^^^^^^^^^^^^^^^^^^^
  23 | import PostFX from "./PostFX";
  24 | import styles from "./Experience.module.css";
  25 | import { isMobile, CINEMATIC, BIGBANG } from "@/lib/tuning";

Import trace:
  Client Component Browser:
    ./components/canvas/Experience.jsx [Client Component Browser]
    ./components/canvas/ExperienceLoader.jsx [Client Component Browser]
    ./components/canvas/ExperienceLoader.jsx [Server Component]
    ./app/page.js [Server Component]

https://nextjs.org/docs/messages/module-not-found @ http://localhost:3000/_next/static/chunks/node_modules_next_dist_1e8vcs8._.js:1052
[63019908ms] [ERROR] ./components/canvas/Experience.jsx:21:1
Error: Module not found: Can't resolve './scenes/NffcSystem'
  19 | import RwaNode from "./scenes/RwaNode";
  20 | import UniverseField from "./scenes/UniverseField";
> 21 | import NffcSystem from "./scenes/NffcSystem";
     | ^^^^^^^^^^^^^^^^^^^^^^^^^^^^^^^^^^^^^^^^^^^^^
  22 | import GalaxyConnections from "./scenes/GalaxyConnections";
  23 | import PostFX from "./PostFX";
  24 | import styles from "./Experience.module.css";

Import trace:
  Client Component Browser:
    ./components/canvas/Experience.jsx [Client Component Browser]
    ./components/canvas/ExperienceLoader.jsx [Client Component Browser]
    ./components/canvas/ExperienceLoader.jsx [Server Component]
    ./app/page.js [Server Component]

https://nextjs.org/docs/messages/module-not-found @ http://localhost:3000/_next/static/chunks/node_modules_next_dist_1e8vcs8._.js:1052
[63019909ms] [ERROR] ./components/canvas/Experience.jsx:19:1
Error: Module not found: Can't resolve './scenes/RwaNode'
  17 | import CollectionsField from "./scenes/CollectionsField";
  18 | import ChainsField from "./scenes/ChainsField";
> 19 | import RwaNode from "./scenes/RwaNode";
     | ^^^^^^^^^^^^^^^^^^^^^^^^^^^^^^^^^^^^^^^
  20 | import UniverseField from "./scenes/UniverseField";
  21 | import NffcSystem from "./scenes/NffcSystem";
  22 | import GalaxyConnections from "./scenes/GalaxyConnections";

Import trace:
  Client Component Browser:
    ./components/canvas/Experience.jsx [Client Component Browser]
    ./components/canvas/ExperienceLoader.jsx [Client Component Browser]
    ./components/canvas/ExperienceLoader.jsx [Server Component]
    ./app/page.js [Server Component]

https://nextjs.org/docs/messages/module-not-found @ http://localhost:3000/_next/static/chunks/node_modules_next_dist_1e8vcs8._.js:1052
[63019909ms] [ERROR] ./app/page.js:5:1
Error: Module not found: Can't resolve '@/components/dom/ChainLabels'
  3 | import MicroHud from "@/components/dom/MicroHud";
  4 | import ChapterLettering from "@/components/dom/ChapterLettering";
> 5 | import ChainLabels from "@/components/dom/ChainLabels";
    | ^^^^^^^^^^^^^^^^^^^^^^^^^^^^^^^^^^^^^^^^^^^^^^^^^^^^^^^
  6 | import NebulaMessages from "@/components/dom/NebulaMessages";
  7 | import OrbitalRingLabels from "@/components/dom/OrbitalRingLabels";
  8 | import NffcIdentityCard from "@/components/dom/NffcIdentityCard";

Import map: aliased to relative './components/dom/ChainLabels' inside of [project]/

https://nextjs.org/docs/messages/module-not-found @ http://localhost:3000/_next/static/chunks/node_modules_next_dist_1e8vcs8._.js:1052
[63019909ms] [ERROR] ./app/page.js:9:1
Error: Module not found: Can't resolve '@/components/dom/MarketStats'
   7 | import OrbitalRingLabels from "@/components/dom/OrbitalRingLabels";
   8 | import NffcIdentityCard from "@/components/dom/NffcIdentityCard";
>  9 | import MarketStats from "@/components/dom/MarketStats";
     | ^^^^^^^^^^^^^^^^^^^^^^^^^^^^^^^^^^^^^^^^^^^^^^^^^^^^^^^
  10 | import FinalCta from "@/components/dom/FinalCta";
  11 | import Letterbox from "@/components/dom/Letterbox";
  12 | import ExperienceLoader from "@/components/canvas/ExperienceLoader";

Import map: aliased to relative './components/dom/MarketStats' inside of [project]/

https://nextjs.org/docs/messages/module-not-found @ http://localhost:3000/_next/static/chunks/node_modules_next_dist_1e8vcs8._.js:1052
[63019909ms] [ERROR] ./app/page.js:8:1
Error: Module not found: Can't resolve '@/components/dom/NffcIdentityCard'
   6 | import NebulaMessages from "@/components/dom/NebulaMessages";
   7 | import OrbitalRingLabels from "@/components/dom/OrbitalRingLabels";
>  8 | import NffcIdentityCard from "@/components/dom/NffcIdentityCard";
     | ^^^^^^^^^^^^^^^^^^^^^^^^^^^^^^^^^^^^^^^^^^^^^^^^^^^^^^^^^^^^^^^^^
   9 | import MarketStats from "@/components/dom/MarketStats";
  10 | import FinalCta from "@/components/dom/FinalCta";
  11 | import Letterbox from "@/components/dom/Letterbox";

Import map: aliased to relative './components/dom/NffcIdentityCard' inside of [project]/

https://nextjs.org/docs/messages/module-not-found @ http://localhost:3000/_next/static/chunks/node_modules_next_dist_1e8vcs8._.js:1052
[63019909ms] [ERROR] ./app/page.js:7:1
Error: Module not found: Can't resolve '@/components/dom/OrbitalRingLabels'
   5 | import ChainLabels from "@/components/dom/ChainLabels";
   6 | import NebulaMessages from "@/components/dom/NebulaMessages";
>  7 | import OrbitalRingLabels from "@/components/dom/OrbitalRingLabels";
     | ^^^^^^^^^^^^^^^^^^^^^^^^^^^^^^^^^^^^^^^^^^^^^^^^^^^^^^^^^^^^^^^^^^^
   8 | import NffcIdentityCard from "@/components/dom/NffcIdentityCard";
   9 | import MarketStats from "@/components/dom/MarketStats";
  10 | import FinalCta from "@/components/dom/FinalCta";

Import map: aliased to relative './components/dom/OrbitalRingLabels' inside of [project]/

https://nextjs.org/docs/messages/module-not-found @ http://localhost:3000/_next/static/chunks/node_modules_next_dist_1e8vcs8._.js:1052
[63026162ms] [ERROR] ./components/canvas/Experience.jsx:18:1
Error: Module not found: Can't resolve './scenes/ChainsField'
  16 | import DigitalGrid from "./scenes/DigitalGrid";
  17 | import CollectionsField from "./scenes/CollectionsField";
> 18 | import ChainsField from "./scenes/ChainsField";
     | ^^^^^^^^^^^^^^^^^^^^^^^^^^^^^^^^^^^^^^^^^^^^^^^
  19 | import RwaNode from "./scenes/RwaNode";
  20 | import UniverseField from "./scenes/UniverseField";
  21 | import NffcSystem from "./scenes/NffcSystem";

Import trace:
  Client Component Browser:
    ./components/canvas/Experience.jsx [Client Component Browser]
    ./components/canvas/ExperienceLoader.jsx [Client Component Browser]
    ./components/canvas/ExperienceLoader.jsx [Server Component]
    ./app/page.js [Server Component]

https://nextjs.org/docs/messages/module-not-found @ http://localhost:3000/_next/static/chunks/node_modules_next_dist_1e8vcs8._.js:1052
[63026162ms] [ERROR] ./components/canvas/Experience.jsx:17:1
Error: Module not found: Can't resolve './scenes/CollectionsField'
  15 | import NftEmergence from "./scenes/NftEmergence";
  16 | import DigitalGrid from "./scenes/DigitalGrid";
> 17 | import CollectionsField from "./scenes/CollectionsField";
     | ^^^^^^^^^^^^^^^^^^^^^^^^^^^^^^^^^^^^^^^^^^^^^^^^^^^^^^^^^
  18 | import ChainsField from "./scenes/ChainsField";
  19 | import RwaNode from "./scenes/RwaNode";
  20 | import UniverseField from "./scenes/UniverseField";

Import trace:
  Client Component Browser:
    ./components/canvas/Experience.jsx [Client Component Browser]
    ./components/canvas/ExperienceLoader.jsx [Client Component Browser]
    ./components/canvas/ExperienceLoader.jsx [Server Component]
    ./app/page.js [Server Component]

https://nextjs.org/docs/messages/module-not-found @ http://localhost:3000/_next/static/chunks/node_modules_next_dist_1e8vcs8._.js:1052
[63026162ms] [ERROR] ./components/canvas/Experience.jsx:22:1
Error: Module not found: Can't resolve './scenes/GalaxyConnections'
  20 | import UniverseField from "./scenes/UniverseField";
  21 | import NffcSystem from "./scenes/NffcSystem";
> 22 | import GalaxyConnections from "./scenes/GalaxyConnections";
     | ^^^^^^^^^^^^^^^^^^^^^^^^^^^^^^^^^^^^^^^^^^^^^^^^^^^^^^^^^^^
  23 | import PostFX from "./PostFX";
  24 | import styles from "./Experience.module.css";
  25 | import { isMobile, CINEMATIC, BIGBANG } from "@/lib/tuning";

Import trace:
  Client Component Browser:
    ./components/canvas/Experience.jsx [Client Component Browser]
    ./components/canvas/ExperienceLoader.jsx [Client Component Browser]
    ./components/canvas/ExperienceLoader.jsx [Server Component]
    ./app/page.js [Server Component]

https://nextjs.org/docs/messages/module-not-found @ http://localhost:3000/_next/static/chunks/node_modules_next_dist_1e8vcs8._.js:1052
[63026162ms] [ERROR] ./components/canvas/Experience.jsx:21:1
Error: Module not found: Can't resolve './scenes/NffcSystem'
  19 | import RwaNode from "./scenes/RwaNode";
  20 | import UniverseField from "./scenes/UniverseField";
> 21 | import NffcSystem from "./scenes/NffcSystem";
     | ^^^^^^^^^^^^^^^^^^^^^^^^^^^^^^^^^^^^^^^^^^^^^
  22 | import GalaxyConnections from "./scenes/GalaxyConnections";
  23 | import PostFX from "./PostFX";
  24 | import styles from "./Experience.module.css";

Import trace:
  Client Component Browser:
    ./components/canvas/Experience.jsx [Client Component Browser]
    ./components/canvas/ExperienceLoader.jsx [Client Component Browser]
    ./components/canvas/ExperienceLoader.jsx [Server Component]
    ./app/page.js [Server Component]

https://nextjs.org/docs/messages/module-not-found @ http://localhost:3000/_next/static/chunks/node_modules_next_dist_1e8vcs8._.js:1052
[63026163ms] [ERROR] ./components/canvas/Experience.jsx:19:1
Error: Module not found: Can't resolve './scenes/RwaNode'
  17 | import CollectionsField from "./scenes/CollectionsField";
  18 | import ChainsField from "./scenes/ChainsField";
> 19 | import RwaNode from "./scenes/RwaNode";
     | ^^^^^^^^^^^^^^^^^^^^^^^^^^^^^^^^^^^^^^^
  20 | import UniverseField from "./scenes/UniverseField";
  21 | import NffcSystem from "./scenes/NffcSystem";
  22 | import GalaxyConnections from "./scenes/GalaxyConnections";

Import trace:
  Client Component Browser:
    ./components/canvas/Experience.jsx [Client Component Browser]
    ./components/canvas/ExperienceLoader.jsx [Client Component Browser]
    ./components/canvas/ExperienceLoader.jsx [Server Component]
    ./app/page.js [Server Component]

https://nextjs.org/docs/messages/module-not-found @ http://localhost:3000/_next/static/chunks/node_modules_next_dist_1e8vcs8._.js:1052
[63026163ms] [ERROR] ./app/page.js:5:1
Error: Module not found: Can't resolve '@/components/dom/ChainLabels'
  3 | import MicroHud from "@/components/dom/MicroHud";
  4 | import ChapterLettering from "@/components/dom/ChapterLettering";
> 5 | import ChainLabels from "@/components/dom/ChainLabels";
    | ^^^^^^^^^^^^^^^^^^^^^^^^^^^^^^^^^^^^^^^^^^^^^^^^^^^^^^^
  6 | import NebulaMessages from "@/components/dom/NebulaMessages";
  7 | import OrbitalRingLabels from "@/components/dom/OrbitalRingLabels";
  8 | import NffcIdentityCard from "@/components/dom/NffcIdentityCard";

Import map: aliased to relative './components/dom/ChainLabels' inside of [project]/

https://nextjs.org/docs/messages/module-not-found @ http://localhost:3000/_next/static/chunks/node_modules_next_dist_1e8vcs8._.js:1052
[63026163ms] [ERROR] ./app/page.js:9:1
Error: Module not found: Can't resolve '@/components/dom/MarketStats'
   7 | import OrbitalRingLabels from "@/components/dom/OrbitalRingLabels";
   8 | import NffcIdentityCard from "@/components/dom/NffcIdentityCard";
>  9 | import MarketStats from "@/components/dom/MarketStats";
     | ^^^^^^^^^^^^^^^^^^^^^^^^^^^^^^^^^^^^^^^^^^^^^^^^^^^^^^^
  10 | import FinalCta from "@/components/dom/FinalCta";
  11 | import Letterbox from "@/components/dom/Letterbox";
  12 | import ExperienceLoader from "@/components/canvas/ExperienceLoader";

Import map: aliased to relative './components/dom/MarketStats' inside of [project]/

https://nextjs.org/docs/messages/module-not-found @ http://localhost:3000/_next/static/chunks/node_modules_next_dist_1e8vcs8._.js:1052
[63026163ms] [ERROR] ./app/page.js:8:1
Error: Module not found: Can't resolve '@/components/dom/NffcIdentityCard'
   6 | import NebulaMessages from "@/components/dom/NebulaMessages";
   7 | import OrbitalRingLabels from "@/components/dom/OrbitalRingLabels";
>  8 | import NffcIdentityCard from "@/components/dom/NffcIdentityCard";
     | ^^^^^^^^^^^^^^^^^^^^^^^^^^^^^^^^^^^^^^^^^^^^^^^^^^^^^^^^^^^^^^^^^
   9 | import MarketStats from "@/components/dom/MarketStats";
  10 | import FinalCta from "@/components/dom/FinalCta";
  11 | import Letterbox from "@/components/dom/Letterbox";

Import map: aliased to relative './components/dom/NffcIdentityCard' inside of [project]/

https://nextjs.org/docs/messages/module-not-found @ http://localhost:3000/_next/static/chunks/node_modules_next_dist_1e8vcs8._.js:1052
[63026163ms] [ERROR] ./app/page.js:7:1
Error: Module not found: Can't resolve '@/components/dom/OrbitalRingLabels'
   5 | import ChainLabels from "@/components/dom/ChainLabels";
   6 | import NebulaMessages from "@/components/dom/NebulaMessages";
>  7 | import OrbitalRingLabels from "@/components/dom/OrbitalRingLabels";
     | ^^^^^^^^^^^^^^^^^^^^^^^^^^^^^^^^^^^^^^^^^^^^^^^^^^^^^^^^^^^^^^^^^^^
   8 | import NffcIdentityCard from "@/components/dom/NffcIdentityCard";
   9 | import MarketStats from "@/components/dom/MarketStats";
  10 | import FinalCta from "@/components/dom/FinalCta";

Import map: aliased to relative './components/dom/OrbitalRingLabels' inside of [project]/

https://nextjs.org/docs/messages/module-not-found @ http://localhost:3000/_next/static/chunks/node_modules_next_dist_1e8vcs8._.js:1052
[63027244ms] [ERROR] ./components/canvas/Experience.jsx:18:1
Error: Module not found: Can't resolve './scenes/ChainsField'
  16 | import DigitalGrid from "./scenes/DigitalGrid";
  17 | import CollectionsField from "./scenes/CollectionsField";
> 18 | import ChainsField from "./scenes/ChainsField";
     | ^^^^^^^^^^^^^^^^^^^^^^^^^^^^^^^^^^^^^^^^^^^^^^^
  19 | import RwaNode from "./scenes/RwaNode";
  20 | import UniverseField from "./scenes/UniverseField";
  21 | import NffcSystem from "./scenes/NffcSystem";

Import trace:
  Client Component Browser:
    ./components/canvas/Experience.jsx [Client Component Browser]
    ./components/canvas/ExperienceLoader.jsx [Client Component Browser]
    ./components/canvas/ExperienceLoader.jsx [Server Component]
    ./app/page.js [Server Component]

https://nextjs.org/docs/messages/module-not-found @ http://localhost:3000/_next/static/chunks/node_modules_next_dist_1e8vcs8._.js:1052
[63027244ms] [ERROR] ./components/canvas/Experience.jsx:17:1
Error: Module not found: Can't resolve './scenes/CollectionsField'
  15 | import NftEmergence from "./scenes/NftEmergence";
  16 | import DigitalGrid from "./scenes/DigitalGrid";
> 17 | import CollectionsField from "./scenes/CollectionsField";
     | ^^^^^^^^^^^^^^^^^^^^^^^^^^^^^^^^^^^^^^^^^^^^^^^^^^^^^^^^^
  18 | import ChainsField from "./scenes/ChainsField";
  19 | import RwaNode from "./scenes/RwaNode";
  20 | import UniverseField from "./scenes/UniverseField";

Import trace:
  Client Component Browser:
    ./components/canvas/Experience.jsx [Client Component Browser]
    ./components/canvas/ExperienceLoader.jsx [Client Component Browser]
    ./components/canvas/ExperienceLoader.jsx [Server Component]
    ./app/page.js [Server Component]

https://nextjs.org/docs/messages/module-not-found @ http://localhost:3000/_next/static/chunks/node_modules_next_dist_1e8vcs8._.js:1052
[63027244ms] [ERROR] ./components/canvas/Experience.jsx:22:1
Error: Module not found: Can't resolve './scenes/GalaxyConnections'
  20 | import UniverseField from "./scenes/UniverseField";
  21 | import NffcSystem from "./scenes/NffcSystem";
> 22 | import GalaxyConnections from "./scenes/GalaxyConnections";
     | ^^^^^^^^^^^^^^^^^^^^^^^^^^^^^^^^^^^^^^^^^^^^^^^^^^^^^^^^^^^
  23 | import PostFX from "./PostFX";
  24 | import styles from "./Experience.module.css";
  25 | import { isMobile, CINEMATIC, BIGBANG } from "@/lib/tuning";

Import trace:
  Client Component Browser:
    ./components/canvas/Experience.jsx [Client Component Browser]
    ./components/canvas/ExperienceLoader.jsx [Client Component Browser]
    ./components/canvas/ExperienceLoader.jsx [Server Component]
    ./app/page.js [Server Component]

https://nextjs.org/docs/messages/module-not-found @ http://localhost:3000/_next/static/chunks/node_modules_next_dist_1e8vcs8._.js:1052
[63027244ms] [ERROR] ./components/canvas/Experience.jsx:21:1
Error: Module not found: Can't resolve './scenes/NffcSystem'
  19 | import RwaNode from "./scenes/RwaNode";
  20 | import UniverseField from "./scenes/UniverseField";
> 21 | import NffcSystem from "./scenes/NffcSystem";
     | ^^^^^^^^^^^^^^^^^^^^^^^^^^^^^^^^^^^^^^^^^^^^^
  22 | import GalaxyConnections from "./scenes/GalaxyConnections";
  23 | import PostFX from "./PostFX";
  24 | import styles from "./Experience.module.css";

Import trace:
  Client Component Browser:
    ./components/canvas/Experience.jsx [Client Component Browser]
    ./components/canvas/ExperienceLoader.jsx [Client Component Browser]
    ./components/canvas/ExperienceLoader.jsx [Server Component]
    ./app/page.js [Server Component]

https://nextjs.org/docs/messages/module-not-found @ http://localhost:3000/_next/static/chunks/node_modules_next_dist_1e8vcs8._.js:1052
[63027245ms] [ERROR] ./components/canvas/Experience.jsx:19:1
Error: Module not found: Can't resolve './scenes/RwaNode'
  17 | import CollectionsField from "./scenes/CollectionsField";
  18 | import ChainsField from "./scenes/ChainsField";
> 19 | import RwaNode from "./scenes/RwaNode";
     | ^^^^^^^^^^^^^^^^^^^^^^^^^^^^^^^^^^^^^^^
  20 | import UniverseField from "./scenes/UniverseField";
  21 | import NffcSystem from "./scenes/NffcSystem";
  22 | import GalaxyConnections from "./scenes/GalaxyConnections";

Import trace:
  Client Component Browser:
    ./components/canvas/Experience.jsx [Client Component Browser]
    ./components/canvas/ExperienceLoader.jsx [Client Component Browser]
    ./components/canvas/ExperienceLoader.jsx [Server Component]
    ./app/page.js [Server Component]

https://nextjs.org/docs/messages/module-not-found @ http://localhost:3000/_next/static/chunks/node_modules_next_dist_1e8vcs8._.js:1052
[63027246ms] [ERROR] ./app/page.js:5:1
Error: Module not found: Can't resolve '@/components/dom/ChainLabels'
  3 | import MicroHud from "@/components/dom/MicroHud";
  4 | import ChapterLettering from "@/components/dom/ChapterLettering";
> 5 | import ChainLabels from "@/components/dom/ChainLabels";
    | ^^^^^^^^^^^^^^^^^^^^^^^^^^^^^^^^^^^^^^^^^^^^^^^^^^^^^^^
  6 | import NebulaMessages from "@/components/dom/NebulaMessages";
  7 | import OrbitalRingLabels from "@/components/dom/OrbitalRingLabels";
  8 | import NffcIdentityCard from "@/components/dom/NffcIdentityCard";

Import map: aliased to relative './components/dom/ChainLabels' inside of [project]/

https://nextjs.org/docs/messages/module-not-found @ http://localhost:3000/_next/static/chunks/node_modules_next_dist_1e8vcs8._.js:1052
[63027246ms] [ERROR] ./app/page.js:9:1
Error: Module not found: Can't resolve '@/components/dom/MarketStats'
   7 | import OrbitalRingLabels from "@/components/dom/OrbitalRingLabels";
   8 | import NffcIdentityCard from "@/components/dom/NffcIdentityCard";
>  9 | import MarketStats from "@/components/dom/MarketStats";
     | ^^^^^^^^^^^^^^^^^^^^^^^^^^^^^^^^^^^^^^^^^^^^^^^^^^^^^^^
  10 | import FinalCta from "@/components/dom/FinalCta";
  11 | import Letterbox from "@/components/dom/Letterbox";
  12 | import ExperienceLoader from "@/components/canvas/ExperienceLoader";

Import map: aliased to relative './components/dom/MarketStats' inside of [project]/

https://nextjs.org/docs/messages/module-not-found @ http://localhost:3000/_next/static/chunks/node_modules_next_dist_1e8vcs8._.js:1052
[63027246ms] [ERROR] ./app/page.js:8:1
Error: Module not found: Can't resolve '@/components/dom/NffcIdentityCard'
   6 | import NebulaMessages from "@/components/dom/NebulaMessages";
   7 | import OrbitalRingLabels from "@/components/dom/OrbitalRingLabels";
>  8 | import NffcIdentityCard from "@/components/dom/NffcIdentityCard";
     | ^^^^^^^^^^^^^^^^^^^^^^^^^^^^^^^^^^^^^^^^^^^^^^^^^^^^^^^^^^^^^^^^^
   9 | import MarketStats from "@/components/dom/MarketStats";
  10 | import FinalCta from "@/components/dom/FinalCta";
  11 | import Letterbox from "@/components/dom/Letterbox";

Import map: aliased to relative './components/dom/NffcIdentityCard' inside of [project]/

https://nextjs.org/docs/messages/module-not-found @ http://localhost:3000/_next/static/chunks/node_modules_next_dist_1e8vcs8._.js:1052
[63027246ms] [ERROR] ./app/page.js:7:1
Error: Module not found: Can't resolve '@/components/dom/OrbitalRingLabels'
   5 | import ChainLabels from "@/components/dom/ChainLabels";
   6 | import NebulaMessages from "@/components/dom/NebulaMessages";
>  7 | import OrbitalRingLabels from "@/components/dom/OrbitalRingLabels";
     | ^^^^^^^^^^^^^^^^^^^^^^^^^^^^^^^^^^^^^^^^^^^^^^^^^^^^^^^^^^^^^^^^^^^
   8 | import NffcIdentityCard from "@/components/dom/NffcIdentityCard";
   9 | import MarketStats from "@/components/dom/MarketStats";
  10 | import FinalCta from "@/components/dom/FinalCta";

Import map: aliased to relative './components/dom/OrbitalRingLabels' inside of [project]/

https://nextjs.org/docs/messages/module-not-found @ http://localhost:3000/_next/static/chunks/node_modules_next_dist_1e8vcs8._.js:1052
[63028374ms] [ERROR] ./components/canvas/Experience.jsx:18:1
Error: Module not found: Can't resolve './scenes/ChainsField'
  16 | import DigitalGrid from "./scenes/DigitalGrid";
  17 | import CollectionsField from "./scenes/CollectionsField";
> 18 | import ChainsField from "./scenes/ChainsField";
     | ^^^^^^^^^^^^^^^^^^^^^^^^^^^^^^^^^^^^^^^^^^^^^^^
  19 | import RwaNode from "./scenes/RwaNode";
  20 | import UniverseField from "./scenes/UniverseField";
  21 | import NffcSystem from "./scenes/NffcSystem";

Import trace:
  Client Component Browser:
    ./components/canvas/Experience.jsx [Client Component Browser]
    ./components/canvas/ExperienceLoader.jsx [Client Component Browser]
    ./components/canvas/ExperienceLoader.jsx [Server Component]
    ./app/page.js [Server Component]

https://nextjs.org/docs/messages/module-not-found @ http://localhost:3000/_next/static/chunks/node_modules_next_dist_1e8vcs8._.js:1052
[63028374ms] [ERROR] ./components/canvas/Experience.jsx:17:1
Error: Module not found: Can't resolve './scenes/CollectionsField'
  15 | import NftEmergence from "./scenes/NftEmergence";
  16 | import DigitalGrid from "./scenes/DigitalGrid";
> 17 | import CollectionsField from "./scenes/CollectionsField";
     | ^^^^^^^^^^^^^^^^^^^^^^^^^^^^^^^^^^^^^^^^^^^^^^^^^^^^^^^^^
  18 | import ChainsField from "./scenes/ChainsField";
  19 | import RwaNode from "./scenes/RwaNode";
  20 | import UniverseField from "./scenes/UniverseField";

Import trace:
  Client Component Browser:
    ./components/canvas/Experience.jsx [Client Component Browser]
    ./components/canvas/ExperienceLoader.jsx [Client Component Browser]
    ./components/canvas/ExperienceLoader.jsx [Server Component]
    ./app/page.js [Server Component]

https://nextjs.org/docs/messages/module-not-found @ http://localhost:3000/_next/static/chunks/node_modules_next_dist_1e8vcs8._.js:1052
[63028375ms] [ERROR] ./components/canvas/Experience.jsx:22:1
Error: Module not found: Can't resolve './scenes/GalaxyConnections'
  20 | import UniverseField from "./scenes/UniverseField";
  21 | import NffcSystem from "./scenes/NffcSystem";
> 22 | import GalaxyConnections from "./scenes/GalaxyConnections";
     | ^^^^^^^^^^^^^^^^^^^^^^^^^^^^^^^^^^^^^^^^^^^^^^^^^^^^^^^^^^^
  23 | import PostFX from "./PostFX";
  24 | import styles from "./Experience.module.css";
  25 | import { isMobile, CINEMATIC, BIGBANG } from "@/lib/tuning";

Import trace:
  Client Component Browser:
    ./components/canvas/Experience.jsx [Client Component Browser]
    ./components/canvas/ExperienceLoader.jsx [Client Component Browser]
    ./components/canvas/ExperienceLoader.jsx [Server Component]
    ./app/page.js [Server Component]

https://nextjs.org/docs/messages/module-not-found @ http://localhost:3000/_next/static/chunks/node_modules_next_dist_1e8vcs8._.js:1052
[63028375ms] [ERROR] ./components/canvas/Experience.jsx:21:1
Error: Module not found: Can't resolve './scenes/NffcSystem'
  19 | import RwaNode from "./scenes/RwaNode";
  20 | import UniverseField from "./scenes/UniverseField";
> 21 | import NffcSystem from "./scenes/NffcSystem";
     | ^^^^^^^^^^^^^^^^^^^^^^^^^^^^^^^^^^^^^^^^^^^^^
  22 | import GalaxyConnections from "./scenes/GalaxyConnections";
  23 | import PostFX from "./PostFX";
  24 | import styles from "./Experience.module.css";

Import trace:
  Client Component Browser:
    ./components/canvas/Experience.jsx [Client Component Browser]
    ./components/canvas/ExperienceLoader.jsx [Client Component Browser]
    ./components/canvas/ExperienceLoader.jsx [Server Component]
    ./app/page.js [Server Component]

https://nextjs.org/docs/messages/module-not-found @ http://localhost:3000/_next/static/chunks/node_modules_next_dist_1e8vcs8._.js:1052
[63028375ms] [ERROR] ./components/canvas/Experience.jsx:19:1
Error: Module not found: Can't resolve './scenes/RwaNode'
  17 | import CollectionsField from "./scenes/CollectionsField";
  18 | import ChainsField from "./scenes/ChainsField";
> 19 | import RwaNode from "./scenes/RwaNode";
     | ^^^^^^^^^^^^^^^^^^^^^^^^^^^^^^^^^^^^^^^
  20 | import UniverseField from "./scenes/UniverseField";
  21 | import NffcSystem from "./scenes/NffcSystem";
  22 | import GalaxyConnections from "./scenes/GalaxyConnections";

Import trace:
  Client Component Browser:
    ./components/canvas/Experience.jsx [Client Component Browser]
    ./components/canvas/ExperienceLoader.jsx [Client Component Browser]
    ./components/canvas/ExperienceLoader.jsx [Server Component]
    ./app/page.js [Server Component]

https://nextjs.org/docs/messages/module-not-found @ http://localhost:3000/_next/static/chunks/node_modules_next_dist_1e8vcs8._.js:1052
[63028375ms] [ERROR] ./app/page.js:5:1
Error: Module not found: Can't resolve '@/components/dom/ChainLabels'
  3 | import MicroHud from "@/components/dom/MicroHud";
  4 | import ChapterLettering from "@/components/dom/ChapterLettering";
> 5 | import ChainLabels from "@/components/dom/ChainLabels";
    | ^^^^^^^^^^^^^^^^^^^^^^^^^^^^^^^^^^^^^^^^^^^^^^^^^^^^^^^
  6 | import NebulaMessages from "@/components/dom/NebulaMessages";
  7 | import OrbitalRingLabels from "@/components/dom/OrbitalRingLabels";
  8 | import NffcIdentityCard from "@/components/dom/NffcIdentityCard";

Import map: aliased to relative './components/dom/ChainLabels' inside of [project]/

https://nextjs.org/docs/messages/module-not-found @ http://localhost:3000/_next/static/chunks/node_modules_next_dist_1e8vcs8._.js:1052
[63028375ms] [ERROR] ./app/page.js:9:1
Error: Module not found: Can't resolve '@/components/dom/MarketStats'
   7 | import OrbitalRingLabels from "@/components/dom/OrbitalRingLabels";
   8 | import NffcIdentityCard from "@/components/dom/NffcIdentityCard";
>  9 | import MarketStats from "@/components/dom/MarketStats";
     | ^^^^^^^^^^^^^^^^^^^^^^^^^^^^^^^^^^^^^^^^^^^^^^^^^^^^^^^
  10 | import FinalCta from "@/components/dom/FinalCta";
  11 | import Letterbox from "@/components/dom/Letterbox";
  12 | import ExperienceLoader from "@/components/canvas/ExperienceLoader";

Import map: aliased to relative './components/dom/MarketStats' inside of [project]/

https://nextjs.org/docs/messages/module-not-found @ http://localhost:3000/_next/static/chunks/node_modules_next_dist_1e8vcs8._.js:1052
[63028376ms] [ERROR] ./app/page.js:8:1
Error: Module not found: Can't resolve '@/components/dom/NffcIdentityCard'
   6 | import NebulaMessages from "@/components/dom/NebulaMessages";
   7 | import OrbitalRingLabels from "@/components/dom/OrbitalRingLabels";
>  8 | import NffcIdentityCard from "@/components/dom/NffcIdentityCard";
     | ^^^^^^^^^^^^^^^^^^^^^^^^^^^^^^^^^^^^^^^^^^^^^^^^^^^^^^^^^^^^^^^^^
   9 | import MarketStats from "@/components/dom/MarketStats";
  10 | import FinalCta from "@/components/dom/FinalCta";
  11 | import Letterbox from "@/components/dom/Letterbox";

Import map: aliased to relative './components/dom/NffcIdentityCard' inside of [project]/

https://nextjs.org/docs/messages/module-not-found @ http://localhost:3000/_next/static/chunks/node_modules_next_dist_1e8vcs8._.js:1052
[63028376ms] [ERROR] ./app/page.js:7:1
Error: Module not found: Can't resolve '@/components/dom/OrbitalRingLabels'
   5 | import ChainLabels from "@/components/dom/ChainLabels";
   6 | import NebulaMessages from "@/components/dom/NebulaMessages";
>  7 | import OrbitalRingLabels from "@/components/dom/OrbitalRingLabels";
     | ^^^^^^^^^^^^^^^^^^^^^^^^^^^^^^^^^^^^^^^^^^^^^^^^^^^^^^^^^^^^^^^^^^^
   8 | import NffcIdentityCard from "@/components/dom/NffcIdentityCard";
   9 | import MarketStats from "@/components/dom/MarketStats";
  10 | import FinalCta from "@/components/dom/FinalCta";

Import map: aliased to relative './components/dom/OrbitalRingLabels' inside of [project]/

https://nextjs.org/docs/messages/module-not-found @ http://localhost:3000/_next/static/chunks/node_modules_next_dist_1e8vcs8._.js:1052
[63029457ms] [ERROR] ./components/canvas/Experience.jsx:18:1
Error: Module not found: Can't resolve './scenes/ChainsField'
  16 | import DigitalGrid from "./scenes/DigitalGrid";
  17 | import CollectionsField from "./scenes/CollectionsField";
> 18 | import ChainsField from "./scenes/ChainsField";
     | ^^^^^^^^^^^^^^^^^^^^^^^^^^^^^^^^^^^^^^^^^^^^^^^
  19 | import RwaNode from "./scenes/RwaNode";
  20 | import UniverseField from "./scenes/UniverseField";
  21 | import NffcSystem from "./scenes/NffcSystem";

Import trace:
  Client Component Browser:
    ./components/canvas/Experience.jsx [Client Component Browser]
    ./components/canvas/ExperienceLoader.jsx [Client Component Browser]
    ./components/canvas/ExperienceLoader.jsx [Server Component]
    ./app/page.js [Server Component]

https://nextjs.org/docs/messages/module-not-found @ http://localhost:3000/_next/static/chunks/node_modules_next_dist_1e8vcs8._.js:1052
[63029457ms] [ERROR] ./components/canvas/Experience.jsx:17:1
Error: Module not found: Can't resolve './scenes/CollectionsField'
  15 | import NftEmergence from "./scenes/NftEmergence";
  16 | import DigitalGrid from "./scenes/DigitalGrid";
> 17 | import CollectionsField from "./scenes/CollectionsField";
     | ^^^^^^^^^^^^^^^^^^^^^^^^^^^^^^^^^^^^^^^^^^^^^^^^^^^^^^^^^
  18 | import ChainsField from "./scenes/ChainsField";
  19 | import RwaNode from "./scenes/RwaNode";
  20 | import UniverseField from "./scenes/UniverseField";

Import trace:
  Client Component Browser:
    ./components/canvas/Experience.jsx [Client Component Browser]
    ./components/canvas/ExperienceLoader.jsx [Client Component Browser]
    ./components/canvas/ExperienceLoader.jsx [Server Component]
    ./app/page.js [Server Component]

https://nextjs.org/docs/messages/module-not-found @ http://localhost:3000/_next/static/chunks/node_modules_next_dist_1e8vcs8._.js:1052
[63029457ms] [ERROR] ./components/canvas/Experience.jsx:22:1
Error: Module not found: Can't resolve './scenes/GalaxyConnections'
  20 | import UniverseField from "./scenes/UniverseField";
  21 | import NffcSystem from "./scenes/NffcSystem";
> 22 | import GalaxyConnections from "./scenes/GalaxyConnections";
     | ^^^^^^^^^^^^^^^^^^^^^^^^^^^^^^^^^^^^^^^^^^^^^^^^^^^^^^^^^^^
  23 | import PostFX from "./PostFX";
  24 | import styles from "./Experience.module.css";
  25 | import { isMobile, CINEMATIC, BIGBANG } from "@/lib/tuning";

Import trace:
  Client Component Browser:
    ./components/canvas/Experience.jsx [Client Component Browser]
    ./components/canvas/ExperienceLoader.jsx [Client Component Browser]
    ./components/canvas/ExperienceLoader.jsx [Server Component]
    ./app/page.js [Server Component]

https://nextjs.org/docs/messages/module-not-found @ http://localhost:3000/_next/static/chunks/node_modules_next_dist_1e8vcs8._.js:1052
[63029457ms] [ERROR] ./components/canvas/Experience.jsx:21:1
Error: Module not found: Can't resolve './scenes/NffcSystem'
  19 | import RwaNode from "./scenes/RwaNode";
  20 | import UniverseField from "./scenes/UniverseField";
> 21 | import NffcSystem from "./scenes/NffcSystem";
     | ^^^^^^^^^^^^^^^^^^^^^^^^^^^^^^^^^^^^^^^^^^^^^
  22 | import GalaxyConnections from "./scenes/GalaxyConnections";
  23 | import PostFX from "./PostFX";
  24 | import styles from "./Experience.module.css";

Import trace:
  Client Component Browser:
    ./components/canvas/Experience.jsx [Client Component Browser]
    ./components/canvas/ExperienceLoader.jsx [Client Component Browser]
    ./components/canvas/ExperienceLoader.jsx [Server Component]
    ./app/page.js [Server Component]

https://nextjs.org/docs/messages/module-not-found @ http://localhost:3000/_next/static/chunks/node_modules_next_dist_1e8vcs8._.js:1052
[63029458ms] [ERROR] ./components/canvas/Experience.jsx:19:1
Error: Module not found: Can't resolve './scenes/RwaNode'
  17 | import CollectionsField from "./scenes/CollectionsField";
  18 | import ChainsField from "./scenes/ChainsField";
> 19 | import RwaNode from "./scenes/RwaNode";
     | ^^^^^^^^^^^^^^^^^^^^^^^^^^^^^^^^^^^^^^^
  20 | import UniverseField from "./scenes/UniverseField";
  21 | import NffcSystem from "./scenes/NffcSystem";
  22 | import GalaxyConnections from "./scenes/GalaxyConnections";

Import trace:
  Client Component Browser:
    ./components/canvas/Experience.jsx [Client Component Browser]
    ./components/canvas/ExperienceLoader.jsx [Client Component Browser]
    ./components/canvas/ExperienceLoader.jsx [Server Component]
    ./app/page.js [Server Component]

https://nextjs.org/docs/messages/module-not-found @ http://localhost:3000/_next/static/chunks/node_modules_next_dist_1e8vcs8._.js:1052
[63029458ms] [ERROR] ./app/page.js:5:1
Error: Module not found: Can't resolve '@/components/dom/ChainLabels'
  3 | import MicroHud from "@/components/dom/MicroHud";
  4 | import ChapterLettering from "@/components/dom/ChapterLettering";
> 5 | import ChainLabels from "@/components/dom/ChainLabels";
    | ^^^^^^^^^^^^^^^^^^^^^^^^^^^^^^^^^^^^^^^^^^^^^^^^^^^^^^^
  6 | import NebulaMessages from "@/components/dom/NebulaMessages";
  7 | import OrbitalRingLabels from "@/components/dom/OrbitalRingLabels";
  8 | import NffcIdentityCard from "@/components/dom/NffcIdentityCard";

Import map: aliased to relative './components/dom/ChainLabels' inside of [project]/

https://nextjs.org/docs/messages/module-not-found @ http://localhost:3000/_next/static/chunks/node_modules_next_dist_1e8vcs8._.js:1052
[63029458ms] [ERROR] ./app/page.js:9:1
Error: Module not found: Can't resolve '@/components/dom/MarketStats'
   7 | import OrbitalRingLabels from "@/components/dom/OrbitalRingLabels";
   8 | import NffcIdentityCard from "@/components/dom/NffcIdentityCard";
>  9 | import MarketStats from "@/components/dom/MarketStats";
     | ^^^^^^^^^^^^^^^^^^^^^^^^^^^^^^^^^^^^^^^^^^^^^^^^^^^^^^^
  10 | import FinalCta from "@/components/dom/FinalCta";
  11 | import Letterbox from "@/components/dom/Letterbox";
  12 | import ExperienceLoader from "@/components/canvas/ExperienceLoader";

Import map: aliased to relative './components/dom/MarketStats' inside of [project]/

https://nextjs.org/docs/messages/module-not-found @ http://localhost:3000/_next/static/chunks/node_modules_next_dist_1e8vcs8._.js:1052
[63029458ms] [ERROR] ./app/page.js:8:1
Error: Module not found: Can't resolve '@/components/dom/NffcIdentityCard'
   6 | import NebulaMessages from "@/components/dom/NebulaMessages";
   7 | import OrbitalRingLabels from "@/components/dom/OrbitalRingLabels";
>  8 | import NffcIdentityCard from "@/components/dom/NffcIdentityCard";
     | ^^^^^^^^^^^^^^^^^^^^^^^^^^^^^^^^^^^^^^^^^^^^^^^^^^^^^^^^^^^^^^^^^
   9 | import MarketStats from "@/components/dom/MarketStats";
  10 | import FinalCta from "@/components/dom/FinalCta";
  11 | import Letterbox from "@/components/dom/Letterbox";

Import map: aliased to relative './components/dom/NffcIdentityCard' inside of [project]/

https://nextjs.org/docs/messages/module-not-found @ http://localhost:3000/_next/static/chunks/node_modules_next_dist_1e8vcs8._.js:1052
[63029458ms] [ERROR] ./app/page.js:7:1
Error: Module not found: Can't resolve '@/components/dom/OrbitalRingLabels'
   5 | import ChainLabels from "@/components/dom/ChainLabels";
   6 | import NebulaMessages from "@/components/dom/NebulaMessages";
>  7 | import OrbitalRingLabels from "@/components/dom/OrbitalRingLabels";
     | ^^^^^^^^^^^^^^^^^^^^^^^^^^^^^^^^^^^^^^^^^^^^^^^^^^^^^^^^^^^^^^^^^^^
   8 | import NffcIdentityCard from "@/components/dom/NffcIdentityCard";
   9 | import MarketStats from "@/components/dom/MarketStats";
  10 | import FinalCta from "@/components/dom/FinalCta";

Import map: aliased to relative './components/dom/OrbitalRingLabels' inside of [project]/

https://nextjs.org/docs/messages/module-not-found @ http://localhost:3000/_next/static/chunks/node_modules_next_dist_1e8vcs8._.js:1052
[63030525ms] [ERROR] ./components/canvas/Experience.jsx:18:1
Error: Module not found: Can't resolve './scenes/ChainsField'
  16 | import DigitalGrid from "./scenes/DigitalGrid";
  17 | import CollectionsField from "./scenes/CollectionsField";
> 18 | import ChainsField from "./scenes/ChainsField";
     | ^^^^^^^^^^^^^^^^^^^^^^^^^^^^^^^^^^^^^^^^^^^^^^^
  19 | import RwaNode from "./scenes/RwaNode";
  20 | import UniverseField from "./scenes/UniverseField";
  21 | import NffcSystem from "./scenes/NffcSystem";

Import trace:
  Client Component Browser:
    ./components/canvas/Experience.jsx [Client Component Browser]
    ./components/canvas/ExperienceLoader.jsx [Client Component Browser]
    ./components/canvas/ExperienceLoader.jsx [Server Component]
    ./app/page.js [Server Component]

https://nextjs.org/docs/messages/module-not-found @ http://localhost:3000/_next/static/chunks/node_modules_next_dist_1e8vcs8._.js:1052
[63030525ms] [ERROR] ./components/canvas/Experience.jsx:17:1
Error: Module not found: Can't resolve './scenes/CollectionsField'
  15 | import NftEmergence from "./scenes/NftEmergence";
  16 | import DigitalGrid from "./scenes/DigitalGrid";
> 17 | import CollectionsField from "./scenes/CollectionsField";
     | ^^^^^^^^^^^^^^^^^^^^^^^^^^^^^^^^^^^^^^^^^^^^^^^^^^^^^^^^^
  18 | import ChainsField from "./scenes/ChainsField";
  19 | import RwaNode from "./scenes/RwaNode";
  20 | import UniverseField from "./scenes/UniverseField";

Import trace:
  Client Component Browser:
    ./components/canvas/Experience.jsx [Client Component Browser]
    ./components/canvas/ExperienceLoader.jsx [Client Component Browser]
    ./components/canvas/ExperienceLoader.jsx [Server Component]
    ./app/page.js [Server Component]

https://nextjs.org/docs/messages/module-not-found @ http://localhost:3000/_next/static/chunks/node_modules_next_dist_1e8vcs8._.js:1052
[63030525ms] [ERROR] ./components/canvas/Experience.jsx:22:1
Error: Module not found: Can't resolve './scenes/GalaxyConnections'
  20 | import UniverseField from "./scenes/UniverseField";
  21 | import NffcSystem from "./scenes/NffcSystem";
> 22 | import GalaxyConnections from "./scenes/GalaxyConnections";
     | ^^^^^^^^^^^^^^^^^^^^^^^^^^^^^^^^^^^^^^^^^^^^^^^^^^^^^^^^^^^
  23 | import PostFX from "./PostFX";
  24 | import styles from "./Experience.module.css";
  25 | import { isMobile, CINEMATIC, BIGBANG } from "@/lib/tuning";

Import trace:
  Client Component Browser:
    ./components/canvas/Experience.jsx [Client Component Browser]
    ./components/canvas/ExperienceLoader.jsx [Client Component Browser]
    ./components/canvas/ExperienceLoader.jsx [Server Component]
    ./app/page.js [Server Component]

https://nextjs.org/docs/messages/module-not-found @ http://localhost:3000/_next/static/chunks/node_modules_next_dist_1e8vcs8._.js:1052
[63030525ms] [ERROR] ./components/canvas/Experience.jsx:21:1
Error: Module not found: Can't resolve './scenes/NffcSystem'
  19 | import RwaNode from "./scenes/RwaNode";
  20 | import UniverseField from "./scenes/UniverseField";
> 21 | import NffcSystem from "./scenes/NffcSystem";
     | ^^^^^^^^^^^^^^^^^^^^^^^^^^^^^^^^^^^^^^^^^^^^^
  22 | import GalaxyConnections from "./scenes/GalaxyConnections";
  23 | import PostFX from "./PostFX";
  24 | import styles from "./Experience.module.css";

Import trace:
  Client Component Browser:
    ./components/canvas/Experience.jsx [Client Component Browser]
    ./components/canvas/ExperienceLoader.jsx [Client Component Browser]
    ./components/canvas/ExperienceLoader.jsx [Server Component]
    ./app/page.js [Server Component]

https://nextjs.org/docs/messages/module-not-found @ http://localhost:3000/_next/static/chunks/node_modules_next_dist_1e8vcs8._.js:1052
[63030525ms] [ERROR] ./components/canvas/Experience.jsx:19:1
Error: Module not found: Can't resolve './scenes/RwaNode'
  17 | import CollectionsField from "./scenes/CollectionsField";
  18 | import ChainsField from "./scenes/ChainsField";
> 19 | import RwaNode from "./scenes/RwaNode";
     | ^^^^^^^^^^^^^^^^^^^^^^^^^^^^^^^^^^^^^^^
  20 | import UniverseField from "./scenes/UniverseField";
  21 | import NffcSystem from "./scenes/NffcSystem";
  22 | import GalaxyConnections from "./scenes/GalaxyConnections";

Import trace:
  Client Component Browser:
    ./components/canvas/Experience.jsx [Client Component Browser]
    ./components/canvas/ExperienceLoader.jsx [Client Component Browser]
    ./components/canvas/ExperienceLoader.jsx [Server Component]
    ./app/page.js [Server Component]

https://nextjs.org/docs/messages/module-not-found @ http://localhost:3000/_next/static/chunks/node_modules_next_dist_1e8vcs8._.js:1052
[63030526ms] [ERROR] ./app/page.js:5:1
Error: Module not found: Can't resolve '@/components/dom/ChainLabels'
  3 | import MicroHud from "@/components/dom/MicroHud";
  4 | import ChapterLettering from "@/components/dom/ChapterLettering";
> 5 | import ChainLabels from "@/components/dom/ChainLabels";
    | ^^^^^^^^^^^^^^^^^^^^^^^^^^^^^^^^^^^^^^^^^^^^^^^^^^^^^^^
  6 | import NebulaMessages from "@/components/dom/NebulaMessages";
  7 | import OrbitalRingLabels from "@/components/dom/OrbitalRingLabels";
  8 | import NffcIdentityCard from "@/components/dom/NffcIdentityCard";

Import map: aliased to relative './components/dom/ChainLabels' inside of [project]/

https://nextjs.org/docs/messages/module-not-found @ http://localhost:3000/_next/static/chunks/node_modules_next_dist_1e8vcs8._.js:1052
[63030526ms] [ERROR] ./app/page.js:9:1
Error: Module not found: Can't resolve '@/components/dom/MarketStats'
   7 | import OrbitalRingLabels from "@/components/dom/OrbitalRingLabels";
   8 | import NffcIdentityCard from "@/components/dom/NffcIdentityCard";
>  9 | import MarketStats from "@/components/dom/MarketStats";
     | ^^^^^^^^^^^^^^^^^^^^^^^^^^^^^^^^^^^^^^^^^^^^^^^^^^^^^^^
  10 | import FinalCta from "@/components/dom/FinalCta";
  11 | import Letterbox from "@/components/dom/Letterbox";
  12 | import ExperienceLoader from "@/components/canvas/ExperienceLoader";

Import map: aliased to relative './components/dom/MarketStats' inside of [project]/

https://nextjs.org/docs/messages/module-not-found @ http://localhost:3000/_next/static/chunks/node_modules_next_dist_1e8vcs8._.js:1052
[63030526ms] [ERROR] ./app/page.js:8:1
Error: Module not found: Can't resolve '@/components/dom/NffcIdentityCard'
   6 | import NebulaMessages from "@/components/dom/NebulaMessages";
   7 | import OrbitalRingLabels from "@/components/dom/OrbitalRingLabels";
>  8 | import NffcIdentityCard from "@/components/dom/NffcIdentityCard";
     | ^^^^^^^^^^^^^^^^^^^^^^^^^^^^^^^^^^^^^^^^^^^^^^^^^^^^^^^^^^^^^^^^^
   9 | import MarketStats from "@/components/dom/MarketStats";
  10 | import FinalCta from "@/components/dom/FinalCta";
  11 | import Letterbox from "@/components/dom/Letterbox";

Import map: aliased to relative './components/dom/NffcIdentityCard' inside of [project]/

https://nextjs.org/docs/messages/module-not-found @ http://localhost:3000/_next/static/chunks/node_modules_next_dist_1e8vcs8._.js:1052
[63030526ms] [ERROR] ./app/page.js:7:1
Error: Module not found: Can't resolve '@/components/dom/OrbitalRingLabels'
   5 | import ChainLabels from "@/components/dom/ChainLabels";
   6 | import NebulaMessages from "@/components/dom/NebulaMessages";
>  7 | import OrbitalRingLabels from "@/components/dom/OrbitalRingLabels";
     | ^^^^^^^^^^^^^^^^^^^^^^^^^^^^^^^^^^^^^^^^^^^^^^^^^^^^^^^^^^^^^^^^^^^
   8 | import NffcIdentityCard from "@/components/dom/NffcIdentityCard";
   9 | import MarketStats from "@/components/dom/MarketStats";
  10 | import FinalCta from "@/components/dom/FinalCta";

Import map: aliased to relative './components/dom/OrbitalRingLabels' inside of [project]/

https://nextjs.org/docs/messages/module-not-found @ http://localhost:3000/_next/static/chunks/node_modules_next_dist_1e8vcs8._.js:1052
[63049137ms] [ERROR] ./components/canvas/Experience.jsx:18:1
Error: Module not found: Can't resolve './scenes/ChainsField'
  16 | import DigitalGrid from "./scenes/DigitalGrid";
  17 | import CollectionsField from "./scenes/CollectionsField";
> 18 | import ChainsField from "./scenes/ChainsField";
     | ^^^^^^^^^^^^^^^^^^^^^^^^^^^^^^^^^^^^^^^^^^^^^^^
  19 | import RwaNode from "./scenes/RwaNode";
  20 | import UniverseField from "./scenes/UniverseField";
  21 | import NffcSystem from "./scenes/NffcSystem";

Import trace:
  Client Component Browser:
    ./components/canvas/Experience.jsx [Client Component Browser]
    ./components/canvas/ExperienceLoader.jsx [Client Component Browser]
    ./components/canvas/ExperienceLoader.jsx [Server Component]
    ./app/page.js [Server Component]

https://nextjs.org/docs/messages/module-not-found @ http://localhost:3000/_next/static/chunks/node_modules_next_dist_1e8vcs8._.js:1052
[63049137ms] [ERROR] ./components/canvas/Experience.jsx:17:1
Error: Module not found: Can't resolve './scenes/CollectionsField'
  15 | import NftEmergence from "./scenes/NftEmergence";
  16 | import DigitalGrid from "./scenes/DigitalGrid";
> 17 | import CollectionsField from "./scenes/CollectionsField";
     | ^^^^^^^^^^^^^^^^^^^^^^^^^^^^^^^^^^^^^^^^^^^^^^^^^^^^^^^^^
  18 | import ChainsField from "./scenes/ChainsField";
  19 | import RwaNode from "./scenes/RwaNode";
  20 | import UniverseField from "./scenes/UniverseField";

Import trace:
  Client Component Browser:
    ./components/canvas/Experience.jsx [Client Component Browser]
    ./components/canvas/ExperienceLoader.jsx [Client Component Browser]
    ./components/canvas/ExperienceLoader.jsx [Server Component]
    ./app/page.js [Server Component]

https://nextjs.org/docs/messages/module-not-found @ http://localhost:3000/_next/static/chunks/node_modules_next_dist_1e8vcs8._.js:1052
[63049137ms] [ERROR] ./components/canvas/Experience.jsx:22:1
Error: Module not found: Can't resolve './scenes/GalaxyConnections'
  20 | import UniverseField from "./scenes/UniverseField";
  21 | import NffcSystem from "./scenes/NffcSystem";
> 22 | import GalaxyConnections from "./scenes/GalaxyConnections";
     | ^^^^^^^^^^^^^^^^^^^^^^^^^^^^^^^^^^^^^^^^^^^^^^^^^^^^^^^^^^^
  23 | import PostFX from "./PostFX";
  24 | import styles from "./Experience.module.css";
  25 | import { isMobile, CINEMATIC, BIGBANG } from "@/lib/tuning";

Import trace:
  Client Component Browser:
    ./components/canvas/Experience.jsx [Client Component Browser]
    ./components/canvas/ExperienceLoader.jsx [Client Component Browser]
    ./components/canvas/ExperienceLoader.jsx [Server Component]
    ./app/page.js [Server Component]

https://nextjs.org/docs/messages/module-not-found @ http://localhost:3000/_next/static/chunks/node_modules_next_dist_1e8vcs8._.js:1052
[63049137ms] [ERROR] ./components/canvas/Experience.jsx:21:1
Error: Module not found: Can't resolve './scenes/NffcSystem'
  19 | import RwaNode from "./scenes/RwaNode";
  20 | import UniverseField from "./scenes/UniverseField";
> 21 | import NffcSystem from "./scenes/NffcSystem";
     | ^^^^^^^^^^^^^^^^^^^^^^^^^^^^^^^^^^^^^^^^^^^^^
  22 | import GalaxyConnections from "./scenes/GalaxyConnections";
  23 | import PostFX from "./PostFX";
  24 | import styles from "./Experience.module.css";

Import trace:
  Client Component Browser:
    ./components/canvas/Experience.jsx [Client Component Browser]
    ./components/canvas/ExperienceLoader.jsx [Client Component Browser]
    ./components/canvas/ExperienceLoader.jsx [Server Component]
    ./app/page.js [Server Component]

https://nextjs.org/docs/messages/module-not-found @ http://localhost:3000/_next/static/chunks/node_modules_next_dist_1e8vcs8._.js:1052
[63049138ms] [ERROR] ./components/canvas/Experience.jsx:19:1
Error: Module not found: Can't resolve './scenes/RwaNode'
  17 | import CollectionsField from "./scenes/CollectionsField";
  18 | import ChainsField from "./scenes/ChainsField";
> 19 | import RwaNode from "./scenes/RwaNode";
     | ^^^^^^^^^^^^^^^^^^^^^^^^^^^^^^^^^^^^^^^
  20 | import UniverseField from "./scenes/UniverseField";
  21 | import NffcSystem from "./scenes/NffcSystem";
  22 | import GalaxyConnections from "./scenes/GalaxyConnections";

Import trace:
  Client Component Browser:
    ./components/canvas/Experience.jsx [Client Component Browser]
    ./components/canvas/ExperienceLoader.jsx [Client Component Browser]
    ./components/canvas/ExperienceLoader.jsx [Server Component]
    ./app/page.js [Server Component]

https://nextjs.org/docs/messages/module-not-found @ http://localhost:3000/_next/static/chunks/node_modules_next_dist_1e8vcs8._.js:1052
[63049138ms] [ERROR] ./app/page.js:5:1
Error: Module not found: Can't resolve '@/components/dom/ChainLabels'
  3 | import MicroHud from "@/components/dom/MicroHud";
  4 | import ChapterLettering from "@/components/dom/ChapterLettering";
> 5 | import ChainLabels from "@/components/dom/ChainLabels";
    | ^^^^^^^^^^^^^^^^^^^^^^^^^^^^^^^^^^^^^^^^^^^^^^^^^^^^^^^
  6 | import NebulaMessages from "@/components/dom/NebulaMessages";
  7 | import OrbitalRingLabels from "@/components/dom/OrbitalRingLabels";
  8 | import NffcIdentityCard from "@/components/dom/NffcIdentityCard";

Import map: aliased to relative './components/dom/ChainLabels' inside of [project]/

https://nextjs.org/docs/messages/module-not-found @ http://localhost:3000/_next/static/chunks/node_modules_next_dist_1e8vcs8._.js:1052
[63049138ms] [ERROR] ./app/page.js:9:1
Error: Module not found: Can't resolve '@/components/dom/MarketStats'
   7 | import OrbitalRingLabels from "@/components/dom/OrbitalRingLabels";
   8 | import NffcIdentityCard from "@/components/dom/NffcIdentityCard";
>  9 | import MarketStats from "@/components/dom/MarketStats";
     | ^^^^^^^^^^^^^^^^^^^^^^^^^^^^^^^^^^^^^^^^^^^^^^^^^^^^^^^
  10 | import FinalCta from "@/components/dom/FinalCta";
  11 | import Letterbox from "@/components/dom/Letterbox";
  12 | import ExperienceLoader from "@/components/canvas/ExperienceLoader";

Import map: aliased to relative './components/dom/MarketStats' inside of [project]/

https://nextjs.org/docs/messages/module-not-found @ http://localhost:3000/_next/static/chunks/node_modules_next_dist_1e8vcs8._.js:1052
[63049138ms] [ERROR] ./app/page.js:8:1
Error: Module not found: Can't resolve '@/components/dom/NffcIdentityCard'
   6 | import NebulaMessages from "@/components/dom/NebulaMessages";
   7 | import OrbitalRingLabels from "@/components/dom/OrbitalRingLabels";
>  8 | import NffcIdentityCard from "@/components/dom/NffcIdentityCard";
     | ^^^^^^^^^^^^^^^^^^^^^^^^^^^^^^^^^^^^^^^^^^^^^^^^^^^^^^^^^^^^^^^^^
   9 | import MarketStats from "@/components/dom/MarketStats";
  10 | import FinalCta from "@/components/dom/FinalCta";
  11 | import Letterbox from "@/components/dom/Letterbox";

Import map: aliased to relative './components/dom/NffcIdentityCard' inside of [project]/

https://nextjs.org/docs/messages/module-not-found @ http://localhost:3000/_next/static/chunks/node_modules_next_dist_1e8vcs8._.js:1052
[63049138ms] [ERROR] ./app/page.js:7:1
Error: Module not found: Can't resolve '@/components/dom/OrbitalRingLabels'
   5 | import ChainLabels from "@/components/dom/ChainLabels";
   6 | import NebulaMessages from "@/components/dom/NebulaMessages";
>  7 | import OrbitalRingLabels from "@/components/dom/OrbitalRingLabels";
     | ^^^^^^^^^^^^^^^^^^^^^^^^^^^^^^^^^^^^^^^^^^^^^^^^^^^^^^^^^^^^^^^^^^^
   8 | import NffcIdentityCard from "@/components/dom/NffcIdentityCard";
   9 | import MarketStats from "@/components/dom/MarketStats";
  10 | import FinalCta from "@/components/dom/FinalCta";

Import map: aliased to relative './components/dom/OrbitalRingLabels' inside of [project]/

https://nextjs.org/docs/messages/module-not-found @ http://localhost:3000/_next/static/chunks/node_modules_next_dist_1e8vcs8._.js:1052
[63049280ms] [ERROR] ./components/canvas/Experience.jsx:18:1
Error: Module not found: Can't resolve './scenes/ChainsField'
  16 | import DigitalGrid from "./scenes/DigitalGrid";
  17 | import CollectionsField from "./scenes/CollectionsField";
> 18 | import ChainsField from "./scenes/ChainsField";
     | ^^^^^^^^^^^^^^^^^^^^^^^^^^^^^^^^^^^^^^^^^^^^^^^
  19 | import RwaNode from "./scenes/RwaNode";
  20 | import UniverseField from "./scenes/UniverseField";
  21 | import NffcSystem from "./scenes/NffcSystem";

Import trace:
  Client Component Browser:
    ./components/canvas/Experience.jsx [Client Component Browser]
    ./components/canvas/ExperienceLoader.jsx [Client Component Browser]
    ./components/canvas/ExperienceLoader.jsx [Server Component]
    ./app/page.js [Server Component]

https://nextjs.org/docs/messages/module-not-found @ http://localhost:3000/_next/static/chunks/node_modules_next_dist_1e8vcs8._.js:1052
[63049281ms] [ERROR] ./components/canvas/Experience.jsx:17:1
Error: Module not found: Can't resolve './scenes/CollectionsField'
  15 | import NftEmergence from "./scenes/NftEmergence";
  16 | import DigitalGrid from "./scenes/DigitalGrid";
> 17 | import CollectionsField from "./scenes/CollectionsField";
     | ^^^^^^^^^^^^^^^^^^^^^^^^^^^^^^^^^^^^^^^^^^^^^^^^^^^^^^^^^
  18 | import ChainsField from "./scenes/ChainsField";
  19 | import RwaNode from "./scenes/RwaNode";
  20 | import UniverseField from "./scenes/UniverseField";

Import trace:
  Client Component Browser:
    ./components/canvas/Experience.jsx [Client Component Browser]
    ./components/canvas/ExperienceLoader.jsx [Client Component Browser]
    ./components/canvas/ExperienceLoader.jsx [Server Component]
    ./app/page.js [Server Component]

https://nextjs.org/docs/messages/module-not-found @ http://localhost:3000/_next/static/chunks/node_modules_next_dist_1e8vcs8._.js:1052
[63049281ms] [ERROR] ./components/canvas/Experience.jsx:22:1
Error: Module not found: Can't resolve './scenes/GalaxyConnections'
  20 | import UniverseField from "./scenes/UniverseField";
  21 | import NffcSystem from "./scenes/NffcSystem";
> 22 | import GalaxyConnections from "./scenes/GalaxyConnections";
     | ^^^^^^^^^^^^^^^^^^^^^^^^^^^^^^^^^^^^^^^^^^^^^^^^^^^^^^^^^^^
  23 | import PostFX from "./PostFX";
  24 | import styles from "./Experience.module.css";
  25 | import { isMobile, CINEMATIC, BIGBANG } from "@/lib/tuning";

Import trace:
  Client Component Browser:
    ./components/canvas/Experience.jsx [Client Component Browser]
    ./components/canvas/ExperienceLoader.jsx [Client Component Browser]
    ./components/canvas/ExperienceLoader.jsx [Server Component]
    ./app/page.js [Server Component]

https://nextjs.org/docs/messages/module-not-found @ http://localhost:3000/_next/static/chunks/node_modules_next_dist_1e8vcs8._.js:1052
[63049281ms] [ERROR] ./components/canvas/Experience.jsx:21:1
Error: Module not found: Can't resolve './scenes/NffcSystem'
  19 | import RwaNode from "./scenes/RwaNode";
  20 | import UniverseField from "./scenes/UniverseField";
> 21 | import NffcSystem from "./scenes/NffcSystem";
     | ^^^^^^^^^^^^^^^^^^^^^^^^^^^^^^^^^^^^^^^^^^^^^
  22 | import GalaxyConnections from "./scenes/GalaxyConnections";
  23 | import PostFX from "./PostFX";
  24 | import styles from "./Experience.module.css";

Import trace:
  Client Component Browser:
    ./components/canvas/Experience.jsx [Client Component Browser]
    ./components/canvas/ExperienceLoader.jsx [Client Component Browser]
    ./components/canvas/ExperienceLoader.jsx [Server Component]
    ./app/page.js [Server Component]

https://nextjs.org/docs/messages/module-not-found @ http://localhost:3000/_next/static/chunks/node_modules_next_dist_1e8vcs8._.js:1052
[63049281ms] [ERROR] ./components/canvas/Experience.jsx:19:1
Error: Module not found: Can't resolve './scenes/RwaNode'
  17 | import CollectionsField from "./scenes/CollectionsField";
  18 | import ChainsField from "./scenes/ChainsField";
> 19 | import RwaNode from "./scenes/RwaNode";
     | ^^^^^^^^^^^^^^^^^^^^^^^^^^^^^^^^^^^^^^^
  20 | import UniverseField from "./scenes/UniverseField";
  21 | import NffcSystem from "./scenes/NffcSystem";
  22 | import GalaxyConnections from "./scenes/GalaxyConnections";

Import trace:
  Client Component Browser:
    ./components/canvas/Experience.jsx [Client Component Browser]
    ./components/canvas/ExperienceLoader.jsx [Client Component Browser]
    ./components/canvas/ExperienceLoader.jsx [Server Component]
    ./app/page.js [Server Component]

https://nextjs.org/docs/messages/module-not-found @ http://localhost:3000/_next/static/chunks/node_modules_next_dist_1e8vcs8._.js:1052
[63049281ms] [ERROR] ./app/page.js:5:1
Error: Module not found: Can't resolve '@/components/dom/ChainLabels'
  3 | import MicroHud from "@/components/dom/MicroHud";
  4 | import ChapterLettering from "@/components/dom/ChapterLettering";
> 5 | import ChainLabels from "@/components/dom/ChainLabels";
    | ^^^^^^^^^^^^^^^^^^^^^^^^^^^^^^^^^^^^^^^^^^^^^^^^^^^^^^^
  6 | import NebulaMessages from "@/components/dom/NebulaMessages";
  7 | import OrbitalRingLabels from "@/components/dom/OrbitalRingLabels";
  8 | import NffcIdentityCard from "@/components/dom/NffcIdentityCard";

Import map: aliased to relative './components/dom/ChainLabels' inside of [project]/

https://nextjs.org/docs/messages/module-not-found @ http://localhost:3000/_next/static/chunks/node_modules_next_dist_1e8vcs8._.js:1052
[63049281ms] [ERROR] ./app/page.js:9:1
Error: Module not found: Can't resolve '@/components/dom/MarketStats'
   7 | import OrbitalRingLabels from "@/components/dom/OrbitalRingLabels";
   8 | import NffcIdentityCard from "@/components/dom/NffcIdentityCard";
>  9 | import MarketStats from "@/components/dom/MarketStats";
     | ^^^^^^^^^^^^^^^^^^^^^^^^^^^^^^^^^^^^^^^^^^^^^^^^^^^^^^^
  10 | import FinalCta from "@/components/dom/FinalCta";
  11 | import Letterbox from "@/components/dom/Letterbox";
  12 | import ExperienceLoader from "@/components/canvas/ExperienceLoader";

Import map: aliased to relative './components/dom/MarketStats' inside of [project]/

https://nextjs.org/docs/messages/module-not-found @ http://localhost:3000/_next/static/chunks/node_modules_next_dist_1e8vcs8._.js:1052
[63049281ms] [ERROR] ./app/page.js:8:1
Error: Module not found: Can't resolve '@/components/dom/NffcIdentityCard'
   6 | import NebulaMessages from "@/components/dom/NebulaMessages";
   7 | import OrbitalRingLabels from "@/components/dom/OrbitalRingLabels";
>  8 | import NffcIdentityCard from "@/components/dom/NffcIdentityCard";
     | ^^^^^^^^^^^^^^^^^^^^^^^^^^^^^^^^^^^^^^^^^^^^^^^^^^^^^^^^^^^^^^^^^
   9 | import MarketStats from "@/components/dom/MarketStats";
  10 | import FinalCta from "@/components/dom/FinalCta";
  11 | import Letterbox from "@/components/dom/Letterbox";

Import map: aliased to relative './components/dom/NffcIdentityCard' inside of [project]/

https://nextjs.org/docs/messages/module-not-found @ http://localhost:3000/_next/static/chunks/node_modules_next_dist_1e8vcs8._.js:1052
[63049281ms] [ERROR] ./app/page.js:7:1
Error: Module not found: Can't resolve '@/components/dom/OrbitalRingLabels'
   5 | import ChainLabels from "@/components/dom/ChainLabels";
   6 | import NebulaMessages from "@/components/dom/NebulaMessages";
>  7 | import OrbitalRingLabels from "@/components/dom/OrbitalRingLabels";
     | ^^^^^^^^^^^^^^^^^^^^^^^^^^^^^^^^^^^^^^^^^^^^^^^^^^^^^^^^^^^^^^^^^^^
   8 | import NffcIdentityCard from "@/components/dom/NffcIdentityCard";
   9 | import MarketStats from "@/components/dom/MarketStats";
  10 | import FinalCta from "@/components/dom/FinalCta";

Import map: aliased to relative './components/dom/OrbitalRingLabels' inside of [project]/

https://nextjs.org/docs/messages/module-not-found @ http://localhost:3000/_next/static/chunks/node_modules_next_dist_1e8vcs8._.js:1052
[63065180ms] [ERROR] ./components/canvas/Experience.jsx:18:1
Error: Module not found: Can't resolve './scenes/ChainsField'
  16 | import DigitalGrid from "./scenes/DigitalGrid";
  17 | import CollectionsField from "./scenes/CollectionsField";
> 18 | import ChainsField from "./scenes/ChainsField";
     | ^^^^^^^^^^^^^^^^^^^^^^^^^^^^^^^^^^^^^^^^^^^^^^^
  19 | import RwaNode from "./scenes/RwaNode";
  20 | import UniverseField from "./scenes/UniverseField";
  21 | import NffcSystem from "./scenes/NffcSystem";

Import trace:
  Client Component Browser:
    ./components/canvas/Experience.jsx [Client Component Browser]
    ./components/canvas/ExperienceLoader.jsx [Client Component Browser]
    ./components/canvas/ExperienceLoader.jsx [Server Component]
    ./app/page.js [Server Component]

https://nextjs.org/docs/messages/module-not-found @ http://localhost:3000/_next/static/chunks/node_modules_next_dist_1e8vcs8._.js:1052
[63065180ms] [ERROR] ./components/canvas/Experience.jsx:17:1
Error: Module not found: Can't resolve './scenes/CollectionsField'
  15 | import NftEmergence from "./scenes/NftEmergence";
  16 | import DigitalGrid from "./scenes/DigitalGrid";
> 17 | import CollectionsField from "./scenes/CollectionsField";
     | ^^^^^^^^^^^^^^^^^^^^^^^^^^^^^^^^^^^^^^^^^^^^^^^^^^^^^^^^^
  18 | import ChainsField from "./scenes/ChainsField";
  19 | import RwaNode from "./scenes/RwaNode";
  20 | import UniverseField from "./scenes/UniverseField";

Import trace:
  Client Component Browser:
    ./components/canvas/Experience.jsx [Client Component Browser]
    ./components/canvas/ExperienceLoader.jsx [Client Component Browser]
    ./components/canvas/ExperienceLoader.jsx [Server Component]
    ./app/page.js [Server Component]

https://nextjs.org/docs/messages/module-not-found @ http://localhost:3000/_next/static/chunks/node_modules_next_dist_1e8vcs8._.js:1052
[63065180ms] [ERROR] ./components/canvas/Experience.jsx:22:1
Error: Module not found: Can't resolve './scenes/GalaxyConnections'
  20 | import UniverseField from "./scenes/UniverseField";
  21 | import NffcSystem from "./scenes/NffcSystem";
> 22 | import GalaxyConnections from "./scenes/GalaxyConnections";
     | ^^^^^^^^^^^^^^^^^^^^^^^^^^^^^^^^^^^^^^^^^^^^^^^^^^^^^^^^^^^
  23 | import PostFX from "./PostFX";
  24 | import styles from "./Experience.module.css";
  25 | import { isMobile, CINEMATIC, BIGBANG } from "@/lib/tuning";

Import trace:
  Client Component Browser:
    ./components/canvas/Experience.jsx [Client Component Browser]
    ./components/canvas/ExperienceLoader.jsx [Client Component Browser]
    ./components/canvas/ExperienceLoader.jsx [Server Component]
    ./app/page.js [Server Component]

https://nextjs.org/docs/messages/module-not-found @ http://localhost:3000/_next/static/chunks/node_modules_next_dist_1e8vcs8._.js:1052
[63065180ms] [ERROR] ./components/canvas/Experience.jsx:21:1
Error: Module not found: Can't resolve './scenes/NffcSystem'
  19 | import RwaNode from "./scenes/RwaNode";
  20 | import UniverseField from "./scenes/UniverseField";
> 21 | import NffcSystem from "./scenes/NffcSystem";
     | ^^^^^^^^^^^^^^^^^^^^^^^^^^^^^^^^^^^^^^^^^^^^^
  22 | import GalaxyConnections from "./scenes/GalaxyConnections";
  23 | import PostFX from "./PostFX";
  24 | import styles from "./Experience.module.css";

Import trace:
  Client Component Browser:
    ./components/canvas/Experience.jsx [Client Component Browser]
    ./components/canvas/ExperienceLoader.jsx [Client Component Browser]
    ./components/canvas/ExperienceLoader.jsx [Server Component]
    ./app/page.js [Server Component]

https://nextjs.org/docs/messages/module-not-found @ http://localhost:3000/_next/static/chunks/node_modules_next_dist_1e8vcs8._.js:1052
[63065180ms] [ERROR] ./components/canvas/Experience.jsx:19:1
Error: Module not found: Can't resolve './scenes/RwaNode'
  17 | import CollectionsField from "./scenes/CollectionsField";
  18 | import ChainsField from "./scenes/ChainsField";
> 19 | import RwaNode from "./scenes/RwaNode";
     | ^^^^^^^^^^^^^^^^^^^^^^^^^^^^^^^^^^^^^^^
  20 | import UniverseField from "./scenes/UniverseField";
  21 | import NffcSystem from "./scenes/NffcSystem";
  22 | import GalaxyConnections from "./scenes/GalaxyConnections";

Import trace:
  Client Component Browser:
    ./components/canvas/Experience.jsx [Client Component Browser]
    ./components/canvas/ExperienceLoader.jsx [Client Component Browser]
    ./components/canvas/ExperienceLoader.jsx [Server Component]
    ./app/page.js [Server Component]

https://nextjs.org/docs/messages/module-not-found @ http://localhost:3000/_next/static/chunks/node_modules_next_dist_1e8vcs8._.js:1052
[63065181ms] [ERROR] ./app/page.js:5:1
Error: Module not found: Can't resolve '@/components/dom/ChainLabels'
  3 | import MicroHud from "@/components/dom/MicroHud";
  4 | import ChapterLettering from "@/components/dom/ChapterLettering";
> 5 | import ChainLabels from "@/components/dom/ChainLabels";
    | ^^^^^^^^^^^^^^^^^^^^^^^^^^^^^^^^^^^^^^^^^^^^^^^^^^^^^^^
  6 | import NebulaMessages from "@/components/dom/NebulaMessages";
  7 | import OrbitalRingLabels from "@/components/dom/OrbitalRingLabels";
  8 | import NffcIdentityCard from "@/components/dom/NffcIdentityCard";

Import map: aliased to relative './components/dom/ChainLabels' inside of [project]/

https://nextjs.org/docs/messages/module-not-found @ http://localhost:3000/_next/static/chunks/node_modules_next_dist_1e8vcs8._.js:1052
[63065181ms] [ERROR] ./app/page.js:9:1
Error: Module not found: Can't resolve '@/components/dom/MarketStats'
   7 | import OrbitalRingLabels from "@/components/dom/OrbitalRingLabels";
   8 | import NffcIdentityCard from "@/components/dom/NffcIdentityCard";
>  9 | import MarketStats from "@/components/dom/MarketStats";
     | ^^^^^^^^^^^^^^^^^^^^^^^^^^^^^^^^^^^^^^^^^^^^^^^^^^^^^^^
  10 | import FinalCta from "@/components/dom/FinalCta";
  11 | import Letterbox from "@/components/dom/Letterbox";
  12 | import ExperienceLoader from "@/components/canvas/ExperienceLoader";

Import map: aliased to relative './components/dom/MarketStats' inside of [project]/

https://nextjs.org/docs/messages/module-not-found @ http://localhost:3000/_next/static/chunks/node_modules_next_dist_1e8vcs8._.js:1052
[63065181ms] [ERROR] ./app/page.js:8:1
Error: Module not found: Can't resolve '@/components/dom/NffcIdentityCard'
   6 | import NebulaMessages from "@/components/dom/NebulaMessages";
   7 | import OrbitalRingLabels from "@/components/dom/OrbitalRingLabels";
>  8 | import NffcIdentityCard from "@/components/dom/NffcIdentityCard";
     | ^^^^^^^^^^^^^^^^^^^^^^^^^^^^^^^^^^^^^^^^^^^^^^^^^^^^^^^^^^^^^^^^^
   9 | import MarketStats from "@/components/dom/MarketStats";
  10 | import FinalCta from "@/components/dom/FinalCta";
  11 | import Letterbox from "@/components/dom/Letterbox";

Import map: aliased to relative './components/dom/NffcIdentityCard' inside of [project]/

https://nextjs.org/docs/messages/module-not-found @ http://localhost:3000/_next/static/chunks/node_modules_next_dist_1e8vcs8._.js:1052
[63065181ms] [ERROR] ./app/page.js:7:1
Error: Module not found: Can't resolve '@/components/dom/OrbitalRingLabels'
   5 | import ChainLabels from "@/components/dom/ChainLabels";
   6 | import NebulaMessages from "@/components/dom/NebulaMessages";
>  7 | import OrbitalRingLabels from "@/components/dom/OrbitalRingLabels";
     | ^^^^^^^^^^^^^^^^^^^^^^^^^^^^^^^^^^^^^^^^^^^^^^^^^^^^^^^^^^^^^^^^^^^
   8 | import NffcIdentityCard from "@/components/dom/NffcIdentityCard";
   9 | import MarketStats from "@/components/dom/MarketStats";
  10 | import FinalCta from "@/components/dom/FinalCta";

Import map: aliased to relative './components/dom/OrbitalRingLabels' inside of [project]/

https://nextjs.org/docs/messages/module-not-found @ http://localhost:3000/_next/static/chunks/node_modules_next_dist_1e8vcs8._.js:1052
[63065435ms] [ERROR] ./components/canvas/Experience.jsx:18:1
Error: Module not found: Can't resolve './scenes/ChainsField'
  16 | import DigitalGrid from "./scenes/DigitalGrid";
  17 | import CollectionsField from "./scenes/CollectionsField";
> 18 | import ChainsField from "./scenes/ChainsField";
     | ^^^^^^^^^^^^^^^^^^^^^^^^^^^^^^^^^^^^^^^^^^^^^^^
  19 | import RwaNode from "./scenes/RwaNode";
  20 | import UniverseField from "./scenes/UniverseField";
  21 | import NffcSystem from "./scenes/NffcSystem";

Import trace:
  Client Component Browser:
    ./components/canvas/Experience.jsx [Client Component Browser]
    ./components/canvas/ExperienceLoader.jsx [Client Component Browser]
    ./components/canvas/ExperienceLoader.jsx [Server Component]
    ./app/page.js [Server Component]

https://nextjs.org/docs/messages/module-not-found @ http://localhost:3000/_next/static/chunks/node_modules_next_dist_1e8vcs8._.js:1052
[63065435ms] [ERROR] ./components/canvas/Experience.jsx:17:1
Error: Module not found: Can't resolve './scenes/CollectionsField'
  15 | import NftEmergence from "./scenes/NftEmergence";
  16 | import DigitalGrid from "./scenes/DigitalGrid";
> 17 | import CollectionsField from "./scenes/CollectionsField";
     | ^^^^^^^^^^^^^^^^^^^^^^^^^^^^^^^^^^^^^^^^^^^^^^^^^^^^^^^^^
  18 | import ChainsField from "./scenes/ChainsField";
  19 | import RwaNode from "./scenes/RwaNode";
  20 | import UniverseField from "./scenes/UniverseField";

Import trace:
  Client Component Browser:
    ./components/canvas/Experience.jsx [Client Component Browser]
    ./components/canvas/ExperienceLoader.jsx [Client Component Browser]
    ./components/canvas/ExperienceLoader.jsx [Server Component]
    ./app/page.js [Server Component]

https://nextjs.org/docs/messages/module-not-found @ http://localhost:3000/_next/static/chunks/node_modules_next_dist_1e8vcs8._.js:1052
[63065435ms] [ERROR] ./components/canvas/Experience.jsx:22:1
Error: Module not found: Can't resolve './scenes/GalaxyConnections'
  20 | import UniverseField from "./scenes/UniverseField";
  21 | import NffcSystem from "./scenes/NffcSystem";
> 22 | import GalaxyConnections from "./scenes/GalaxyConnections";
     | ^^^^^^^^^^^^^^^^^^^^^^^^^^^^^^^^^^^^^^^^^^^^^^^^^^^^^^^^^^^
  23 | import PostFX from "./PostFX";
  24 | import styles from "./Experience.module.css";
  25 | import { isMobile, CINEMATIC, BIGBANG } from "@/lib/tuning";

Import trace:
  Client Component Browser:
    ./components/canvas/Experience.jsx [Client Component Browser]
    ./components/canvas/ExperienceLoader.jsx [Client Component Browser]
    ./components/canvas/ExperienceLoader.jsx [Server Component]
    ./app/page.js [Server Component]

https://nextjs.org/docs/messages/module-not-found @ http://localhost:3000/_next/static/chunks/node_modules_next_dist_1e8vcs8._.js:1052
[63065435ms] [ERROR] ./components/canvas/Experience.jsx:21:1
Error: Module not found: Can't resolve './scenes/NffcSystem'
  19 | import RwaNode from "./scenes/RwaNode";
  20 | import UniverseField from "./scenes/UniverseField";
> 21 | import NffcSystem from "./scenes/NffcSystem";
     | ^^^^^^^^^^^^^^^^^^^^^^^^^^^^^^^^^^^^^^^^^^^^^
  22 | import GalaxyConnections from "./scenes/GalaxyConnections";
  23 | import PostFX from "./PostFX";
  24 | import styles from "./Experience.module.css";

Import trace:
  Client Component Browser:
    ./components/canvas/Experience.jsx [Client Component Browser]
    ./components/canvas/ExperienceLoader.jsx [Client Component Browser]
    ./components/canvas/ExperienceLoader.jsx [Server Component]
    ./app/page.js [Server Component]

https://nextjs.org/docs/messages/module-not-found @ http://localhost:3000/_next/static/chunks/node_modules_next_dist_1e8vcs8._.js:1052
[63065436ms] [ERROR] ./components/canvas/Experience.jsx:19:1
Error: Module not found: Can't resolve './scenes/RwaNode'
  17 | import CollectionsField from "./scenes/CollectionsField";
  18 | import ChainsField from "./scenes/ChainsField";
> 19 | import RwaNode from "./scenes/RwaNode";
     | ^^^^^^^^^^^^^^^^^^^^^^^^^^^^^^^^^^^^^^^
  20 | import UniverseField from "./scenes/UniverseField";
  21 | import NffcSystem from "./scenes/NffcSystem";
  22 | import GalaxyConnections from "./scenes/GalaxyConnections";

Import trace:
  Client Component Browser:
    ./components/canvas/Experience.jsx [Client Component Browser]
    ./components/canvas/ExperienceLoader.jsx [Client Component Browser]
    ./components/canvas/ExperienceLoader.jsx [Server Component]
    ./app/page.js [Server Component]

https://nextjs.org/docs/messages/module-not-found @ http://localhost:3000/_next/static/chunks/node_modules_next_dist_1e8vcs8._.js:1052
[63065436ms] [ERROR] ./app/page.js:5:1
Error: Module not found: Can't resolve '@/components/dom/ChainLabels'
  3 | import MicroHud from "@/components/dom/MicroHud";
  4 | import ChapterLettering from "@/components/dom/ChapterLettering";
> 5 | import ChainLabels from "@/components/dom/ChainLabels";
    | ^^^^^^^^^^^^^^^^^^^^^^^^^^^^^^^^^^^^^^^^^^^^^^^^^^^^^^^
  6 | import NebulaMessages from "@/components/dom/NebulaMessages";
  7 | import OrbitalRingLabels from "@/components/dom/OrbitalRingLabels";
  8 | import NffcIdentityCard from "@/components/dom/NffcIdentityCard";

Import map: aliased to relative './components/dom/ChainLabels' inside of [project]/

https://nextjs.org/docs/messages/module-not-found @ http://localhost:3000/_next/static/chunks/node_modules_next_dist_1e8vcs8._.js:1052
[63065436ms] [ERROR] ./app/page.js:9:1
Error: Module not found: Can't resolve '@/components/dom/MarketStats'
   7 | import OrbitalRingLabels from "@/components/dom/OrbitalRingLabels";
   8 | import NffcIdentityCard from "@/components/dom/NffcIdentityCard";
>  9 | import MarketStats from "@/components/dom/MarketStats";
     | ^^^^^^^^^^^^^^^^^^^^^^^^^^^^^^^^^^^^^^^^^^^^^^^^^^^^^^^
  10 | import FinalCta from "@/components/dom/FinalCta";
  11 | import Letterbox from "@/components/dom/Letterbox";
  12 | import ExperienceLoader from "@/components/canvas/ExperienceLoader";

Import map: aliased to relative './components/dom/MarketStats' inside of [project]/

https://nextjs.org/docs/messages/module-not-found @ http://localhost:3000/_next/static/chunks/node_modules_next_dist_1e8vcs8._.js:1052
[63065436ms] [ERROR] ./app/page.js:8:1
Error: Module not found: Can't resolve '@/components/dom/NffcIdentityCard'
   6 | import NebulaMessages from "@/components/dom/NebulaMessages";
   7 | import OrbitalRingLabels from "@/components/dom/OrbitalRingLabels";
>  8 | import NffcIdentityCard from "@/components/dom/NffcIdentityCard";
     | ^^^^^^^^^^^^^^^^^^^^^^^^^^^^^^^^^^^^^^^^^^^^^^^^^^^^^^^^^^^^^^^^^
   9 | import MarketStats from "@/components/dom/MarketStats";
  10 | import FinalCta from "@/components/dom/FinalCta";
  11 | import Letterbox from "@/components/dom/Letterbox";

Import map: aliased to relative './components/dom/NffcIdentityCard' inside of [project]/

https://nextjs.org/docs/messages/module-not-found @ http://localhost:3000/_next/static/chunks/node_modules_next_dist_1e8vcs8._.js:1052
[63065437ms] [ERROR] ./app/page.js:7:1
Error: Module not found: Can't resolve '@/components/dom/OrbitalRingLabels'
   5 | import ChainLabels from "@/components/dom/ChainLabels";
   6 | import NebulaMessages from "@/components/dom/NebulaMessages";
>  7 | import OrbitalRingLabels from "@/components/dom/OrbitalRingLabels";
     | ^^^^^^^^^^^^^^^^^^^^^^^^^^^^^^^^^^^^^^^^^^^^^^^^^^^^^^^^^^^^^^^^^^^
   8 | import NffcIdentityCard from "@/components/dom/NffcIdentityCard";
   9 | import MarketStats from "@/components/dom/MarketStats";
  10 | import FinalCta from "@/components/dom/FinalCta";

Import map: aliased to relative './components/dom/OrbitalRingLabels' inside of [project]/

https://nextjs.org/docs/messages/module-not-found @ http://localhost:3000/_next/static/chunks/node_modules_next_dist_1e8vcs8._.js:1052
[63086446ms] [ERROR] ./components/canvas/Experience.jsx:18:1
Error: Module not found: Can't resolve './scenes/ChainsField'
  16 | import DigitalGrid from "./scenes/DigitalGrid";
  17 | import CollectionsField from "./scenes/CollectionsField";
> 18 | import ChainsField from "./scenes/ChainsField";
     | ^^^^^^^^^^^^^^^^^^^^^^^^^^^^^^^^^^^^^^^^^^^^^^^
  19 | import RwaNode from "./scenes/RwaNode";
  20 | import UniverseField from "./scenes/UniverseField";
  21 | import NffcSystem from "./scenes/NffcSystem";

Import trace:
  Client Component Browser:
    ./components/canvas/Experience.jsx [Client Component Browser]
    ./components/canvas/ExperienceLoader.jsx [Client Component Browser]
    ./components/canvas/ExperienceLoader.jsx [Server Component]
    ./app/page.js [Server Component]

https://nextjs.org/docs/messages/module-not-found @ http://localhost:3000/_next/static/chunks/node_modules_next_dist_1e8vcs8._.js:1052
[63086446ms] [ERROR] ./components/canvas/Experience.jsx:17:1
Error: Module not found: Can't resolve './scenes/CollectionsField'
  15 | import NftEmergence from "./scenes/NftEmergence";
  16 | import DigitalGrid from "./scenes/DigitalGrid";
> 17 | import CollectionsField from "./scenes/CollectionsField";
     | ^^^^^^^^^^^^^^^^^^^^^^^^^^^^^^^^^^^^^^^^^^^^^^^^^^^^^^^^^
  18 | import ChainsField from "./scenes/ChainsField";
  19 | import RwaNode from "./scenes/RwaNode";
  20 | import UniverseField from "./scenes/UniverseField";

Import trace:
  Client Component Browser:
    ./components/canvas/Experience.jsx [Client Component Browser]
    ./components/canvas/ExperienceLoader.jsx [Client Component Browser]
    ./components/canvas/ExperienceLoader.jsx [Server Component]
    ./app/page.js [Server Component]

https://nextjs.org/docs/messages/module-not-found @ http://localhost:3000/_next/static/chunks/node_modules_next_dist_1e8vcs8._.js:1052
[63086446ms] [ERROR] ./components/canvas/Experience.jsx:22:1
Error: Module not found: Can't resolve './scenes/GalaxyConnections'
  20 | import UniverseField from "./scenes/UniverseField";
  21 | import NffcSystem from "./scenes/NffcSystem";
> 22 | import GalaxyConnections from "./scenes/GalaxyConnections";
     | ^^^^^^^^^^^^^^^^^^^^^^^^^^^^^^^^^^^^^^^^^^^^^^^^^^^^^^^^^^^
  23 | import PostFX from "./PostFX";
  24 | import styles from "./Experience.module.css";
  25 | import { isMobile, CINEMATIC, BIGBANG } from "@/lib/tuning";

Import trace:
  Client Component Browser:
    ./components/canvas/Experience.jsx [Client Component Browser]
    ./components/canvas/ExperienceLoader.jsx [Client Component Browser]
    ./components/canvas/ExperienceLoader.jsx [Server Component]
    ./app/page.js [Server Component]

https://nextjs.org/docs/messages/module-not-found @ http://localhost:3000/_next/static/chunks/node_modules_next_dist_1e8vcs8._.js:1052
[63086446ms] [ERROR] ./components/canvas/Experience.jsx:21:1
Error: Module not found: Can't resolve './scenes/NffcSystem'
  19 | import RwaNode from "./scenes/RwaNode";
  20 | import UniverseField from "./scenes/UniverseField";
> 21 | import NffcSystem from "./scenes/NffcSystem";
     | ^^^^^^^^^^^^^^^^^^^^^^^^^^^^^^^^^^^^^^^^^^^^^
  22 | import GalaxyConnections from "./scenes/GalaxyConnections";
  23 | import PostFX from "./PostFX";
  24 | import styles from "./Experience.module.css";

Import trace:
  Client Component Browser:
    ./components/canvas/Experience.jsx [Client Component Browser]
    ./components/canvas/ExperienceLoader.jsx [Client Component Browser]
    ./components/canvas/ExperienceLoader.jsx [Server Component]
    ./app/page.js [Server Component]

https://nextjs.org/docs/messages/module-not-found @ http://localhost:3000/_next/static/chunks/node_modules_next_dist_1e8vcs8._.js:1052
[63086447ms] [ERROR] ./components/canvas/Experience.jsx:19:1
Error: Module not found: Can't resolve './scenes/RwaNode'
  17 | import CollectionsField from "./scenes/CollectionsField";
  18 | import ChainsField from "./scenes/ChainsField";
> 19 | import RwaNode from "./scenes/RwaNode";
     | ^^^^^^^^^^^^^^^^^^^^^^^^^^^^^^^^^^^^^^^
  20 | import UniverseField from "./scenes/UniverseField";
  21 | import NffcSystem from "./scenes/NffcSystem";
  22 | import GalaxyConnections from "./scenes/GalaxyConnections";

Import trace:
  Client Component Browser:
    ./components/canvas/Experience.jsx [Client Component Browser]
    ./components/canvas/ExperienceLoader.jsx [Client Component Browser]
    ./components/canvas/ExperienceLoader.jsx [Server Component]
    ./app/page.js [Server Component]

https://nextjs.org/docs/messages/module-not-found @ http://localhost:3000/_next/static/chunks/node_modules_next_dist_1e8vcs8._.js:1052
[63086447ms] [ERROR] ./app/page.js:5:1
Error: Module not found: Can't resolve '@/components/dom/ChainLabels'
  3 | import MicroHud from "@/components/dom/MicroHud";
  4 | import ChapterLettering from "@/components/dom/ChapterLettering";
> 5 | import ChainLabels from "@/components/dom/ChainLabels";
    | ^^^^^^^^^^^^^^^^^^^^^^^^^^^^^^^^^^^^^^^^^^^^^^^^^^^^^^^
  6 | import NebulaMessages from "@/components/dom/NebulaMessages";
  7 | import OrbitalRingLabels from "@/components/dom/OrbitalRingLabels";
  8 | import NffcIdentityCard from "@/components/dom/NffcIdentityCard";

Import map: aliased to relative './components/dom/ChainLabels' inside of [project]/

https://nextjs.org/docs/messages/module-not-found @ http://localhost:3000/_next/static/chunks/node_modules_next_dist_1e8vcs8._.js:1052
[63086447ms] [ERROR] ./app/page.js:9:1
Error: Module not found: Can't resolve '@/components/dom/MarketStats'
   7 | import OrbitalRingLabels from "@/components/dom/OrbitalRingLabels";
   8 | import NffcIdentityCard from "@/components/dom/NffcIdentityCard";
>  9 | import MarketStats from "@/components/dom/MarketStats";
     | ^^^^^^^^^^^^^^^^^^^^^^^^^^^^^^^^^^^^^^^^^^^^^^^^^^^^^^^
  10 | import FinalCta from "@/components/dom/FinalCta";
  11 | import Letterbox from "@/components/dom/Letterbox";
  12 | import ExperienceLoader from "@/components/canvas/ExperienceLoader";

Import map: aliased to relative './components/dom/MarketStats' inside of [project]/

https://nextjs.org/docs/messages/module-not-found @ http://localhost:3000/_next/static/chunks/node_modules_next_dist_1e8vcs8._.js:1052
[63086447ms] [ERROR] ./app/page.js:8:1
Error: Module not found: Can't resolve '@/components/dom/NffcIdentityCard'
   6 | import NebulaMessages from "@/components/dom/NebulaMessages";
   7 | import OrbitalRingLabels from "@/components/dom/OrbitalRingLabels";
>  8 | import NffcIdentityCard from "@/components/dom/NffcIdentityCard";
     | ^^^^^^^^^^^^^^^^^^^^^^^^^^^^^^^^^^^^^^^^^^^^^^^^^^^^^^^^^^^^^^^^^
   9 | import MarketStats from "@/components/dom/MarketStats";
  10 | import FinalCta from "@/components/dom/FinalCta";
  11 | import Letterbox from "@/components/dom/Letterbox";

Import map: aliased to relative './components/dom/NffcIdentityCard' inside of [project]/

https://nextjs.org/docs/messages/module-not-found @ http://localhost:3000/_next/static/chunks/node_modules_next_dist_1e8vcs8._.js:1052
[63086447ms] [ERROR] ./app/page.js:7:1
Error: Module not found: Can't resolve '@/components/dom/OrbitalRingLabels'
   5 | import ChainLabels from "@/components/dom/ChainLabels";
   6 | import NebulaMessages from "@/components/dom/NebulaMessages";
>  7 | import OrbitalRingLabels from "@/components/dom/OrbitalRingLabels";
     | ^^^^^^^^^^^^^^^^^^^^^^^^^^^^^^^^^^^^^^^^^^^^^^^^^^^^^^^^^^^^^^^^^^^
   8 | import NffcIdentityCard from "@/components/dom/NffcIdentityCard";
   9 | import MarketStats from "@/components/dom/MarketStats";
  10 | import FinalCta from "@/components/dom/FinalCta";

Import map: aliased to relative './components/dom/OrbitalRingLabels' inside of [project]/

https://nextjs.org/docs/messages/module-not-found @ http://localhost:3000/_next/static/chunks/node_modules_next_dist_1e8vcs8._.js:1052
[63086492ms] [ERROR] ./components/canvas/Experience.jsx:18:1
Error: Module not found: Can't resolve './scenes/ChainsField'
  16 | import DigitalGrid from "./scenes/DigitalGrid";
  17 | import CollectionsField from "./scenes/CollectionsField";
> 18 | import ChainsField from "./scenes/ChainsField";
     | ^^^^^^^^^^^^^^^^^^^^^^^^^^^^^^^^^^^^^^^^^^^^^^^
  19 | import RwaNode from "./scenes/RwaNode";
  20 | import UniverseField from "./scenes/UniverseField";
  21 | import NffcSystem from "./scenes/NffcSystem";

Import trace:
  Client Component Browser:
    ./components/canvas/Experience.jsx [Client Component Browser]
    ./components/canvas/ExperienceLoader.jsx [Client Component Browser]
    ./components/canvas/ExperienceLoader.jsx [Server Component]
    ./app/page.js [Server Component]

https://nextjs.org/docs/messages/module-not-found @ http://localhost:3000/_next/static/chunks/node_modules_next_dist_1e8vcs8._.js:1052
[63086492ms] [ERROR] ./components/canvas/Experience.jsx:17:1
Error: Module not found: Can't resolve './scenes/CollectionsField'
  15 | import NftEmergence from "./scenes/NftEmergence";
  16 | import DigitalGrid from "./scenes/DigitalGrid";
> 17 | import CollectionsField from "./scenes/CollectionsField";
     | ^^^^^^^^^^^^^^^^^^^^^^^^^^^^^^^^^^^^^^^^^^^^^^^^^^^^^^^^^
  18 | import ChainsField from "./scenes/ChainsField";
  19 | import RwaNode from "./scenes/RwaNode";
  20 | import UniverseField from "./scenes/UniverseField";

Import trace:
  Client Component Browser:
    ./components/canvas/Experience.jsx [Client Component Browser]
    ./components/canvas/ExperienceLoader.jsx [Client Component Browser]
    ./components/canvas/ExperienceLoader.jsx [Server Component]
    ./app/page.js [Server Component]

https://nextjs.org/docs/messages/module-not-found @ http://localhost:3000/_next/static/chunks/node_modules_next_dist_1e8vcs8._.js:1052
[63086492ms] [ERROR] ./components/canvas/Experience.jsx:22:1
Error: Module not found: Can't resolve './scenes/GalaxyConnections'
  20 | import UniverseField from "./scenes/UniverseField";
  21 | import NffcSystem from "./scenes/NffcSystem";
> 22 | import GalaxyConnections from "./scenes/GalaxyConnections";
     | ^^^^^^^^^^^^^^^^^^^^^^^^^^^^^^^^^^^^^^^^^^^^^^^^^^^^^^^^^^^
  23 | import PostFX from "./PostFX";
  24 | import styles from "./Experience.module.css";
  25 | import { isMobile, CINEMATIC, BIGBANG } from "@/lib/tuning";

Import trace:
  Client Component Browser:
    ./components/canvas/Experience.jsx [Client Component Browser]
    ./components/canvas/ExperienceLoader.jsx [Client Component Browser]
    ./components/canvas/ExperienceLoader.jsx [Server Component]
    ./app/page.js [Server Component]

https://nextjs.org/docs/messages/module-not-found @ http://localhost:3000/_next/static/chunks/node_modules_next_dist_1e8vcs8._.js:1052
[63086492ms] [ERROR] ./components/canvas/Experience.jsx:21:1
Error: Module not found: Can't resolve './scenes/NffcSystem'
  19 | import RwaNode from "./scenes/RwaNode";
  20 | import UniverseField from "./scenes/UniverseField";
> 21 | import NffcSystem from "./scenes/NffcSystem";
     | ^^^^^^^^^^^^^^^^^^^^^^^^^^^^^^^^^^^^^^^^^^^^^
  22 | import GalaxyConnections from "./scenes/GalaxyConnections";
  23 | import PostFX from "./PostFX";
  24 | import styles from "./Experience.module.css";

Import trace:
  Client Component Browser:
    ./components/canvas/Experience.jsx [Client Component Browser]
    ./components/canvas/ExperienceLoader.jsx [Client Component Browser]
    ./components/canvas/ExperienceLoader.jsx [Server Component]
    ./app/page.js [Server Component]

https://nextjs.org/docs/messages/module-not-found @ http://localhost:3000/_next/static/chunks/node_modules_next_dist_1e8vcs8._.js:1052
[63086492ms] [ERROR] ./components/canvas/Experience.jsx:19:1
Error: Module not found: Can't resolve './scenes/RwaNode'
  17 | import CollectionsField from "./scenes/CollectionsField";
  18 | import ChainsField from "./scenes/ChainsField";
> 19 | import RwaNode from "./scenes/RwaNode";
     | ^^^^^^^^^^^^^^^^^^^^^^^^^^^^^^^^^^^^^^^
  20 | import UniverseField from "./scenes/UniverseField";
  21 | import NffcSystem from "./scenes/NffcSystem";
  22 | import GalaxyConnections from "./scenes/GalaxyConnections";

Import trace:
  Client Component Browser:
    ./components/canvas/Experience.jsx [Client Component Browser]
    ./components/canvas/ExperienceLoader.jsx [Client Component Browser]
    ./components/canvas/ExperienceLoader.jsx [Server Component]
    ./app/page.js [Server Component]

https://nextjs.org/docs/messages/module-not-found @ http://localhost:3000/_next/static/chunks/node_modules_next_dist_1e8vcs8._.js:1052
[63086492ms] [ERROR] ./app/page.js:5:1
Error: Module not found: Can't resolve '@/components/dom/ChainLabels'
  3 | import MicroHud from "@/components/dom/MicroHud";
  4 | import ChapterLettering from "@/components/dom/ChapterLettering";
> 5 | import ChainLabels from "@/components/dom/ChainLabels";
    | ^^^^^^^^^^^^^^^^^^^^^^^^^^^^^^^^^^^^^^^^^^^^^^^^^^^^^^^
  6 | import NebulaMessages from "@/components/dom/NebulaMessages";
  7 | import OrbitalRingLabels from "@/components/dom/OrbitalRingLabels";
  8 | import NffcIdentityCard from "@/components/dom/NffcIdentityCard";

Import map: aliased to relative './components/dom/ChainLabels' inside of [project]/

https://nextjs.org/docs/messages/module-not-found @ http://localhost:3000/_next/static/chunks/node_modules_next_dist_1e8vcs8._.js:1052
[63086493ms] [ERROR] ./app/page.js:9:1
Error: Module not found: Can't resolve '@/components/dom/MarketStats'
   7 | import OrbitalRingLabels from "@/components/dom/OrbitalRingLabels";
   8 | import NffcIdentityCard from "@/components/dom/NffcIdentityCard";
>  9 | import MarketStats from "@/components/dom/MarketStats";
     | ^^^^^^^^^^^^^^^^^^^^^^^^^^^^^^^^^^^^^^^^^^^^^^^^^^^^^^^
  10 | import FinalCta from "@/components/dom/FinalCta";
  11 | import Letterbox from "@/components/dom/Letterbox";
  12 | import ExperienceLoader from "@/components/canvas/ExperienceLoader";

Import map: aliased to relative './components/dom/MarketStats' inside of [project]/

https://nextjs.org/docs/messages/module-not-found @ http://localhost:3000/_next/static/chunks/node_modules_next_dist_1e8vcs8._.js:1052
[63086493ms] [ERROR] ./app/page.js:8:1
Error: Module not found: Can't resolve '@/components/dom/NffcIdentityCard'
   6 | import NebulaMessages from "@/components/dom/NebulaMessages";
   7 | import OrbitalRingLabels from "@/components/dom/OrbitalRingLabels";
>  8 | import NffcIdentityCard from "@/components/dom/NffcIdentityCard";
     | ^^^^^^^^^^^^^^^^^^^^^^^^^^^^^^^^^^^^^^^^^^^^^^^^^^^^^^^^^^^^^^^^^
   9 | import MarketStats from "@/components/dom/MarketStats";
  10 | import FinalCta from "@/components/dom/FinalCta";
  11 | import Letterbox from "@/components/dom/Letterbox";

Import map: aliased to relative './components/dom/NffcIdentityCard' inside of [project]/

https://nextjs.org/docs/messages/module-not-found @ http://localhost:3000/_next/static/chunks/node_modules_next_dist_1e8vcs8._.js:1052
[63086493ms] [ERROR] ./app/page.js:7:1
Error: Module not found: Can't resolve '@/components/dom/OrbitalRingLabels'
   5 | import ChainLabels from "@/components/dom/ChainLabels";
   6 | import NebulaMessages from "@/components/dom/NebulaMessages";
>  7 | import OrbitalRingLabels from "@/components/dom/OrbitalRingLabels";
     | ^^^^^^^^^^^^^^^^^^^^^^^^^^^^^^^^^^^^^^^^^^^^^^^^^^^^^^^^^^^^^^^^^^^
   8 | import NffcIdentityCard from "@/components/dom/NffcIdentityCard";
   9 | import MarketStats from "@/components/dom/MarketStats";
  10 | import FinalCta from "@/components/dom/FinalCta";

Import map: aliased to relative './components/dom/OrbitalRingLabels' inside of [project]/

https://nextjs.org/docs/messages/module-not-found @ http://localhost:3000/_next/static/chunks/node_modules_next_dist_1e8vcs8._.js:1052
[63103129ms] [ERROR] ./components/canvas/Experience.jsx:18:1
Error: Module not found: Can't resolve './scenes/ChainsField'
  16 | import DigitalGrid from "./scenes/DigitalGrid";
  17 | import CollectionsField from "./scenes/CollectionsField";
> 18 | import ChainsField from "./scenes/ChainsField";
     | ^^^^^^^^^^^^^^^^^^^^^^^^^^^^^^^^^^^^^^^^^^^^^^^
  19 | import RwaNode from "./scenes/RwaNode";
  20 | import UniverseField from "./scenes/UniverseField";
  21 | import NffcSystem from "./scenes/NffcSystem";

Import trace:
  Client Component Browser:
    ./components/canvas/Experience.jsx [Client Component Browser]
    ./components/canvas/ExperienceLoader.jsx [Client Component Browser]
    ./components/canvas/ExperienceLoader.jsx [Server Component]
    ./app/page.js [Server Component]

https://nextjs.org/docs/messages/module-not-found @ http://localhost:3000/_next/static/chunks/node_modules_next_dist_1e8vcs8._.js:1052
[63103129ms] [ERROR] ./components/canvas/Experience.jsx:17:1
Error: Module not found: Can't resolve './scenes/CollectionsField'
  15 | import NftEmergence from "./scenes/NftEmergence";
  16 | import DigitalGrid from "./scenes/DigitalGrid";
> 17 | import CollectionsField from "./scenes/CollectionsField";
     | ^^^^^^^^^^^^^^^^^^^^^^^^^^^^^^^^^^^^^^^^^^^^^^^^^^^^^^^^^
  18 | import ChainsField from "./scenes/ChainsField";
  19 | import RwaNode from "./scenes/RwaNode";
  20 | import UniverseField from "./scenes/UniverseField";

Import trace:
  Client Component Browser:
    ./components/canvas/Experience.jsx [Client Component Browser]
    ./components/canvas/ExperienceLoader.jsx [Client Component Browser]
    ./components/canvas/ExperienceLoader.jsx [Server Component]
    ./app/page.js [Server Component]

https://nextjs.org/docs/messages/module-not-found @ http://localhost:3000/_next/static/chunks/node_modules_next_dist_1e8vcs8._.js:1052
[63103130ms] [ERROR] ./components/canvas/Experience.jsx:22:1
Error: Module not found: Can't resolve './scenes/GalaxyConnections'
  20 | import UniverseField from "./scenes/UniverseField";
  21 | import NffcSystem from "./scenes/NffcSystem";
> 22 | import GalaxyConnections from "./scenes/GalaxyConnections";
     | ^^^^^^^^^^^^^^^^^^^^^^^^^^^^^^^^^^^^^^^^^^^^^^^^^^^^^^^^^^^
  23 | import PostFX from "./PostFX";
  24 | import styles from "./Experience.module.css";
  25 | import { isMobile, CINEMATIC, BIGBANG } from "@/lib/tuning";

Import trace:
  Client Component Browser:
    ./components/canvas/Experience.jsx [Client Component Browser]
    ./components/canvas/ExperienceLoader.jsx [Client Component Browser]
    ./components/canvas/ExperienceLoader.jsx [Server Component]
    ./app/page.js [Server Component]

https://nextjs.org/docs/messages/module-not-found @ http://localhost:3000/_next/static/chunks/node_modules_next_dist_1e8vcs8._.js:1052
[63103130ms] [ERROR] ./components/canvas/Experience.jsx:21:1
Error: Module not found: Can't resolve './scenes/NffcSystem'
  19 | import RwaNode from "./scenes/RwaNode";
  20 | import UniverseField from "./scenes/UniverseField";
> 21 | import NffcSystem from "./scenes/NffcSystem";
     | ^^^^^^^^^^^^^^^^^^^^^^^^^^^^^^^^^^^^^^^^^^^^^
  22 | import GalaxyConnections from "./scenes/GalaxyConnections";
  23 | import PostFX from "./PostFX";
  24 | import styles from "./Experience.module.css";

Import trace:
  Client Component Browser:
    ./components/canvas/Experience.jsx [Client Component Browser]
    ./components/canvas/ExperienceLoader.jsx [Client Component Browser]
    ./components/canvas/ExperienceLoader.jsx [Server Component]
    ./app/page.js [Server Component]

https://nextjs.org/docs/messages/module-not-found @ http://localhost:3000/_next/static/chunks/node_modules_next_dist_1e8vcs8._.js:1052
[63103130ms] [ERROR] ./components/canvas/Experience.jsx:19:1
Error: Module not found: Can't resolve './scenes/RwaNode'
  17 | import CollectionsField from "./scenes/CollectionsField";
  18 | import ChainsField from "./scenes/ChainsField";
> 19 | import RwaNode from "./scenes/RwaNode";
     | ^^^^^^^^^^^^^^^^^^^^^^^^^^^^^^^^^^^^^^^
  20 | import UniverseField from "./scenes/UniverseField";
  21 | import NffcSystem from "./scenes/NffcSystem";
  22 | import GalaxyConnections from "./scenes/GalaxyConnections";

Import trace:
  Client Component Browser:
    ./components/canvas/Experience.jsx [Client Component Browser]
    ./components/canvas/ExperienceLoader.jsx [Client Component Browser]
    ./components/canvas/ExperienceLoader.jsx [Server Component]
    ./app/page.js [Server Component]

https://nextjs.org/docs/messages/module-not-found @ http://localhost:3000/_next/static/chunks/node_modules_next_dist_1e8vcs8._.js:1052
[63103130ms] [ERROR] ./app/page.js:5:1
Error: Module not found: Can't resolve '@/components/dom/ChainLabels'
  3 | import MicroHud from "@/components/dom/MicroHud";
  4 | import ChapterLettering from "@/components/dom/ChapterLettering";
> 5 | import ChainLabels from "@/components/dom/ChainLabels";
    | ^^^^^^^^^^^^^^^^^^^^^^^^^^^^^^^^^^^^^^^^^^^^^^^^^^^^^^^
  6 | import NebulaMessages from "@/components/dom/NebulaMessages";
  7 | import OrbitalRingLabels from "@/components/dom/OrbitalRingLabels";
  8 | import NffcIdentityCard from "@/components/dom/NffcIdentityCard";

Import map: aliased to relative './components/dom/ChainLabels' inside of [project]/

https://nextjs.org/docs/messages/module-not-found @ http://localhost:3000/_next/static/chunks/node_modules_next_dist_1e8vcs8._.js:1052
[63103130ms] [ERROR] ./app/page.js:9:1
Error: Module not found: Can't resolve '@/components/dom/MarketStats'
   7 | import OrbitalRingLabels from "@/components/dom/OrbitalRingLabels";
   8 | import NffcIdentityCard from "@/components/dom/NffcIdentityCard";
>  9 | import MarketStats from "@/components/dom/MarketStats";
     | ^^^^^^^^^^^^^^^^^^^^^^^^^^^^^^^^^^^^^^^^^^^^^^^^^^^^^^^
  10 | import FinalCta from "@/components/dom/FinalCta";
  11 | import Letterbox from "@/components/dom/Letterbox";
  12 | import ExperienceLoader from "@/components/canvas/ExperienceLoader";

Import map: aliased to relative './components/dom/MarketStats' inside of [project]/

https://nextjs.org/docs/messages/module-not-found @ http://localhost:3000/_next/static/chunks/node_modules_next_dist_1e8vcs8._.js:1052
[63103130ms] [ERROR] ./app/page.js:8:1
Error: Module not found: Can't resolve '@/components/dom/NffcIdentityCard'
   6 | import NebulaMessages from "@/components/dom/NebulaMessages";
   7 | import OrbitalRingLabels from "@/components/dom/OrbitalRingLabels";
>  8 | import NffcIdentityCard from "@/components/dom/NffcIdentityCard";
     | ^^^^^^^^^^^^^^^^^^^^^^^^^^^^^^^^^^^^^^^^^^^^^^^^^^^^^^^^^^^^^^^^^
   9 | import MarketStats from "@/components/dom/MarketStats";
  10 | import FinalCta from "@/components/dom/FinalCta";
  11 | import Letterbox from "@/components/dom/Letterbox";

Import map: aliased to relative './components/dom/NffcIdentityCard' inside of [project]/

https://nextjs.org/docs/messages/module-not-found @ http://localhost:3000/_next/static/chunks/node_modules_next_dist_1e8vcs8._.js:1052
[63103130ms] [ERROR] ./app/page.js:7:1
Error: Module not found: Can't resolve '@/components/dom/OrbitalRingLabels'
   5 | import ChainLabels from "@/components/dom/ChainLabels";
   6 | import NebulaMessages from "@/components/dom/NebulaMessages";
>  7 | import OrbitalRingLabels from "@/components/dom/OrbitalRingLabels";
     | ^^^^^^^^^^^^^^^^^^^^^^^^^^^^^^^^^^^^^^^^^^^^^^^^^^^^^^^^^^^^^^^^^^^
   8 | import NffcIdentityCard from "@/components/dom/NffcIdentityCard";
   9 | import MarketStats from "@/components/dom/MarketStats";
  10 | import FinalCta from "@/components/dom/FinalCta";

Import map: aliased to relative './components/dom/OrbitalRingLabels' inside of [project]/

https://nextjs.org/docs/messages/module-not-found @ http://localhost:3000/_next/static/chunks/node_modules_next_dist_1e8vcs8._.js:1052
[63103173ms] [ERROR] ./components/canvas/Experience.jsx:18:1
Error: Module not found: Can't resolve './scenes/ChainsField'
  16 | import DigitalGrid from "./scenes/DigitalGrid";
  17 | import CollectionsField from "./scenes/CollectionsField";
> 18 | import ChainsField from "./scenes/ChainsField";
     | ^^^^^^^^^^^^^^^^^^^^^^^^^^^^^^^^^^^^^^^^^^^^^^^
  19 | import RwaNode from "./scenes/RwaNode";
  20 | import UniverseField from "./scenes/UniverseField";
  21 | import NffcSystem from "./scenes/NffcSystem";

Import trace:
  Client Component Browser:
    ./components/canvas/Experience.jsx [Client Component Browser]
    ./components/canvas/ExperienceLoader.jsx [Client Component Browser]
    ./components/canvas/ExperienceLoader.jsx [Server Component]
    ./app/page.js [Server Component]

https://nextjs.org/docs/messages/module-not-found @ http://localhost:3000/_next/static/chunks/node_modules_next_dist_1e8vcs8._.js:1052
[63103173ms] [ERROR] ./components/canvas/Experience.jsx:17:1
Error: Module not found: Can't resolve './scenes/CollectionsField'
  15 | import NftEmergence from "./scenes/NftEmergence";
  16 | import DigitalGrid from "./scenes/DigitalGrid";
> 17 | import CollectionsField from "./scenes/CollectionsField";
     | ^^^^^^^^^^^^^^^^^^^^^^^^^^^^^^^^^^^^^^^^^^^^^^^^^^^^^^^^^
  18 | import ChainsField from "./scenes/ChainsField";
  19 | import RwaNode from "./scenes/RwaNode";
  20 | import UniverseField from "./scenes/UniverseField";

Import trace:
  Client Component Browser:
    ./components/canvas/Experience.jsx [Client Component Browser]
    ./components/canvas/ExperienceLoader.jsx [Client Component Browser]
    ./components/canvas/ExperienceLoader.jsx [Server Component]
    ./app/page.js [Server Component]

https://nextjs.org/docs/messages/module-not-found @ http://localhost:3000/_next/static/chunks/node_modules_next_dist_1e8vcs8._.js:1052
[63103173ms] [ERROR] ./components/canvas/Experience.jsx:22:1
Error: Module not found: Can't resolve './scenes/GalaxyConnections'
  20 | import UniverseField from "./scenes/UniverseField";
  21 | import NffcSystem from "./scenes/NffcSystem";
> 22 | import GalaxyConnections from "./scenes/GalaxyConnections";
     | ^^^^^^^^^^^^^^^^^^^^^^^^^^^^^^^^^^^^^^^^^^^^^^^^^^^^^^^^^^^
  23 | import PostFX from "./PostFX";
  24 | import styles from "./Experience.module.css";
  25 | import { isMobile, CINEMATIC, BIGBANG } from "@/lib/tuning";

Import trace:
  Client Component Browser:
    ./components/canvas/Experience.jsx [Client Component Browser]
    ./components/canvas/ExperienceLoader.jsx [Client Component Browser]
    ./components/canvas/ExperienceLoader.jsx [Server Component]
    ./app/page.js [Server Component]

https://nextjs.org/docs/messages/module-not-found @ http://localhost:3000/_next/static/chunks/node_modules_next_dist_1e8vcs8._.js:1052
[63103173ms] [ERROR] ./components/canvas/Experience.jsx:21:1
Error: Module not found: Can't resolve './scenes/NffcSystem'
  19 | import RwaNode from "./scenes/RwaNode";
  20 | import UniverseField from "./scenes/UniverseField";
> 21 | import NffcSystem from "./scenes/NffcSystem";
     | ^^^^^^^^^^^^^^^^^^^^^^^^^^^^^^^^^^^^^^^^^^^^^
  22 | import GalaxyConnections from "./scenes/GalaxyConnections";
  23 | import PostFX from "./PostFX";
  24 | import styles from "./Experience.module.css";

Import trace:
  Client Component Browser:
    ./components/canvas/Experience.jsx [Client Component Browser]
    ./components/canvas/ExperienceLoader.jsx [Client Component Browser]
    ./components/canvas/ExperienceLoader.jsx [Server Component]
    ./app/page.js [Server Component]

https://nextjs.org/docs/messages/module-not-found @ http://localhost:3000/_next/static/chunks/node_modules_next_dist_1e8vcs8._.js:1052
[63103173ms] [ERROR] ./components/canvas/Experience.jsx:19:1
Error: Module not found: Can't resolve './scenes/RwaNode'
  17 | import CollectionsField from "./scenes/CollectionsField";
  18 | import ChainsField from "./scenes/ChainsField";
> 19 | import RwaNode from "./scenes/RwaNode";
     | ^^^^^^^^^^^^^^^^^^^^^^^^^^^^^^^^^^^^^^^
  20 | import UniverseField from "./scenes/UniverseField";
  21 | import NffcSystem from "./scenes/NffcSystem";
  22 | import GalaxyConnections from "./scenes/GalaxyConnections";

Import trace:
  Client Component Browser:
    ./components/canvas/Experience.jsx [Client Component Browser]
    ./components/canvas/ExperienceLoader.jsx [Client Component Browser]
    ./components/canvas/ExperienceLoader.jsx [Server Component]
    ./app/page.js [Server Component]

https://nextjs.org/docs/messages/module-not-found @ http://localhost:3000/_next/static/chunks/node_modules_next_dist_1e8vcs8._.js:1052
[63103173ms] [ERROR] ./app/page.js:5:1
Error: Module not found: Can't resolve '@/components/dom/ChainLabels'
  3 | import MicroHud from "@/components/dom/MicroHud";
  4 | import ChapterLettering from "@/components/dom/ChapterLettering";
> 5 | import ChainLabels from "@/components/dom/ChainLabels";
    | ^^^^^^^^^^^^^^^^^^^^^^^^^^^^^^^^^^^^^^^^^^^^^^^^^^^^^^^
  6 | import NebulaMessages from "@/components/dom/NebulaMessages";
  7 | import OrbitalRingLabels from "@/components/dom/OrbitalRingLabels";
  8 | import NffcIdentityCard from "@/components/dom/NffcIdentityCard";

Import map: aliased to relative './components/dom/ChainLabels' inside of [project]/

https://nextjs.org/docs/messages/module-not-found @ http://localhost:3000/_next/static/chunks/node_modules_next_dist_1e8vcs8._.js:1052
[63103173ms] [ERROR] ./app/page.js:9:1
Error: Module not found: Can't resolve '@/components/dom/MarketStats'
   7 | import OrbitalRingLabels from "@/components/dom/OrbitalRingLabels";
   8 | import NffcIdentityCard from "@/components/dom/NffcIdentityCard";
>  9 | import MarketStats from "@/components/dom/MarketStats";
     | ^^^^^^^^^^^^^^^^^^^^^^^^^^^^^^^^^^^^^^^^^^^^^^^^^^^^^^^
  10 | import FinalCta from "@/components/dom/FinalCta";
  11 | import Letterbox from "@/components/dom/Letterbox";
  12 | import ExperienceLoader from "@/components/canvas/ExperienceLoader";

Import map: aliased to relative './components/dom/MarketStats' inside of [project]/

https://nextjs.org/docs/messages/module-not-found @ http://localhost:3000/_next/static/chunks/node_modules_next_dist_1e8vcs8._.js:1052
[63103174ms] [ERROR] ./app/page.js:8:1
Error: Module not found: Can't resolve '@/components/dom/NffcIdentityCard'
   6 | import NebulaMessages from "@/components/dom/NebulaMessages";
   7 | import OrbitalRingLabels from "@/components/dom/OrbitalRingLabels";
>  8 | import NffcIdentityCard from "@/components/dom/NffcIdentityCard";
     | ^^^^^^^^^^^^^^^^^^^^^^^^^^^^^^^^^^^^^^^^^^^^^^^^^^^^^^^^^^^^^^^^^
   9 | import MarketStats from "@/components/dom/MarketStats";
  10 | import FinalCta from "@/components/dom/FinalCta";
  11 | import Letterbox from "@/components/dom/Letterbox";

Import map: aliased to relative './components/dom/NffcIdentityCard' inside of [project]/

https://nextjs.org/docs/messages/module-not-found @ http://localhost:3000/_next/static/chunks/node_modules_next_dist_1e8vcs8._.js:1052
[63103174ms] [ERROR] ./app/page.js:7:1
Error: Module not found: Can't resolve '@/components/dom/OrbitalRingLabels'
   5 | import ChainLabels from "@/components/dom/ChainLabels";
   6 | import NebulaMessages from "@/components/dom/NebulaMessages";
>  7 | import OrbitalRingLabels from "@/components/dom/OrbitalRingLabels";
     | ^^^^^^^^^^^^^^^^^^^^^^^^^^^^^^^^^^^^^^^^^^^^^^^^^^^^^^^^^^^^^^^^^^^
   8 | import NffcIdentityCard from "@/components/dom/NffcIdentityCard";
   9 | import MarketStats from "@/components/dom/MarketStats";
  10 | import FinalCta from "@/components/dom/FinalCta";

Import map: aliased to relative './components/dom/OrbitalRingLabels' inside of [project]/

https://nextjs.org/docs/messages/module-not-found @ http://localhost:3000/_next/static/chunks/node_modules_next_dist_1e8vcs8._.js:1052
[63124640ms] [ERROR] ./components/canvas/Experience.jsx:18:1
Error: Module not found: Can't resolve './scenes/ChainsField'
  16 | import DigitalGrid from "./scenes/DigitalGrid";
  17 | import CollectionsField from "./scenes/CollectionsField";
> 18 | import ChainsField from "./scenes/ChainsField";
     | ^^^^^^^^^^^^^^^^^^^^^^^^^^^^^^^^^^^^^^^^^^^^^^^
  19 | import RwaNode from "./scenes/RwaNode";
  20 | import UniverseField from "./scenes/UniverseField";
  21 | import NffcSystem from "./scenes/NffcSystem";

Import trace:
  Client Component Browser:
    ./components/canvas/Experience.jsx [Client Component Browser]
    ./components/canvas/ExperienceLoader.jsx [Client Component Browser]
    ./components/canvas/ExperienceLoader.jsx [Server Component]
    ./app/page.js [Server Component]

https://nextjs.org/docs/messages/module-not-found @ http://localhost:3000/_next/static/chunks/node_modules_next_dist_1e8vcs8._.js:1052
[63124640ms] [ERROR] ./components/canvas/Experience.jsx:17:1
Error: Module not found: Can't resolve './scenes/CollectionsField'
  15 | import NftEmergence from "./scenes/NftEmergence";
  16 | import DigitalGrid from "./scenes/DigitalGrid";
> 17 | import CollectionsField from "./scenes/CollectionsField";
     | ^^^^^^^^^^^^^^^^^^^^^^^^^^^^^^^^^^^^^^^^^^^^^^^^^^^^^^^^^
  18 | import ChainsField from "./scenes/ChainsField";
  19 | import RwaNode from "./scenes/RwaNode";
  20 | import UniverseField from "./scenes/UniverseField";

Import trace:
  Client Component Browser:
    ./components/canvas/Experience.jsx [Client Component Browser]
    ./components/canvas/ExperienceLoader.jsx [Client Component Browser]
    ./components/canvas/ExperienceLoader.jsx [Server Component]
    ./app/page.js [Server Component]

https://nextjs.org/docs/messages/module-not-found @ http://localhost:3000/_next/static/chunks/node_modules_next_dist_1e8vcs8._.js:1052
[63124641ms] [ERROR] ./components/canvas/Experience.jsx:22:1
Error: Module not found: Can't resolve './scenes/GalaxyConnections'
  20 | import UniverseField from "./scenes/UniverseField";
  21 | import NffcSystem from "./scenes/NffcSystem";
> 22 | import GalaxyConnections from "./scenes/GalaxyConnections";
     | ^^^^^^^^^^^^^^^^^^^^^^^^^^^^^^^^^^^^^^^^^^^^^^^^^^^^^^^^^^^
  23 | import PostFX from "./PostFX";
  24 | import styles from "./Experience.module.css";
  25 | import { isMobile, CINEMATIC, BIGBANG } from "@/lib/tuning";

Import trace:
  Client Component Browser:
    ./components/canvas/Experience.jsx [Client Component Browser]
    ./components/canvas/ExperienceLoader.jsx [Client Component Browser]
    ./components/canvas/ExperienceLoader.jsx [Server Component]
    ./app/page.js [Server Component]

https://nextjs.org/docs/messages/module-not-found @ http://localhost:3000/_next/static/chunks/node_modules_next_dist_1e8vcs8._.js:1052
[63124642ms] [ERROR] ./components/canvas/Experience.jsx:21:1
Error: Module not found: Can't resolve './scenes/NffcSystem'
  19 | import RwaNode from "./scenes/RwaNode";
  20 | import UniverseField from "./scenes/UniverseField";
> 21 | import NffcSystem from "./scenes/NffcSystem";
     | ^^^^^^^^^^^^^^^^^^^^^^^^^^^^^^^^^^^^^^^^^^^^^
  22 | import GalaxyConnections from "./scenes/GalaxyConnections";
  23 | import PostFX from "./PostFX";
  24 | import styles from "./Experience.module.css";

Import trace:
  Client Component Browser:
    ./components/canvas/Experience.jsx [Client Component Browser]
    ./components/canvas/ExperienceLoader.jsx [Client Component Browser]
    ./components/canvas/ExperienceLoader.jsx [Server Component]
    ./app/page.js [Server Component]

https://nextjs.org/docs/messages/module-not-found @ http://localhost:3000/_next/static/chunks/node_modules_next_dist_1e8vcs8._.js:1052
[63124642ms] [ERROR] ./components/canvas/Experience.jsx:19:1
Error: Module not found: Can't resolve './scenes/RwaNode'
  17 | import CollectionsField from "./scenes/CollectionsField";
  18 | import ChainsField from "./scenes/ChainsField";
> 19 | import RwaNode from "./scenes/RwaNode";
     | ^^^^^^^^^^^^^^^^^^^^^^^^^^^^^^^^^^^^^^^
  20 | import UniverseField from "./scenes/UniverseField";
  21 | import NffcSystem from "./scenes/NffcSystem";
  22 | import GalaxyConnections from "./scenes/GalaxyConnections";

Import trace:
  Client Component Browser:
    ./components/canvas/Experience.jsx [Client Component Browser]
    ./components/canvas/ExperienceLoader.jsx [Client Component Browser]
    ./components/canvas/ExperienceLoader.jsx [Server Component]
    ./app/page.js [Server Component]

https://nextjs.org/docs/messages/module-not-found @ http://localhost:3000/_next/static/chunks/node_modules_next_dist_1e8vcs8._.js:1052
[63124643ms] [ERROR] ./app/page.js:5:1
Error: Module not found: Can't resolve '@/components/dom/ChainLabels'
  3 | import MicroHud from "@/components/dom/MicroHud";
  4 | import ChapterLettering from "@/components/dom/ChapterLettering";
> 5 | import ChainLabels from "@/components/dom/ChainLabels";
    | ^^^^^^^^^^^^^^^^^^^^^^^^^^^^^^^^^^^^^^^^^^^^^^^^^^^^^^^
  6 | import NebulaMessages from "@/components/dom/NebulaMessages";
  7 | import OrbitalRingLabels from "@/components/dom/OrbitalRingLabels";
  8 | import NffcIdentityCard from "@/components/dom/NffcIdentityCard";

Import map: aliased to relative './components/dom/ChainLabels' inside of [project]/

https://nextjs.org/docs/messages/module-not-found @ http://localhost:3000/_next/static/chunks/node_modules_next_dist_1e8vcs8._.js:1052
[63124643ms] [ERROR] ./app/page.js:9:1
Error: Module not found: Can't resolve '@/components/dom/MarketStats'
   7 | import OrbitalRingLabels from "@/components/dom/OrbitalRingLabels";
   8 | import NffcIdentityCard from "@/components/dom/NffcIdentityCard";
>  9 | import MarketStats from "@/components/dom/MarketStats";
     | ^^^^^^^^^^^^^^^^^^^^^^^^^^^^^^^^^^^^^^^^^^^^^^^^^^^^^^^
  10 | import FinalCta from "@/components/dom/FinalCta";
  11 | import Letterbox from "@/components/dom/Letterbox";
  12 | import ExperienceLoader from "@/components/canvas/ExperienceLoader";

Import map: aliased to relative './components/dom/MarketStats' inside of [project]/

https://nextjs.org/docs/messages/module-not-found @ http://localhost:3000/_next/static/chunks/node_modules_next_dist_1e8vcs8._.js:1052
[63124643ms] [ERROR] ./app/page.js:8:1
Error: Module not found: Can't resolve '@/components/dom/NffcIdentityCard'
   6 | import NebulaMessages from "@/components/dom/NebulaMessages";
   7 | import OrbitalRingLabels from "@/components/dom/OrbitalRingLabels";
>  8 | import NffcIdentityCard from "@/components/dom/NffcIdentityCard";
     | ^^^^^^^^^^^^^^^^^^^^^^^^^^^^^^^^^^^^^^^^^^^^^^^^^^^^^^^^^^^^^^^^^
   9 | import MarketStats from "@/components/dom/MarketStats";
  10 | import FinalCta from "@/components/dom/FinalCta";
  11 | import Letterbox from "@/components/dom/Letterbox";

Import map: aliased to relative './components/dom/NffcIdentityCard' inside of [project]/

https://nextjs.org/docs/messages/module-not-found @ http://localhost:3000/_next/static/chunks/node_modules_next_dist_1e8vcs8._.js:1052
[63124643ms] [ERROR] ./app/page.js:7:1
Error: Module not found: Can't resolve '@/components/dom/OrbitalRingLabels'
   5 | import ChainLabels from "@/components/dom/ChainLabels";
   6 | import NebulaMessages from "@/components/dom/NebulaMessages";
>  7 | import OrbitalRingLabels from "@/components/dom/OrbitalRingLabels";
     | ^^^^^^^^^^^^^^^^^^^^^^^^^^^^^^^^^^^^^^^^^^^^^^^^^^^^^^^^^^^^^^^^^^^
   8 | import NffcIdentityCard from "@/components/dom/NffcIdentityCard";
   9 | import MarketStats from "@/components/dom/MarketStats";
  10 | import FinalCta from "@/components/dom/FinalCta";

Import map: aliased to relative './components/dom/OrbitalRingLabels' inside of [project]/

https://nextjs.org/docs/messages/module-not-found @ http://localhost:3000/_next/static/chunks/node_modules_next_dist_1e8vcs8._.js:1052
[63124767ms] [ERROR] ./components/canvas/Experience.jsx:18:1
Error: Module not found: Can't resolve './scenes/ChainsField'
  16 | import DigitalGrid from "./scenes/DigitalGrid";
  17 | import CollectionsField from "./scenes/CollectionsField";
> 18 | import ChainsField from "./scenes/ChainsField";
     | ^^^^^^^^^^^^^^^^^^^^^^^^^^^^^^^^^^^^^^^^^^^^^^^
  19 | import RwaNode from "./scenes/RwaNode";
  20 | import UniverseField from "./scenes/UniverseField";
  21 | import NffcSystem from "./scenes/NffcSystem";

Import trace:
  Client Component Browser:
    ./components/canvas/Experience.jsx [Client Component Browser]
    ./components/canvas/ExperienceLoader.jsx [Client Component Browser]
    ./components/canvas/ExperienceLoader.jsx [Server Component]
    ./app/page.js [Server Component]

https://nextjs.org/docs/messages/module-not-found @ http://localhost:3000/_next/static/chunks/node_modules_next_dist_1e8vcs8._.js:1052
[63124767ms] [ERROR] ./components/canvas/Experience.jsx:17:1
Error: Module not found: Can't resolve './scenes/CollectionsField'
  15 | import NftEmergence from "./scenes/NftEmergence";
  16 | import DigitalGrid from "./scenes/DigitalGrid";
> 17 | import CollectionsField from "./scenes/CollectionsField";
     | ^^^^^^^^^^^^^^^^^^^^^^^^^^^^^^^^^^^^^^^^^^^^^^^^^^^^^^^^^
  18 | import ChainsField from "./scenes/ChainsField";
  19 | import RwaNode from "./scenes/RwaNode";
  20 | import UniverseField from "./scenes/UniverseField";

Import trace:
  Client Component Browser:
    ./components/canvas/Experience.jsx [Client Component Browser]
    ./components/canvas/ExperienceLoader.jsx [Client Component Browser]
    ./components/canvas/ExperienceLoader.jsx [Server Component]
    ./app/page.js [Server Component]

https://nextjs.org/docs/messages/module-not-found @ http://localhost:3000/_next/static/chunks/node_modules_next_dist_1e8vcs8._.js:1052
[63124767ms] [ERROR] ./components/canvas/Experience.jsx:22:1
Error: Module not found: Can't resolve './scenes/GalaxyConnections'
  20 | import UniverseField from "./scenes/UniverseField";
  21 | import NffcSystem from "./scenes/NffcSystem";
> 22 | import GalaxyConnections from "./scenes/GalaxyConnections";
     | ^^^^^^^^^^^^^^^^^^^^^^^^^^^^^^^^^^^^^^^^^^^^^^^^^^^^^^^^^^^
  23 | import PostFX from "./PostFX";
  24 | import styles from "./Experience.module.css";
  25 | import { isMobile, CINEMATIC, BIGBANG } from "@/lib/tuning";

Import trace:
  Client Component Browser:
    ./components/canvas/Experience.jsx [Client Component Browser]
    ./components/canvas/ExperienceLoader.jsx [Client Component Browser]
    ./components/canvas/ExperienceLoader.jsx [Server Component]
    ./app/page.js [Server Component]

https://nextjs.org/docs/messages/module-not-found @ http://localhost:3000/_next/static/chunks/node_modules_next_dist_1e8vcs8._.js:1052
[63124767ms] [ERROR] ./components/canvas/Experience.jsx:21:1
Error: Module not found: Can't resolve './scenes/NffcSystem'
  19 | import RwaNode from "./scenes/RwaNode";
  20 | import UniverseField from "./scenes/UniverseField";
> 21 | import NffcSystem from "./scenes/NffcSystem";
     | ^^^^^^^^^^^^^^^^^^^^^^^^^^^^^^^^^^^^^^^^^^^^^
  22 | import GalaxyConnections from "./scenes/GalaxyConnections";
  23 | import PostFX from "./PostFX";
  24 | import styles from "./Experience.module.css";

Import trace:
  Client Component Browser:
    ./components/canvas/Experience.jsx [Client Component Browser]
    ./components/canvas/ExperienceLoader.jsx [Client Component Browser]
    ./components/canvas/ExperienceLoader.jsx [Server Component]
    ./app/page.js [Server Component]

https://nextjs.org/docs/messages/module-not-found @ http://localhost:3000/_next/static/chunks/node_modules_next_dist_1e8vcs8._.js:1052
[63124767ms] [ERROR] ./components/canvas/Experience.jsx:19:1
Error: Module not found: Can't resolve './scenes/RwaNode'
  17 | import CollectionsField from "./scenes/CollectionsField";
  18 | import ChainsField from "./scenes/ChainsField";
> 19 | import RwaNode from "./scenes/RwaNode";
     | ^^^^^^^^^^^^^^^^^^^^^^^^^^^^^^^^^^^^^^^
  20 | import UniverseField from "./scenes/UniverseField";
  21 | import NffcSystem from "./scenes/NffcSystem";
  22 | import GalaxyConnections from "./scenes/GalaxyConnections";

Import trace:
  Client Component Browser:
    ./components/canvas/Experience.jsx [Client Component Browser]
    ./components/canvas/ExperienceLoader.jsx [Client Component Browser]
    ./components/canvas/ExperienceLoader.jsx [Server Component]
    ./app/page.js [Server Component]

https://nextjs.org/docs/messages/module-not-found @ http://localhost:3000/_next/static/chunks/node_modules_next_dist_1e8vcs8._.js:1052
[63124767ms] [ERROR] ./app/page.js:5:1
Error: Module not found: Can't resolve '@/components/dom/ChainLabels'
  3 | import MicroHud from "@/components/dom/MicroHud";
  4 | import ChapterLettering from "@/components/dom/ChapterLettering";
> 5 | import ChainLabels from "@/components/dom/ChainLabels";
    | ^^^^^^^^^^^^^^^^^^^^^^^^^^^^^^^^^^^^^^^^^^^^^^^^^^^^^^^
  6 | import NebulaMessages from "@/components/dom/NebulaMessages";
  7 | import OrbitalRingLabels from "@/components/dom/OrbitalRingLabels";
  8 | import NffcIdentityCard from "@/components/dom/NffcIdentityCard";

Import map: aliased to relative './components/dom/ChainLabels' inside of [project]/

https://nextjs.org/docs/messages/module-not-found @ http://localhost:3000/_next/static/chunks/node_modules_next_dist_1e8vcs8._.js:1052
[63124768ms] [ERROR] ./app/page.js:9:1
Error: Module not found: Can't resolve '@/components/dom/MarketStats'
   7 | import OrbitalRingLabels from "@/components/dom/OrbitalRingLabels";
   8 | import NffcIdentityCard from "@/components/dom/NffcIdentityCard";
>  9 | import MarketStats from "@/components/dom/MarketStats";
     | ^^^^^^^^^^^^^^^^^^^^^^^^^^^^^^^^^^^^^^^^^^^^^^^^^^^^^^^
  10 | import FinalCta from "@/components/dom/FinalCta";
  11 | import Letterbox from "@/components/dom/Letterbox";
  12 | import ExperienceLoader from "@/components/canvas/ExperienceLoader";

Import map: aliased to relative './components/dom/MarketStats' inside of [project]/

https://nextjs.org/docs/messages/module-not-found @ http://localhost:3000/_next/static/chunks/node_modules_next_dist_1e8vcs8._.js:1052
[63124768ms] [ERROR] ./app/page.js:8:1
Error: Module not found: Can't resolve '@/components/dom/NffcIdentityCard'
   6 | import NebulaMessages from "@/components/dom/NebulaMessages";
   7 | import OrbitalRingLabels from "@/components/dom/OrbitalRingLabels";
>  8 | import NffcIdentityCard from "@/components/dom/NffcIdentityCard";
     | ^^^^^^^^^^^^^^^^^^^^^^^^^^^^^^^^^^^^^^^^^^^^^^^^^^^^^^^^^^^^^^^^^
   9 | import MarketStats from "@/components/dom/MarketStats";
  10 | import FinalCta from "@/components/dom/FinalCta";
  11 | import Letterbox from "@/components/dom/Letterbox";

Import map: aliased to relative './components/dom/NffcIdentityCard' inside of [project]/

https://nextjs.org/docs/messages/module-not-found @ http://localhost:3000/_next/static/chunks/node_modules_next_dist_1e8vcs8._.js:1052
[63124768ms] [ERROR] ./app/page.js:7:1
Error: Module not found: Can't resolve '@/components/dom/OrbitalRingLabels'
   5 | import ChainLabels from "@/components/dom/ChainLabels";
   6 | import NebulaMessages from "@/components/dom/NebulaMessages";
>  7 | import OrbitalRingLabels from "@/components/dom/OrbitalRingLabels";
     | ^^^^^^^^^^^^^^^^^^^^^^^^^^^^^^^^^^^^^^^^^^^^^^^^^^^^^^^^^^^^^^^^^^^
   8 | import NffcIdentityCard from "@/components/dom/NffcIdentityCard";
   9 | import MarketStats from "@/components/dom/MarketStats";
  10 | import FinalCta from "@/components/dom/FinalCta";

Import map: aliased to relative './components/dom/OrbitalRingLabels' inside of [project]/

https://nextjs.org/docs/messages/module-not-found @ http://localhost:3000/_next/static/chunks/node_modules_next_dist_1e8vcs8._.js:1052
[63124810ms] [LOG] [Fast Refresh] rebuilding @ http://localhost:3000/_next/static/chunks/node_modules_next_dist_1e8vcs8._.js:776
[63160633ms] [ERROR] ./components/canvas/Experience.jsx:18:1
Error: Module not found: Can't resolve './scenes/ChainsField'
  16 | import DigitalGrid from "./scenes/DigitalGrid";
  17 | import CollectionsField from "./scenes/CollectionsField";
> 18 | import ChainsField from "./scenes/ChainsField";
     | ^^^^^^^^^^^^^^^^^^^^^^^^^^^^^^^^^^^^^^^^^^^^^^^
  19 | import RwaNode from "./scenes/RwaNode";
  20 | import UniverseField from "./scenes/UniverseField";
  21 | import NffcSystem from "./scenes/NffcSystem";

Import trace:
  Client Component Browser:
    ./components/canvas/Experience.jsx [Client Component Browser]
    ./components/canvas/ExperienceLoader.jsx [Client Component Browser]
    ./components/canvas/ExperienceLoader.jsx [Server Component]
    ./app/page.js [Server Component]

https://nextjs.org/docs/messages/module-not-found @ http://localhost:3000/_next/static/chunks/node_modules_next_dist_1e8vcs8._.js:1052
[63160633ms] [ERROR] ./components/canvas/Experience.jsx:17:1
Error: Module not found: Can't resolve './scenes/CollectionsField'
  15 | import NftEmergence from "./scenes/NftEmergence";
  16 | import DigitalGrid from "./scenes/DigitalGrid";
> 17 | import CollectionsField from "./scenes/CollectionsField";
     | ^^^^^^^^^^^^^^^^^^^^^^^^^^^^^^^^^^^^^^^^^^^^^^^^^^^^^^^^^
  18 | import ChainsField from "./scenes/ChainsField";
  19 | import RwaNode from "./scenes/RwaNode";
  20 | import UniverseField from "./scenes/UniverseField";

Import trace:
  Client Component Browser:
    ./components/canvas/Experience.jsx [Client Component Browser]
    ./components/canvas/ExperienceLoader.jsx [Client Component Browser]
    ./components/canvas/ExperienceLoader.jsx [Server Component]
    ./app/page.js [Server Component]

https://nextjs.org/docs/messages/module-not-found @ http://localhost:3000/_next/static/chunks/node_modules_next_dist_1e8vcs8._.js:1052
[63160633ms] [ERROR] ./components/canvas/Experience.jsx:22:1
Error: Module not found: Can't resolve './scenes/GalaxyConnections'
  20 | import UniverseField from "./scenes/UniverseField";
  21 | import NffcSystem from "./scenes/NffcSystem";
> 22 | import GalaxyConnections from "./scenes/GalaxyConnections";
     | ^^^^^^^^^^^^^^^^^^^^^^^^^^^^^^^^^^^^^^^^^^^^^^^^^^^^^^^^^^^
  23 | import PostFX from "./PostFX";
  24 | import styles from "./Experience.module.css";
  25 | import { isMobile, CINEMATIC, BIGBANG } from "@/lib/tuning";

Import trace:
  Client Component Browser:
    ./components/canvas/Experience.jsx [Client Component Browser]
    ./components/canvas/ExperienceLoader.jsx [Client Component Browser]
    ./components/canvas/ExperienceLoader.jsx [Server Component]
    ./app/page.js [Server Component]

https://nextjs.org/docs/messages/module-not-found @ http://localhost:3000/_next/static/chunks/node_modules_next_dist_1e8vcs8._.js:1052
[63160633ms] [ERROR] ./components/canvas/Experience.jsx:21:1
Error: Module not found: Can't resolve './scenes/NffcSystem'
  19 | import RwaNode from "./scenes/RwaNode";
  20 | import UniverseField from "./scenes/UniverseField";
> 21 | import NffcSystem from "./scenes/NffcSystem";
     | ^^^^^^^^^^^^^^^^^^^^^^^^^^^^^^^^^^^^^^^^^^^^^
  22 | import GalaxyConnections from "./scenes/GalaxyConnections";
  23 | import PostFX from "./PostFX";
  24 | import styles from "./Experience.module.css";

Import trace:
  Client Component Browser:
    ./components/canvas/Experience.jsx [Client Component Browser]
    ./components/canvas/ExperienceLoader.jsx [Client Component Browser]
    ./components/canvas/ExperienceLoader.jsx [Server Component]
    ./app/page.js [Server Component]

https://nextjs.org/docs/messages/module-not-found @ http://localhost:3000/_next/static/chunks/node_modules_next_dist_1e8vcs8._.js:1052
[63160633ms] [ERROR] ./components/canvas/Experience.jsx:19:1
Error: Module not found: Can't resolve './scenes/RwaNode'
  17 | import CollectionsField from "./scenes/CollectionsField";
  18 | import ChainsField from "./scenes/ChainsField";
> 19 | import RwaNode from "./scenes/RwaNode";
     | ^^^^^^^^^^^^^^^^^^^^^^^^^^^^^^^^^^^^^^^
  20 | import UniverseField from "./scenes/UniverseField";
  21 | import NffcSystem from "./scenes/NffcSystem";
  22 | import GalaxyConnections from "./scenes/GalaxyConnections";

Import trace:
  Client Component Browser:
    ./components/canvas/Experience.jsx [Client Component Browser]
    ./components/canvas/ExperienceLoader.jsx [Client Component Browser]
    ./components/canvas/ExperienceLoader.jsx [Server Component]
    ./app/page.js [Server Component]

https://nextjs.org/docs/messages/module-not-found @ http://localhost:3000/_next/static/chunks/node_modules_next_dist_1e8vcs8._.js:1052
[63160634ms] [ERROR] ./app/page.js:5:1
Error: Module not found: Can't resolve '@/components/dom/ChainLabels'
  3 | import MicroHud from "@/components/dom/MicroHud";
  4 | import ChapterLettering from "@/components/dom/ChapterLettering";
> 5 | import ChainLabels from "@/components/dom/ChainLabels";
    | ^^^^^^^^^^^^^^^^^^^^^^^^^^^^^^^^^^^^^^^^^^^^^^^^^^^^^^^
  6 | import NebulaMessages from "@/components/dom/NebulaMessages";
  7 | import OrbitalRingLabels from "@/components/dom/OrbitalRingLabels";
  8 | import NffcIdentityCard from "@/components/dom/NffcIdentityCard";

Import map: aliased to relative './components/dom/ChainLabels' inside of [project]/

https://nextjs.org/docs/messages/module-not-found @ http://localhost:3000/_next/static/chunks/node_modules_next_dist_1e8vcs8._.js:1052
[63160634ms] [ERROR] ./app/page.js:9:1
Error: Module not found: Can't resolve '@/components/dom/MarketStats'
   7 | import OrbitalRingLabels from "@/components/dom/OrbitalRingLabels";
   8 | import NffcIdentityCard from "@/components/dom/NffcIdentityCard";
>  9 | import MarketStats from "@/components/dom/MarketStats";
     | ^^^^^^^^^^^^^^^^^^^^^^^^^^^^^^^^^^^^^^^^^^^^^^^^^^^^^^^
  10 | import FinalCta from "@/components/dom/FinalCta";
  11 | import Letterbox from "@/components/dom/Letterbox";
  12 | import ExperienceLoader from "@/components/canvas/ExperienceLoader";

Import map: aliased to relative './components/dom/MarketStats' inside of [project]/

https://nextjs.org/docs/messages/module-not-found @ http://localhost:3000/_next/static/chunks/node_modules_next_dist_1e8vcs8._.js:1052
[63160634ms] [ERROR] ./app/page.js:8:1
Error: Module not found: Can't resolve '@/components/dom/NffcIdentityCard'
   6 | import NebulaMessages from "@/components/dom/NebulaMessages";
   7 | import OrbitalRingLabels from "@/components/dom/OrbitalRingLabels";
>  8 | import NffcIdentityCard from "@/components/dom/NffcIdentityCard";
     | ^^^^^^^^^^^^^^^^^^^^^^^^^^^^^^^^^^^^^^^^^^^^^^^^^^^^^^^^^^^^^^^^^
   9 | import MarketStats from "@/components/dom/MarketStats";
  10 | import FinalCta from "@/components/dom/FinalCta";
  11 | import Letterbox from "@/components/dom/Letterbox";

Import map: aliased to relative './components/dom/NffcIdentityCard' inside of [project]/

https://nextjs.org/docs/messages/module-not-found @ http://localhost:3000/_next/static/chunks/node_modules_next_dist_1e8vcs8._.js:1052
[63160634ms] [ERROR] ./app/page.js:7:1
Error: Module not found: Can't resolve '@/components/dom/OrbitalRingLabels'
   5 | import ChainLabels from "@/components/dom/ChainLabels";
   6 | import NebulaMessages from "@/components/dom/NebulaMessages";
>  7 | import OrbitalRingLabels from "@/components/dom/OrbitalRingLabels";
     | ^^^^^^^^^^^^^^^^^^^^^^^^^^^^^^^^^^^^^^^^^^^^^^^^^^^^^^^^^^^^^^^^^^^
   8 | import NffcIdentityCard from "@/components/dom/NffcIdentityCard";
   9 | import MarketStats from "@/components/dom/MarketStats";
  10 | import FinalCta from "@/components/dom/FinalCta";

Import map: aliased to relative './components/dom/OrbitalRingLabels' inside of [project]/

https://nextjs.org/docs/messages/module-not-found @ http://localhost:3000/_next/static/chunks/node_modules_next_dist_1e8vcs8._.js:1052
[63160743ms] [ERROR] ./components/canvas/Experience.jsx:18:1
Error: Module not found: Can't resolve './scenes/ChainsField'
  16 | import DigitalGrid from "./scenes/DigitalGrid";
  17 | import CollectionsField from "./scenes/CollectionsField";
> 18 | import ChainsField from "./scenes/ChainsField";
     | ^^^^^^^^^^^^^^^^^^^^^^^^^^^^^^^^^^^^^^^^^^^^^^^
  19 | import RwaNode from "./scenes/RwaNode";
  20 | import UniverseField from "./scenes/UniverseField";
  21 | import NffcSystem from "./scenes/NffcSystem";

Import trace:
  Client Component Browser:
    ./components/canvas/Experience.jsx [Client Component Browser]
    ./components/canvas/ExperienceLoader.jsx [Client Component Browser]
    ./components/canvas/ExperienceLoader.jsx [Server Component]
    ./app/page.js [Server Component]

https://nextjs.org/docs/messages/module-not-found @ http://localhost:3000/_next/static/chunks/node_modules_next_dist_1e8vcs8._.js:1052
[63160744ms] [ERROR] ./components/canvas/Experience.jsx:17:1
Error: Module not found: Can't resolve './scenes/CollectionsField'
  15 | import NftEmergence from "./scenes/NftEmergence";
  16 | import DigitalGrid from "./scenes/DigitalGrid";
> 17 | import CollectionsField from "./scenes/CollectionsField";
     | ^^^^^^^^^^^^^^^^^^^^^^^^^^^^^^^^^^^^^^^^^^^^^^^^^^^^^^^^^
  18 | import ChainsField from "./scenes/ChainsField";
  19 | import RwaNode from "./scenes/RwaNode";
  20 | import UniverseField from "./scenes/UniverseField";

Import trace:
  Client Component Browser:
    ./components/canvas/Experience.jsx [Client Component Browser]
    ./components/canvas/ExperienceLoader.jsx [Client Component Browser]
    ./components/canvas/ExperienceLoader.jsx [Server Component]
    ./app/page.js [Server Component]

https://nextjs.org/docs/messages/module-not-found @ http://localhost:3000/_next/static/chunks/node_modules_next_dist_1e8vcs8._.js:1052
[63160744ms] [ERROR] ./components/canvas/Experience.jsx:22:1
Error: Module not found: Can't resolve './scenes/GalaxyConnections'
  20 | import UniverseField from "./scenes/UniverseField";
  21 | import NffcSystem from "./scenes/NffcSystem";
> 22 | import GalaxyConnections from "./scenes/GalaxyConnections";
     | ^^^^^^^^^^^^^^^^^^^^^^^^^^^^^^^^^^^^^^^^^^^^^^^^^^^^^^^^^^^
  23 | import PostFX from "./PostFX";
  24 | import styles from "./Experience.module.css";
  25 | import { isMobile, CINEMATIC, BIGBANG } from "@/lib/tuning";

Import trace:
  Client Component Browser:
    ./components/canvas/Experience.jsx [Client Component Browser]
    ./components/canvas/ExperienceLoader.jsx [Client Component Browser]
    ./components/canvas/ExperienceLoader.jsx [Server Component]
    ./app/page.js [Server Component]

https://nextjs.org/docs/messages/module-not-found @ http://localhost:3000/_next/static/chunks/node_modules_next_dist_1e8vcs8._.js:1052
[63160744ms] [ERROR] ./components/canvas/Experience.jsx:21:1
Error: Module not found: Can't resolve './scenes/NffcSystem'
  19 | import RwaNode from "./scenes/RwaNode";
  20 | import UniverseField from "./scenes/UniverseField";
> 21 | import NffcSystem from "./scenes/NffcSystem";
     | ^^^^^^^^^^^^^^^^^^^^^^^^^^^^^^^^^^^^^^^^^^^^^
  22 | import GalaxyConnections from "./scenes/GalaxyConnections";
  23 | import PostFX from "./PostFX";
  24 | import styles from "./Experience.module.css";

Import trace:
  Client Component Browser:
    ./components/canvas/Experience.jsx [Client Component Browser]
    ./components/canvas/ExperienceLoader.jsx [Client Component Browser]
    ./components/canvas/ExperienceLoader.jsx [Server Component]
    ./app/page.js [Server Component]

https://nextjs.org/docs/messages/module-not-found @ http://localhost:3000/_next/static/chunks/node_modules_next_dist_1e8vcs8._.js:1052
[63160744ms] [ERROR] ./components/canvas/Experience.jsx:19:1
Error: Module not found: Can't resolve './scenes/RwaNode'
  17 | import CollectionsField from "./scenes/CollectionsField";
  18 | import ChainsField from "./scenes/ChainsField";
> 19 | import RwaNode from "./scenes/RwaNode";
     | ^^^^^^^^^^^^^^^^^^^^^^^^^^^^^^^^^^^^^^^
  20 | import UniverseField from "./scenes/UniverseField";
  21 | import NffcSystem from "./scenes/NffcSystem";
  22 | import GalaxyConnections from "./scenes/GalaxyConnections";

Import trace:
  Client Component Browser:
    ./components/canvas/Experience.jsx [Client Component Browser]
    ./components/canvas/ExperienceLoader.jsx [Client Component Browser]
    ./components/canvas/ExperienceLoader.jsx [Server Component]
    ./app/page.js [Server Component]

https://nextjs.org/docs/messages/module-not-found @ http://localhost:3000/_next/static/chunks/node_modules_next_dist_1e8vcs8._.js:1052
[63160744ms] [ERROR] ./app/page.js:5:1
Error: Module not found: Can't resolve '@/components/dom/ChainLabels'
  3 | import MicroHud from "@/components/dom/MicroHud";
  4 | import ChapterLettering from "@/components/dom/ChapterLettering";
> 5 | import ChainLabels from "@/components/dom/ChainLabels";
    | ^^^^^^^^^^^^^^^^^^^^^^^^^^^^^^^^^^^^^^^^^^^^^^^^^^^^^^^
  6 | import NebulaMessages from "@/components/dom/NebulaMessages";
  7 | import OrbitalRingLabels from "@/components/dom/OrbitalRingLabels";
  8 | import NffcIdentityCard from "@/components/dom/NffcIdentityCard";

Import map: aliased to relative './components/dom/ChainLabels' inside of [project]/

https://nextjs.org/docs/messages/module-not-found @ http://localhost:3000/_next/static/chunks/node_modules_next_dist_1e8vcs8._.js:1052
[63160744ms] [ERROR] ./app/page.js:9:1
Error: Module not found: Can't resolve '@/components/dom/MarketStats'
   7 | import OrbitalRingLabels from "@/components/dom/OrbitalRingLabels";
   8 | import NffcIdentityCard from "@/components/dom/NffcIdentityCard";
>  9 | import MarketStats from "@/components/dom/MarketStats";
     | ^^^^^^^^^^^^^^^^^^^^^^^^^^^^^^^^^^^^^^^^^^^^^^^^^^^^^^^
  10 | import FinalCta from "@/components/dom/FinalCta";
  11 | import Letterbox from "@/components/dom/Letterbox";
  12 | import ExperienceLoader from "@/components/canvas/ExperienceLoader";

Import map: aliased to relative './components/dom/MarketStats' inside of [project]/

https://nextjs.org/docs/messages/module-not-found @ http://localhost:3000/_next/static/chunks/node_modules_next_dist_1e8vcs8._.js:1052
[63160744ms] [ERROR] ./app/page.js:8:1
Error: Module not found: Can't resolve '@/components/dom/NffcIdentityCard'
   6 | import NebulaMessages from "@/components/dom/NebulaMessages";
   7 | import OrbitalRingLabels from "@/components/dom/OrbitalRingLabels";
>  8 | import NffcIdentityCard from "@/components/dom/NffcIdentityCard";
     | ^^^^^^^^^^^^^^^^^^^^^^^^^^^^^^^^^^^^^^^^^^^^^^^^^^^^^^^^^^^^^^^^^
   9 | import MarketStats from "@/components/dom/MarketStats";
  10 | import FinalCta from "@/components/dom/FinalCta";
  11 | import Letterbox from "@/components/dom/Letterbox";

Import map: aliased to relative './components/dom/NffcIdentityCard' inside of [project]/

https://nextjs.org/docs/messages/module-not-found @ http://localhost:3000/_next/static/chunks/node_modules_next_dist_1e8vcs8._.js:1052
[63160745ms] [ERROR] ./app/page.js:7:1
Error: Module not found: Can't resolve '@/components/dom/OrbitalRingLabels'
   5 | import ChainLabels from "@/components/dom/ChainLabels";
   6 | import NebulaMessages from "@/components/dom/NebulaMessages";
>  7 | import OrbitalRingLabels from "@/components/dom/OrbitalRingLabels";
     | ^^^^^^^^^^^^^^^^^^^^^^^^^^^^^^^^^^^^^^^^^^^^^^^^^^^^^^^^^^^^^^^^^^^
   8 | import NffcIdentityCard from "@/components/dom/NffcIdentityCard";
   9 | import MarketStats from "@/components/dom/MarketStats";
  10 | import FinalCta from "@/components/dom/FinalCta";

Import map: aliased to relative './components/dom/OrbitalRingLabels' inside of [project]/

https://nextjs.org/docs/messages/module-not-found @ http://localhost:3000/_next/static/chunks/node_modules_next_dist_1e8vcs8._.js:1052
[63160792ms] [LOG] [Fast Refresh] rebuilding @ http://localhost:3000/_next/static/chunks/node_modules_next_dist_1e8vcs8._.js:776
[63196421ms] [ERROR] ./components/canvas/Experience.jsx:18:1
Error: Module not found: Can't resolve './scenes/ChainsField'
  16 | import DigitalGrid from "./scenes/DigitalGrid";
  17 | import CollectionsField from "./scenes/CollectionsField";
> 18 | import ChainsField from "./scenes/ChainsField";
     | ^^^^^^^^^^^^^^^^^^^^^^^^^^^^^^^^^^^^^^^^^^^^^^^
  19 | import RwaNode from "./scenes/RwaNode";
  20 | import UniverseField from "./scenes/UniverseField";
  21 | import NffcSystem from "./scenes/NffcSystem";

Import trace:
  Client Component Browser:
    ./components/canvas/Experience.jsx [Client Component Browser]
    ./components/canvas/ExperienceLoader.jsx [Client Component Browser]
    ./components/canvas/ExperienceLoader.jsx [Server Component]
    ./app/page.js [Server Component]

https://nextjs.org/docs/messages/module-not-found @ http://localhost:3000/_next/static/chunks/node_modules_next_dist_1e8vcs8._.js:1052
[63196421ms] [ERROR] ./components/canvas/Experience.jsx:17:1
Error: Module not found: Can't resolve './scenes/CollectionsField'
  15 | import NftEmergence from "./scenes/NftEmergence";
  16 | import DigitalGrid from "./scenes/DigitalGrid";
> 17 | import CollectionsField from "./scenes/CollectionsField";
     | ^^^^^^^^^^^^^^^^^^^^^^^^^^^^^^^^^^^^^^^^^^^^^^^^^^^^^^^^^
  18 | import ChainsField from "./scenes/ChainsField";
  19 | import RwaNode from "./scenes/RwaNode";
  20 | import UniverseField from "./scenes/UniverseField";

Import trace:
  Client Component Browser:
    ./components/canvas/Experience.jsx [Client Component Browser]
    ./components/canvas/ExperienceLoader.jsx [Client Component Browser]
    ./components/canvas/ExperienceLoader.jsx [Server Component]
    ./app/page.js [Server Component]

https://nextjs.org/docs/messages/module-not-found @ http://localhost:3000/_next/static/chunks/node_modules_next_dist_1e8vcs8._.js:1052
[63196421ms] [ERROR] ./components/canvas/Experience.jsx:22:1
Error: Module not found: Can't resolve './scenes/GalaxyConnections'
  20 | import UniverseField from "./scenes/UniverseField";
  21 | import NffcSystem from "./scenes/NffcSystem";
> 22 | import GalaxyConnections from "./scenes/GalaxyConnections";
     | ^^^^^^^^^^^^^^^^^^^^^^^^^^^^^^^^^^^^^^^^^^^^^^^^^^^^^^^^^^^
  23 | import PostFX from "./PostFX";
  24 | import styles from "./Experience.module.css";
  25 | import { isMobile, CINEMATIC, BIGBANG } from "@/lib/tuning";

Import trace:
  Client Component Browser:
    ./components/canvas/Experience.jsx [Client Component Browser]
    ./components/canvas/ExperienceLoader.jsx [Client Component Browser]
    ./components/canvas/ExperienceLoader.jsx [Server Component]
    ./app/page.js [Server Component]

https://nextjs.org/docs/messages/module-not-found @ http://localhost:3000/_next/static/chunks/node_modules_next_dist_1e8vcs8._.js:1052
[63196422ms] [ERROR] ./components/canvas/Experience.jsx:21:1
Error: Module not found: Can't resolve './scenes/NffcSystem'
  19 | import RwaNode from "./scenes/RwaNode";
  20 | import UniverseField from "./scenes/UniverseField";
> 21 | import NffcSystem from "./scenes/NffcSystem";
     | ^^^^^^^^^^^^^^^^^^^^^^^^^^^^^^^^^^^^^^^^^^^^^
  22 | import GalaxyConnections from "./scenes/GalaxyConnections";
  23 | import PostFX from "./PostFX";
  24 | import styles from "./Experience.module.css";

Import trace:
  Client Component Browser:
    ./components/canvas/Experience.jsx [Client Component Browser]
    ./components/canvas/ExperienceLoader.jsx [Client Component Browser]
    ./components/canvas/ExperienceLoader.jsx [Server Component]
    ./app/page.js [Server Component]

https://nextjs.org/docs/messages/module-not-found @ http://localhost:3000/_next/static/chunks/node_modules_next_dist_1e8vcs8._.js:1052
[63196422ms] [ERROR] ./components/canvas/Experience.jsx:19:1
Error: Module not found: Can't resolve './scenes/RwaNode'
  17 | import CollectionsField from "./scenes/CollectionsField";
  18 | import ChainsField from "./scenes/ChainsField";
> 19 | import RwaNode from "./scenes/RwaNode";
     | ^^^^^^^^^^^^^^^^^^^^^^^^^^^^^^^^^^^^^^^
  20 | import UniverseField from "./scenes/UniverseField";
  21 | import NffcSystem from "./scenes/NffcSystem";
  22 | import GalaxyConnections from "./scenes/GalaxyConnections";

Import trace:
  Client Component Browser:
    ./components/canvas/Experience.jsx [Client Component Browser]
    ./components/canvas/ExperienceLoader.jsx [Client Component Browser]
    ./components/canvas/ExperienceLoader.jsx [Server Component]
    ./app/page.js [Server Component]

https://nextjs.org/docs/messages/module-not-found @ http://localhost:3000/_next/static/chunks/node_modules_next_dist_1e8vcs8._.js:1052
[63196422ms] [ERROR] ./app/page.js:5:1
Error: Module not found: Can't resolve '@/components/dom/ChainLabels'
  3 | import MicroHud from "@/components/dom/MicroHud";
  4 | import ChapterLettering from "@/components/dom/ChapterLettering";
> 5 | import ChainLabels from "@/components/dom/ChainLabels";
    | ^^^^^^^^^^^^^^^^^^^^^^^^^^^^^^^^^^^^^^^^^^^^^^^^^^^^^^^
  6 | import NebulaMessages from "@/components/dom/NebulaMessages";
  7 | import OrbitalRingLabels from "@/components/dom/OrbitalRingLabels";
  8 | import NffcIdentityCard from "@/components/dom/NffcIdentityCard";

Import map: aliased to relative './components/dom/ChainLabels' inside of [project]/

https://nextjs.org/docs/messages/module-not-found @ http://localhost:3000/_next/static/chunks/node_modules_next_dist_1e8vcs8._.js:1052
[63196422ms] [ERROR] ./app/page.js:9:1
Error: Module not found: Can't resolve '@/components/dom/MarketStats'
   7 | import OrbitalRingLabels from "@/components/dom/OrbitalRingLabels";
   8 | import NffcIdentityCard from "@/components/dom/NffcIdentityCard";
>  9 | import MarketStats from "@/components/dom/MarketStats";
     | ^^^^^^^^^^^^^^^^^^^^^^^^^^^^^^^^^^^^^^^^^^^^^^^^^^^^^^^
  10 | import FinalCta from "@/components/dom/FinalCta";
  11 | import Letterbox from "@/components/dom/Letterbox";
  12 | import ExperienceLoader from "@/components/canvas/ExperienceLoader";

Import map: aliased to relative './components/dom/MarketStats' inside of [project]/

https://nextjs.org/docs/messages/module-not-found @ http://localhost:3000/_next/static/chunks/node_modules_next_dist_1e8vcs8._.js:1052
[63196422ms] [ERROR] ./app/page.js:8:1
Error: Module not found: Can't resolve '@/components/dom/NffcIdentityCard'
   6 | import NebulaMessages from "@/components/dom/NebulaMessages";
   7 | import OrbitalRingLabels from "@/components/dom/OrbitalRingLabels";
>  8 | import NffcIdentityCard from "@/components/dom/NffcIdentityCard";
     | ^^^^^^^^^^^^^^^^^^^^^^^^^^^^^^^^^^^^^^^^^^^^^^^^^^^^^^^^^^^^^^^^^
   9 | import MarketStats from "@/components/dom/MarketStats";
  10 | import FinalCta from "@/components/dom/FinalCta";
  11 | import Letterbox from "@/components/dom/Letterbox";

Import map: aliased to relative './components/dom/NffcIdentityCard' inside of [project]/

https://nextjs.org/docs/messages/module-not-found @ http://localhost:3000/_next/static/chunks/node_modules_next_dist_1e8vcs8._.js:1052
[63196422ms] [ERROR] ./app/page.js:7:1
Error: Module not found: Can't resolve '@/components/dom/OrbitalRingLabels'
   5 | import ChainLabels from "@/components/dom/ChainLabels";
   6 | import NebulaMessages from "@/components/dom/NebulaMessages";
>  7 | import OrbitalRingLabels from "@/components/dom/OrbitalRingLabels";
     | ^^^^^^^^^^^^^^^^^^^^^^^^^^^^^^^^^^^^^^^^^^^^^^^^^^^^^^^^^^^^^^^^^^^
   8 | import NffcIdentityCard from "@/components/dom/NffcIdentityCard";
   9 | import MarketStats from "@/components/dom/MarketStats";
  10 | import FinalCta from "@/components/dom/FinalCta";

Import map: aliased to relative './components/dom/OrbitalRingLabels' inside of [project]/

https://nextjs.org/docs/messages/module-not-found @ http://localhost:3000/_next/static/chunks/node_modules_next_dist_1e8vcs8._.js:1052
[63196811ms] [ERROR] ./app/page.js:5:1
Error: Module not found: Can't resolve '@/components/dom/ChainLabels'
  3 | import MicroHud from "@/components/dom/MicroHud";
  4 | import ChapterLettering from "@/components/dom/ChapterLettering";
> 5 | import ChainLabels from "@/components/dom/ChainLabels";
    | ^^^^^^^^^^^^^^^^^^^^^^^^^^^^^^^^^^^^^^^^^^^^^^^^^^^^^^^
  6 | import NebulaMessages from "@/components/dom/NebulaMessages";
  7 | import OrbitalRingLabels from "@/components/dom/OrbitalRingLabels";
  8 | import NffcIdentityCard from "@/components/dom/NffcIdentityCard";

Import map: aliased to relative './components/dom/ChainLabels' inside of [project]/

https://nextjs.org/docs/messages/module-not-found @ http://localhost:3000/_next/static/chunks/node_modules_next_dist_1e8vcs8._.js:1052
[63196811ms] [ERROR] ./app/page.js:9:1
Error: Module not found: Can't resolve '@/components/dom/MarketStats'
   7 | import OrbitalRingLabels from "@/components/dom/OrbitalRingLabels";
   8 | import NffcIdentityCard from "@/components/dom/NffcIdentityCard";
>  9 | import MarketStats from "@/components/dom/MarketStats";
     | ^^^^^^^^^^^^^^^^^^^^^^^^^^^^^^^^^^^^^^^^^^^^^^^^^^^^^^^
  10 | import FinalCta from "@/components/dom/FinalCta";
  11 | import Letterbox from "@/components/dom/Letterbox";
  12 | import ExperienceLoader from "@/components/canvas/ExperienceLoader";

Import map: aliased to relative './components/dom/MarketStats' inside of [project]/

https://nextjs.org/docs/messages/module-not-found @ http://localhost:3000/_next/static/chunks/node_modules_next_dist_1e8vcs8._.js:1052
[63196811ms] [ERROR] ./app/page.js:8:1
Error: Module not found: Can't resolve '@/components/dom/NffcIdentityCard'
   6 | import NebulaMessages from "@/components/dom/NebulaMessages";
   7 | import OrbitalRingLabels from "@/components/dom/OrbitalRingLabels";
>  8 | import NffcIdentityCard from "@/components/dom/NffcIdentityCard";
     | ^^^^^^^^^^^^^^^^^^^^^^^^^^^^^^^^^^^^^^^^^^^^^^^^^^^^^^^^^^^^^^^^^
   9 | import MarketStats from "@/components/dom/MarketStats";
  10 | import FinalCta from "@/components/dom/FinalCta";
  11 | import Letterbox from "@/components/dom/Letterbox";

Import map: aliased to relative './components/dom/NffcIdentityCard' inside of [project]/

https://nextjs.org/docs/messages/module-not-found @ http://localhost:3000/_next/static/chunks/node_modules_next_dist_1e8vcs8._.js:1052
[63196811ms] [ERROR] ./app/page.js:7:1
Error: Module not found: Can't resolve '@/components/dom/OrbitalRingLabels'
   5 | import ChainLabels from "@/components/dom/ChainLabels";
   6 | import NebulaMessages from "@/components/dom/NebulaMessages";
>  7 | import OrbitalRingLabels from "@/components/dom/OrbitalRingLabels";
     | ^^^^^^^^^^^^^^^^^^^^^^^^^^^^^^^^^^^^^^^^^^^^^^^^^^^^^^^^^^^^^^^^^^^
   8 | import NffcIdentityCard from "@/components/dom/NffcIdentityCard";
   9 | import MarketStats from "@/components/dom/MarketStats";
  10 | import FinalCta from "@/components/dom/FinalCta";

Import map: aliased to relative './components/dom/OrbitalRingLabels' inside of [project]/

https://nextjs.org/docs/messages/module-not-found @ http://localhost:3000/_next/static/chunks/node_modules_next_dist_1e8vcs8._.js:1052
[63196887ms] [LOG] [Fast Refresh] rebuilding @ http://localhost:3000/_next/static/chunks/node_modules_next_dist_1e8vcs8._.js:776
[63211374ms] [LOG] [Fast Refresh] rebuilding @ http://localhost:3000/_next/static/chunks/node_modules_next_dist_1e8vcs8._.js:776
[63213648ms] [LOG] [Fast Refresh] done in 418ms @ http://localhost:3000/_next/static/chunks/node_modules_next_dist_1e8vcs8._.js:776
[63214505ms] [WARNING] THREE.Clock: This module has been deprecated. Please use THREE.Timer instead. @ http://localhost:3000/_next/static/chunks/node_modules_next_dist_1e8vcs8._.js:776
[63214604ms] [LOG] THREE.WebGLRenderer: Context Lost. @ http://localhost:3000/_next/static/chunks/node_modules_next_dist_1e8vcs8._.js:776
[63225880ms] [LOG] [Fast Refresh] rebuilding @ http://localhost:3000/_next/static/chunks/node_modules_next_dist_1e8vcs8._.js:776
[63225942ms] [LOG] [Fast Refresh] done in 8ms @ http://localhost:3000/_next/static/chunks/node_modules_next_dist_1e8vcs8._.js:776
[63225994ms] [LOG] [Fast Refresh] done in 8ms @ http://localhost:3000/_next/static/chunks/node_modules_next_dist_1e8vcs8._.js:776
[63233926ms] [LOG] [Fast Refresh] done in 8ms @ http://localhost:3000/_next/static/chunks/node_modules_next_dist_1e8vcs8._.js:776
[63233948ms] [LOG] [Fast Refresh] rebuilding @ http://localhost:3000/_next/static/chunks/node_modules_next_dist_1e8vcs8._.js:776
[63234032ms] [LOG] [Fast Refresh] done in 6ms @ http://localhost:3000/_next/static/chunks/node_modules_next_dist_1e8vcs8._.js:776
[63242033ms] [LOG] [Fast Refresh] done in 6ms @ http://localhost:3000/_next/static/chunks/node_modules_next_dist_1e8vcs8._.js:776
[63242834ms] [LOG] [Fast Refresh] done in 6ms @ http://localhost:3000/_next/static/chunks/node_modules_next_dist_1e8vcs8._.js:776
[63260641ms] [LOG] [Fast Refresh] done in 6ms @ http://localhost:3000/_next/static/chunks/node_modules_next_dist_1e8vcs8._.js:776
[63295415ms] [LOG] [Fast Refresh] done in 6ms @ http://localhost:3000/_next/static/chunks/node_modules_next_dist_1e8vcs8._.js:776
[67004864ms] [LOG] [Fast Refresh] rebuilding @ http://localhost:3000/_next/static/chunks/node_modules_next_dist_1e8vcs8._.js:776
[67004932ms] [ERROR] ./components/canvas/scenes/EcosystemField.jsx:8:1
Error: Export HUB_SCENE doesn't exist in target module
   6 | import { scrollStore } from "@/lib/scroll/scrollStore";
   7 | import { getActProgress } from "@/lib/scroll/actProgress";
>  8 | import { HUB_SCENE } from "@/lib/tuning";
     | ^^^^^^^^^^^^^^^^^^^^^^^^^^^^^^^^^^^^^^^^^
   9 | import { CHAINS } from "@/data/chains";
  10 | import { COMPANIES } from "@/data/companies";
  11 |

The export HUB_SCENE was not found in module [project]/lib/tuning.js [app-client] (ecmascript).
Did you mean to import RWA_SCENE?
All exports of the module are statically known (It doesn't have dynamic exports). So it's known statically that the requested export doesn't exist.

Import trace:
  Client Component Browser:
    ./components/canvas/scenes/EcosystemField.jsx [Client Component Browser]
    ./components/canvas/Experience.jsx [Client Component Browser]
    ./components/canvas/ExperienceLoader.jsx [Client Component Browser]
    ./components/canvas/ExperienceLoader.jsx [Server Component]
    ./app/page.js [Server Component] @ http://localhost:3000/_next/static/chunks/node_modules_next_dist_1e8vcs8._.js:1052
[67004932ms] [ERROR] ./components/canvas/scenes/HubConnections.jsx:8:1
Error: Export HUB_SCENE doesn't exist in target module
   6 | import { scrollStore } from "@/lib/scroll/scrollStore";
   7 | import { getActProgress } from "@/lib/scroll/actProgress";
>  8 | import { HUB_SCENE } from "@/lib/tuning";
     | ^^^^^^^^^^^^^^^^^^^^^^^^^^^^^^^^^^^^^^^^^
   9 | import { CHAINS } from "@/data/chains";
  10 | import { COMPANIES } from "@/data/companies";
  11 |

The export HUB_SCENE was not found in module [project]/lib/tuning.js [app-client] (ecmascript).
Did you mean to import RWA_SCENE?
All exports of the module are statically known (It doesn't have dynamic exports). So it's known statically that the requested export doesn't exist.

Import trace:
  Client Component Browser:
    ./components/canvas/scenes/HubConnections.jsx [Client Component Browser]
    ./components/canvas/Experience.jsx [Client Component Browser]
    ./components/canvas/ExperienceLoader.jsx [Client Component Browser]
    ./components/canvas/ExperienceLoader.jsx [Server Component]
    ./app/page.js [Server Component] @ http://localhost:3000/_next/static/chunks/node_modules_next_dist_1e8vcs8._.js:1052
[67004932ms] [ERROR] ./components/dom/EcosystemNodes.jsx:7:1
Error: Export HUB_SCENE doesn't exist in target module
   5 | import { getActProgress } from "@/lib/scroll/actProgress";
   6 | import { projectToScreen } from "@/lib/scroll/cameraBridge";
>  7 | import { HUB_SCENE } from "@/lib/tuning";
     | ^^^^^^^^^^^^^^^^^^^^^^^^^^^^^^^^^^^^^^^^^
   8 | import { CHAINS } from "@/data/chains";
   9 | import { COMPANIES } from "@/data/companies";
  10 | import styles from "./EcosystemNodes.module.css";

The export HUB_SCENE was not found in module [project]/lib/tuning.js [app-client] (ecmascript).
Did you mean to import RWA_SCENE?
All exports of the module are statically known (It doesn't have dynamic exports). So it's known statically that the requested export doesn't exist.

Import trace:
  Server Component:
    ./components/dom/EcosystemNodes.jsx
    ./app/page.js @ http://localhost:3000/_next/static/chunks/node_modules_next_dist_1e8vcs8._.js:1052
[67004933ms] [ERROR] ./components/dom/EcosystemNodes.jsx:7:1
Error: Export HUB_SCENE doesn't exist in target module
   5 | import { getActProgress } from "@/lib/scroll/actProgress";
   6 | import { projectToScreen } from "@/lib/scroll/cameraBridge";
>  7 | import { HUB_SCENE } from "@/lib/tuning";
     | ^^^^^^^^^^^^^^^^^^^^^^^^^^^^^^^^^^^^^^^^^
   8 | import { CHAINS } from "@/data/chains";
   9 | import { COMPANIES } from "@/data/companies";
  10 | import styles from "./EcosystemNodes.module.css";

The export HUB_SCENE was not found in module [project]/lib/tuning.js [app-ssr] (ecmascript).
Did you mean to import RWA_SCENE?
All exports of the module are statically known (It doesn't have dynamic exports). So it's known statically that the requested export doesn't exist.

Import trace:
  Server Component:
    ./components/dom/EcosystemNodes.jsx
    ./app/page.js @ http://localhost:3000/_next/static/chunks/node_modules_next_dist_1e8vcs8._.js:1052
[67016549ms] [ERROR] ./components/canvas/scenes/EcosystemField.jsx:8:1
Error: Export HUB_SCENE doesn't exist in target module
   6 | import { scrollStore } from "@/lib/scroll/scrollStore";
   7 | import { getActProgress } from "@/lib/scroll/actProgress";
>  8 | import { HUB_SCENE } from "@/lib/tuning";
     | ^^^^^^^^^^^^^^^^^^^^^^^^^^^^^^^^^^^^^^^^^
   9 | import { CHAINS } from "@/data/chains";
  10 | import { COMPANIES } from "@/data/companies";
  11 |

The export HUB_SCENE was not found in module [project]/lib/tuning.js [app-client] (ecmascript).
Did you mean to import RWA_SCENE?
All exports of the module are statically known (It doesn't have dynamic exports). So it's known statically that the requested export doesn't exist.

Import trace:
  Client Component Browser:
    ./components/canvas/scenes/EcosystemField.jsx [Client Component Browser]
    ./components/canvas/Experience.jsx [Client Component Browser]
    ./components/canvas/ExperienceLoader.jsx [Client Component Browser]
    ./components/canvas/ExperienceLoader.jsx [Server Component]
    ./app/page.js [Server Component] @ http://localhost:3000/_next/static/chunks/node_modules_next_dist_1e8vcs8._.js:1052
[67016549ms] [ERROR] ./components/canvas/scenes/HubConnections.jsx:8:1
Error: Export HUB_SCENE doesn't exist in target module
   6 | import { scrollStore } from "@/lib/scroll/scrollStore";
   7 | import { getActProgress } from "@/lib/scroll/actProgress";
>  8 | import { HUB_SCENE } from "@/lib/tuning";
     | ^^^^^^^^^^^^^^^^^^^^^^^^^^^^^^^^^^^^^^^^^
   9 | import { CHAINS } from "@/data/chains";
  10 | import { COMPANIES } from "@/data/companies";
  11 |

The export HUB_SCENE was not found in module [project]/lib/tuning.js [app-client] (ecmascript).
Did you mean to import RWA_SCENE?
All exports of the module are statically known (It doesn't have dynamic exports). So it's known statically that the requested export doesn't exist.

Import trace:
  Client Component Browser:
    ./components/canvas/scenes/HubConnections.jsx [Client Component Browser]
    ./components/canvas/Experience.jsx [Client Component Browser]
    ./components/canvas/ExperienceLoader.jsx [Client Component Browser]
    ./components/canvas/ExperienceLoader.jsx [Server Component]
    ./app/page.js [Server Component] @ http://localhost:3000/_next/static/chunks/node_modules_next_dist_1e8vcs8._.js:1052
[67016549ms] [ERROR] ./components/dom/EcosystemNodes.jsx:7:1
Error: Export HUB_SCENE doesn't exist in target module
   5 | import { getActProgress } from "@/lib/scroll/actProgress";
   6 | import { projectToScreen } from "@/lib/scroll/cameraBridge";
>  7 | import { HUB_SCENE } from "@/lib/tuning";
     | ^^^^^^^^^^^^^^^^^^^^^^^^^^^^^^^^^^^^^^^^^
   8 | import { CHAINS } from "@/data/chains";
   9 | import { COMPANIES } from "@/data/companies";
  10 | import styles from "./EcosystemNodes.module.css";

The export HUB_SCENE was not found in module [project]/lib/tuning.js [app-client] (ecmascript).
Did you mean to import RWA_SCENE?
All exports of the module are statically known (It doesn't have dynamic exports). So it's known statically that the requested export doesn't exist.

Import trace:
  Server Component:
    ./components/dom/EcosystemNodes.jsx
    ./app/page.js @ http://localhost:3000/_next/static/chunks/node_modules_next_dist_1e8vcs8._.js:1052
[67016549ms] [ERROR] ./components/dom/EcosystemNodes.jsx:7:1
Error: Export HUB_SCENE doesn't exist in target module
   5 | import { getActProgress } from "@/lib/scroll/actProgress";
   6 | import { projectToScreen } from "@/lib/scroll/cameraBridge";
>  7 | import { HUB_SCENE } from "@/lib/tuning";
     | ^^^^^^^^^^^^^^^^^^^^^^^^^^^^^^^^^^^^^^^^^
   8 | import { CHAINS } from "@/data/chains";
   9 | import { COMPANIES } from "@/data/companies";
  10 | import styles from "./EcosystemNodes.module.css";

The export HUB_SCENE was not found in module [project]/lib/tuning.js [app-ssr] (ecmascript).
Did you mean to import RWA_SCENE?
All exports of the module are statically known (It doesn't have dynamic exports). So it's known statically that the requested export doesn't exist.

Import trace:
  Server Component:
    ./components/dom/EcosystemNodes.jsx
    ./app/page.js @ http://localhost:3000/_next/static/chunks/node_modules_next_dist_1e8vcs8._.js:1052
[67016610ms] [ERROR] ./components/canvas/scenes/EcosystemField.jsx:8:1
Error: Export HUB_SCENE doesn't exist in target module
   6 | import { scrollStore } from "@/lib/scroll/scrollStore";
   7 | import { getActProgress } from "@/lib/scroll/actProgress";
>  8 | import { HUB_SCENE } from "@/lib/tuning";
     | ^^^^^^^^^^^^^^^^^^^^^^^^^^^^^^^^^^^^^^^^^
   9 | import { CHAINS } from "@/data/chains";
  10 | import { COMPANIES } from "@/data/companies";
  11 |

The export HUB_SCENE was not found in module [project]/lib/tuning.js [app-client] (ecmascript).
Did you mean to import RWA_SCENE?
All exports of the module are statically known (It doesn't have dynamic exports). So it's known statically that the requested export doesn't exist.

Import trace:
  Client Component Browser:
    ./components/canvas/scenes/EcosystemField.jsx [Client Component Browser]
    ./components/canvas/Experience.jsx [Client Component Browser]
    ./components/canvas/ExperienceLoader.jsx [Client Component Browser]
    ./components/canvas/ExperienceLoader.jsx [Server Component]
    ./app/page.js [Server Component] @ http://localhost:3000/_next/static/chunks/node_modules_next_dist_1e8vcs8._.js:1052
[67016610ms] [ERROR] ./components/canvas/scenes/HubConnections.jsx:8:1
Error: Export HUB_SCENE doesn't exist in target module
   6 | import { scrollStore } from "@/lib/scroll/scrollStore";
   7 | import { getActProgress } from "@/lib/scroll/actProgress";
>  8 | import { HUB_SCENE } from "@/lib/tuning";
     | ^^^^^^^^^^^^^^^^^^^^^^^^^^^^^^^^^^^^^^^^^
   9 | import { CHAINS } from "@/data/chains";
  10 | import { COMPANIES } from "@/data/companies";
  11 |

The export HUB_SCENE was not found in module [project]/lib/tuning.js [app-client] (ecmascript).
Did you mean to import RWA_SCENE?
All exports of the module are statically known (It doesn't have dynamic exports). So it's known statically that the requested export doesn't exist.

Import trace:
  Client Component Browser:
    ./components/canvas/scenes/HubConnections.jsx [Client Component Browser]
    ./components/canvas/Experience.jsx [Client Component Browser]
    ./components/canvas/ExperienceLoader.jsx [Client Component Browser]
    ./components/canvas/ExperienceLoader.jsx [Server Component]
    ./app/page.js [Server Component] @ http://localhost:3000/_next/static/chunks/node_modules_next_dist_1e8vcs8._.js:1052
[67016610ms] [ERROR] ./components/dom/EcosystemNodes.jsx:7:1
Error: Export HUB_SCENE doesn't exist in target module
   5 | import { getActProgress } from "@/lib/scroll/actProgress";
   6 | import { projectToScreen } from "@/lib/scroll/cameraBridge";
>  7 | import { HUB_SCENE } from "@/lib/tuning";
     | ^^^^^^^^^^^^^^^^^^^^^^^^^^^^^^^^^^^^^^^^^
   8 | import { CHAINS } from "@/data/chains";
   9 | import { COMPANIES } from "@/data/companies";
  10 | import styles from "./EcosystemNodes.module.css";

The export HUB_SCENE was not found in module [project]/lib/tuning.js [app-client] (ecmascript).
Did you mean to import RWA_SCENE?
All exports of the module are statically known (It doesn't have dynamic exports). So it's known statically that the requested export doesn't exist.

Import trace:
  Server Component:
    ./components/dom/EcosystemNodes.jsx
    ./app/page.js @ http://localhost:3000/_next/static/chunks/node_modules_next_dist_1e8vcs8._.js:1052
[67016610ms] [ERROR] ./components/dom/EcosystemNodes.jsx:7:1
Error: Export HUB_SCENE doesn't exist in target module
   5 | import { getActProgress } from "@/lib/scroll/actProgress";
   6 | import { projectToScreen } from "@/lib/scroll/cameraBridge";
>  7 | import { HUB_SCENE } from "@/lib/tuning";
     | ^^^^^^^^^^^^^^^^^^^^^^^^^^^^^^^^^^^^^^^^^
   8 | import { CHAINS } from "@/data/chains";
   9 | import { COMPANIES } from "@/data/companies";
  10 | import styles from "./EcosystemNodes.module.css";

The export HUB_SCENE was not found in module [project]/lib/tuning.js [app-ssr] (ecmascript).
Did you mean to import RWA_SCENE?
All exports of the module are statically known (It doesn't have dynamic exports). So it's known statically that the requested export doesn't exist.

Import trace:
  Server Component:
    ./components/dom/EcosystemNodes.jsx
    ./app/page.js @ http://localhost:3000/_next/static/chunks/node_modules_next_dist_1e8vcs8._.js:1052
[67016891ms] [ERROR] ./components/canvas/scenes/EcosystemField.jsx:8:1
Error: Export HUB_SCENE doesn't exist in target module
   6 | import { scrollStore } from "@/lib/scroll/scrollStore";
   7 | import { getActProgress } from "@/lib/scroll/actProgress";
>  8 | import { HUB_SCENE } from "@/lib/tuning";
     | ^^^^^^^^^^^^^^^^^^^^^^^^^^^^^^^^^^^^^^^^^
   9 | import { CHAINS } from "@/data/chains";
  10 | import { COMPANIES } from "@/data/companies";
  11 |

The export HUB_SCENE was not found in module [project]/lib/tuning.js [app-client] (ecmascript).
Did you mean to import RWA_SCENE?
All exports of the module are statically known (It doesn't have dynamic exports). So it's known statically that the requested export doesn't exist.

Import trace:
  Client Component Browser:
    ./components/canvas/scenes/EcosystemField.jsx [Client Component Browser]
    ./components/canvas/Experience.jsx [Client Component Browser]
    ./components/canvas/ExperienceLoader.jsx [Client Component Browser]
    ./components/canvas/ExperienceLoader.jsx [Server Component]
    ./app/page.js [Server Component] @ http://localhost:3000/_next/static/chunks/node_modules_next_dist_1e8vcs8._.js:1052
[67016892ms] [ERROR] ./components/canvas/scenes/HubConnections.jsx:8:1
Error: Export HUB_SCENE doesn't exist in target module
   6 | import { scrollStore } from "@/lib/scroll/scrollStore";
   7 | import { getActProgress } from "@/lib/scroll/actProgress";
>  8 | import { HUB_SCENE } from "@/lib/tuning";
     | ^^^^^^^^^^^^^^^^^^^^^^^^^^^^^^^^^^^^^^^^^
   9 | import { CHAINS } from "@/data/chains";
  10 | import { COMPANIES } from "@/data/companies";
  11 |

The export HUB_SCENE was not found in module [project]/lib/tuning.js [app-client] (ecmascript).
Did you mean to import RWA_SCENE?
All exports of the module are statically known (It doesn't have dynamic exports). So it's known statically that the requested export doesn't exist.

Import trace:
  Client Component Browser:
    ./components/canvas/scenes/HubConnections.jsx [Client Component Browser]
    ./components/canvas/Experience.jsx [Client Component Browser]
    ./components/canvas/ExperienceLoader.jsx [Client Component Browser]
    ./components/canvas/ExperienceLoader.jsx [Server Component]
    ./app/page.js [Server Component] @ http://localhost:3000/_next/static/chunks/node_modules_next_dist_1e8vcs8._.js:1052
[67016892ms] [ERROR] ./components/dom/EcosystemNodes.jsx:7:1
Error: Export HUB_SCENE doesn't exist in target module
   5 | import { getActProgress } from "@/lib/scroll/actProgress";
   6 | import { projectToScreen } from "@/lib/scroll/cameraBridge";
>  7 | import { HUB_SCENE } from "@/lib/tuning";
     | ^^^^^^^^^^^^^^^^^^^^^^^^^^^^^^^^^^^^^^^^^
   8 | import { CHAINS } from "@/data/chains";
   9 | import { COMPANIES } from "@/data/companies";
  10 | import styles from "./EcosystemNodes.module.css";

The export HUB_SCENE was not found in module [project]/lib/tuning.js [app-client] (ecmascript).
Did you mean to import RWA_SCENE?
All exports of the module are statically known (It doesn't have dynamic exports). So it's known statically that the requested export doesn't exist.

Import trace:
  Server Component:
    ./components/dom/EcosystemNodes.jsx
    ./app/page.js @ http://localhost:3000/_next/static/chunks/node_modules_next_dist_1e8vcs8._.js:1052
[67016892ms] [ERROR] ./components/dom/EcosystemNodes.jsx:7:1
Error: Export HUB_SCENE doesn't exist in target module
   5 | import { getActProgress } from "@/lib/scroll/actProgress";
   6 | import { projectToScreen } from "@/lib/scroll/cameraBridge";
>  7 | import { HUB_SCENE } from "@/lib/tuning";
     | ^^^^^^^^^^^^^^^^^^^^^^^^^^^^^^^^^^^^^^^^^
   8 | import { CHAINS } from "@/data/chains";
   9 | import { COMPANIES } from "@/data/companies";
  10 | import styles from "./EcosystemNodes.module.css";

The export HUB_SCENE was not found in module [project]/lib/tuning.js [app-ssr] (ecmascript).
Did you mean to import RWA_SCENE?
All exports of the module are statically known (It doesn't have dynamic exports). So it's known statically that the requested export doesn't exist.

Import trace:
  Server Component:
    ./components/dom/EcosystemNodes.jsx
    ./app/page.js @ http://localhost:3000/_next/static/chunks/node_modules_next_dist_1e8vcs8._.js:1052
[67016963ms] [LOG] [Fast Refresh] rebuilding @ http://localhost:3000/_next/static/chunks/node_modules_next_dist_1e8vcs8._.js:776
[67029417ms] [ERROR] ./components/canvas/scenes/EcosystemField.jsx:8:1
Error: Export HUB_SCENE doesn't exist in target module
   6 | import { scrollStore } from "@/lib/scroll/scrollStore";
   7 | import { getActProgress } from "@/lib/scroll/actProgress";
>  8 | import { HUB_SCENE } from "@/lib/tuning";
     | ^^^^^^^^^^^^^^^^^^^^^^^^^^^^^^^^^^^^^^^^^
   9 | import { CHAINS } from "@/data/chains";
  10 | import { COMPANIES } from "@/data/companies";
  11 |

The export HUB_SCENE was not found in module [project]/lib/tuning.js [app-client] (ecmascript).
Did you mean to import RWA_SCENE?
All exports of the module are statically known (It doesn't have dynamic exports). So it's known statically that the requested export doesn't exist.

Import trace:
  Client Component Browser:
    ./components/canvas/scenes/EcosystemField.jsx [Client Component Browser]
    ./components/canvas/Experience.jsx [Client Component Browser]
    ./components/canvas/ExperienceLoader.jsx [Client Component Browser]
    ./components/canvas/ExperienceLoader.jsx [Server Component]
    ./app/page.js [Server Component] @ http://localhost:3000/_next/static/chunks/node_modules_next_dist_1e8vcs8._.js:1052
[67029417ms] [ERROR] ./components/canvas/scenes/HubConnections.jsx:8:1
Error: Export HUB_SCENE doesn't exist in target module
   6 | import { scrollStore } from "@/lib/scroll/scrollStore";
   7 | import { getActProgress } from "@/lib/scroll/actProgress";
>  8 | import { HUB_SCENE } from "@/lib/tuning";
     | ^^^^^^^^^^^^^^^^^^^^^^^^^^^^^^^^^^^^^^^^^
   9 | import { CHAINS } from "@/data/chains";
  10 | import { COMPANIES } from "@/data/companies";
  11 |

The export HUB_SCENE was not found in module [project]/lib/tuning.js [app-client] (ecmascript).
Did you mean to import RWA_SCENE?
All exports of the module are statically known (It doesn't have dynamic exports). So it's known statically that the requested export doesn't exist.

Import trace:
  Client Component Browser:
    ./components/canvas/scenes/HubConnections.jsx [Client Component Browser]
    ./components/canvas/Experience.jsx [Client Component Browser]
    ./components/canvas/ExperienceLoader.jsx [Client Component Browser]
    ./components/canvas/ExperienceLoader.jsx [Server Component]
    ./app/page.js [Server Component] @ http://localhost:3000/_next/static/chunks/node_modules_next_dist_1e8vcs8._.js:1052
[67029417ms] [ERROR] ./components/dom/EcosystemNodes.jsx:7:1
Error: Export HUB_SCENE doesn't exist in target module
   5 | import { getActProgress } from "@/lib/scroll/actProgress";
   6 | import { projectToScreen } from "@/lib/scroll/cameraBridge";
>  7 | import { HUB_SCENE } from "@/lib/tuning";
     | ^^^^^^^^^^^^^^^^^^^^^^^^^^^^^^^^^^^^^^^^^
   8 | import { CHAINS } from "@/data/chains";
   9 | import { COMPANIES } from "@/data/companies";
  10 | import styles from "./EcosystemNodes.module.css";

The export HUB_SCENE was not found in module [project]/lib/tuning.js [app-client] (ecmascript).
Did you mean to import RWA_SCENE?
All exports of the module are statically known (It doesn't have dynamic exports). So it's known statically that the requested export doesn't exist.

Import trace:
  Server Component:
    ./components/dom/EcosystemNodes.jsx
    ./app/page.js @ http://localhost:3000/_next/static/chunks/node_modules_next_dist_1e8vcs8._.js:1052
[67029418ms] [ERROR] ./components/dom/EcosystemNodes.jsx:7:1
Error: Export HUB_SCENE doesn't exist in target module
   5 | import { getActProgress } from "@/lib/scroll/actProgress";
   6 | import { projectToScreen } from "@/lib/scroll/cameraBridge";
>  7 | import { HUB_SCENE } from "@/lib/tuning";
     | ^^^^^^^^^^^^^^^^^^^^^^^^^^^^^^^^^^^^^^^^^
   8 | import { CHAINS } from "@/data/chains";
   9 | import { COMPANIES } from "@/data/companies";
  10 | import styles from "./EcosystemNodes.module.css";

The export HUB_SCENE was not found in module [project]/lib/tuning.js [app-ssr] (ecmascript).
Did you mean to import RWA_SCENE?
All exports of the module are statically known (It doesn't have dynamic exports). So it's known statically that the requested export doesn't exist.

Import trace:
  Server Component:
    ./components/dom/EcosystemNodes.jsx
    ./app/page.js @ http://localhost:3000/_next/static/chunks/node_modules_next_dist_1e8vcs8._.js:1052
[67029476ms] [ERROR] ./components/canvas/scenes/EcosystemField.jsx:8:1
Error: Export HUB_SCENE doesn't exist in target module
   6 | import { scrollStore } from "@/lib/scroll/scrollStore";
   7 | import { getActProgress } from "@/lib/scroll/actProgress";
>  8 | import { HUB_SCENE } from "@/lib/tuning";
     | ^^^^^^^^^^^^^^^^^^^^^^^^^^^^^^^^^^^^^^^^^
   9 | import { CHAINS } from "@/data/chains";
  10 | import { COMPANIES } from "@/data/companies";
  11 |

The export HUB_SCENE was not found in module [project]/lib/tuning.js [app-client] (ecmascript).
Did you mean to import RWA_SCENE?
All exports of the module are statically known (It doesn't have dynamic exports). So it's known statically that the requested export doesn't exist.

Import trace:
  Client Component Browser:
    ./components/canvas/scenes/EcosystemField.jsx [Client Component Browser]
    ./components/canvas/Experience.jsx [Client Component Browser]
    ./components/canvas/ExperienceLoader.jsx [Client Component Browser]
    ./components/canvas/ExperienceLoader.jsx [Server Component]
    ./app/page.js [Server Component] @ http://localhost:3000/_next/static/chunks/node_modules_next_dist_1e8vcs8._.js:1052
[67029477ms] [ERROR] ./components/canvas/scenes/HubConnections.jsx:8:1
Error: Export HUB_SCENE doesn't exist in target module
   6 | import { scrollStore } from "@/lib/scroll/scrollStore";
   7 | import { getActProgress } from "@/lib/scroll/actProgress";
>  8 | import { HUB_SCENE } from "@/lib/tuning";
     | ^^^^^^^^^^^^^^^^^^^^^^^^^^^^^^^^^^^^^^^^^
   9 | import { CHAINS } from "@/data/chains";
  10 | import { COMPANIES } from "@/data/companies";
  11 |

The export HUB_SCENE was not found in module [project]/lib/tuning.js [app-client] (ecmascript).
Did you mean to import RWA_SCENE?
All exports of the module are statically known (It doesn't have dynamic exports). So it's known statically that the requested export doesn't exist.

Import trace:
  Client Component Browser:
    ./components/canvas/scenes/HubConnections.jsx [Client Component Browser]
    ./components/canvas/Experience.jsx [Client Component Browser]
    ./components/canvas/ExperienceLoader.jsx [Client Component Browser]
    ./components/canvas/ExperienceLoader.jsx [Server Component]
    ./app/page.js [Server Component] @ http://localhost:3000/_next/static/chunks/node_modules_next_dist_1e8vcs8._.js:1052
[67029477ms] [ERROR] ./components/dom/EcosystemNodes.jsx:7:1
Error: Export HUB_SCENE doesn't exist in target module
   5 | import { getActProgress } from "@/lib/scroll/actProgress";
   6 | import { projectToScreen } from "@/lib/scroll/cameraBridge";
>  7 | import { HUB_SCENE } from "@/lib/tuning";
     | ^^^^^^^^^^^^^^^^^^^^^^^^^^^^^^^^^^^^^^^^^
   8 | import { CHAINS } from "@/data/chains";
   9 | import { COMPANIES } from "@/data/companies";
  10 | import styles from "./EcosystemNodes.module.css";

The export HUB_SCENE was not found in module [project]/lib/tuning.js [app-client] (ecmascript).
Did you mean to import RWA_SCENE?
All exports of the module are statically known (It doesn't have dynamic exports). So it's known statically that the requested export doesn't exist.

Import trace:
  Server Component:
    ./components/dom/EcosystemNodes.jsx
    ./app/page.js @ http://localhost:3000/_next/static/chunks/node_modules_next_dist_1e8vcs8._.js:1052
[67029477ms] [ERROR] ./components/dom/EcosystemNodes.jsx:7:1
Error: Export HUB_SCENE doesn't exist in target module
   5 | import { getActProgress } from "@/lib/scroll/actProgress";
   6 | import { projectToScreen } from "@/lib/scroll/cameraBridge";
>  7 | import { HUB_SCENE } from "@/lib/tuning";
     | ^^^^^^^^^^^^^^^^^^^^^^^^^^^^^^^^^^^^^^^^^
   8 | import { CHAINS } from "@/data/chains";
   9 | import { COMPANIES } from "@/data/companies";
  10 | import styles from "./EcosystemNodes.module.css";

The export HUB_SCENE was not found in module [project]/lib/tuning.js [app-ssr] (ecmascript).
Did you mean to import RWA_SCENE?
All exports of the module are statically known (It doesn't have dynamic exports). So it's known statically that the requested export doesn't exist.

Import trace:
  Server Component:
    ./components/dom/EcosystemNodes.jsx
    ./app/page.js @ http://localhost:3000/_next/static/chunks/node_modules_next_dist_1e8vcs8._.js:1052
[67029553ms] [LOG] [Fast Refresh] rebuilding @ http://localhost:3000/_next/static/chunks/node_modules_next_dist_1e8vcs8._.js:776
[67051959ms] [ERROR] ./components/canvas/scenes/EcosystemField.jsx:8:1
Error: Export HUB_SCENE doesn't exist in target module
   6 | import { scrollStore } from "@/lib/scroll/scrollStore";
   7 | import { getActProgress } from "@/lib/scroll/actProgress";
>  8 | import { HUB_SCENE } from "@/lib/tuning";
     | ^^^^^^^^^^^^^^^^^^^^^^^^^^^^^^^^^^^^^^^^^
   9 | import { CHAINS } from "@/data/chains";
  10 | import { COMPANIES } from "@/data/companies";
  11 |

The export HUB_SCENE was not found in module [project]/lib/tuning.js [app-client] (ecmascript).
Did you mean to import RWA_SCENE?
All exports of the module are statically known (It doesn't have dynamic exports). So it's known statically that the requested export doesn't exist.

Import trace:
  Client Component Browser:
    ./components/canvas/scenes/EcosystemField.jsx [Client Component Browser]
    ./components/canvas/Experience.jsx [Client Component Browser]
    ./components/canvas/ExperienceLoader.jsx [Client Component Browser]
    ./components/canvas/ExperienceLoader.jsx [Server Component]
    ./app/page.js [Server Component] @ http://localhost:3000/_next/static/chunks/node_modules_next_dist_1e8vcs8._.js:1052
[67051959ms] [ERROR] ./components/canvas/scenes/HubConnections.jsx:8:1
Error: Export HUB_SCENE doesn't exist in target module
   6 | import { scrollStore } from "@/lib/scroll/scrollStore";
   7 | import { getActProgress } from "@/lib/scroll/actProgress";
>  8 | import { HUB_SCENE } from "@/lib/tuning";
     | ^^^^^^^^^^^^^^^^^^^^^^^^^^^^^^^^^^^^^^^^^
   9 | import { CHAINS } from "@/data/chains";
  10 | import { COMPANIES } from "@/data/companies";
  11 |

The export HUB_SCENE was not found in module [project]/lib/tuning.js [app-client] (ecmascript).
Did you mean to import RWA_SCENE?
All exports of the module are statically known (It doesn't have dynamic exports). So it's known statically that the requested export doesn't exist.

Import trace:
  Client Component Browser:
    ./components/canvas/scenes/HubConnections.jsx [Client Component Browser]
    ./components/canvas/Experience.jsx [Client Component Browser]
    ./components/canvas/ExperienceLoader.jsx [Client Component Browser]
    ./components/canvas/ExperienceLoader.jsx [Server Component]
    ./app/page.js [Server Component] @ http://localhost:3000/_next/static/chunks/node_modules_next_dist_1e8vcs8._.js:1052
[67051959ms] [ERROR] ./components/dom/EcosystemNodes.jsx:7:1
Error: Export HUB_SCENE doesn't exist in target module
   5 | import { getActProgress } from "@/lib/scroll/actProgress";
   6 | import { projectToScreen } from "@/lib/scroll/cameraBridge";
>  7 | import { HUB_SCENE } from "@/lib/tuning";
     | ^^^^^^^^^^^^^^^^^^^^^^^^^^^^^^^^^^^^^^^^^
   8 | import { CHAINS } from "@/data/chains";
   9 | import { COMPANIES } from "@/data/companies";
  10 | import styles from "./EcosystemNodes.module.css";

The export HUB_SCENE was not found in module [project]/lib/tuning.js [app-client] (ecmascript).
Did you mean to import RWA_SCENE?
All exports of the module are statically known (It doesn't have dynamic exports). So it's known statically that the requested export doesn't exist.

Import trace:
  Server Component:
    ./components/dom/EcosystemNodes.jsx
    ./app/page.js @ http://localhost:3000/_next/static/chunks/node_modules_next_dist_1e8vcs8._.js:1052
[67051960ms] [ERROR] ./components/dom/EcosystemNodes.jsx:7:1
Error: Export HUB_SCENE doesn't exist in target module
   5 | import { getActProgress } from "@/lib/scroll/actProgress";
   6 | import { projectToScreen } from "@/lib/scroll/cameraBridge";
>  7 | import { HUB_SCENE } from "@/lib/tuning";
     | ^^^^^^^^^^^^^^^^^^^^^^^^^^^^^^^^^^^^^^^^^
   8 | import { CHAINS } from "@/data/chains";
   9 | import { COMPANIES } from "@/data/companies";
  10 | import styles from "./EcosystemNodes.module.css";

The export HUB_SCENE was not found in module [project]/lib/tuning.js [app-ssr] (ecmascript).
Did you mean to import RWA_SCENE?
All exports of the module are statically known (It doesn't have dynamic exports). So it's known statically that the requested export doesn't exist.

Import trace:
  Server Component:
    ./components/dom/EcosystemNodes.jsx
    ./app/page.js @ http://localhost:3000/_next/static/chunks/node_modules_next_dist_1e8vcs8._.js:1052
[67052020ms] [ERROR] ./components/canvas/scenes/EcosystemField.jsx:8:1
Error: Export HUB_SCENE doesn't exist in target module
   6 | import { scrollStore } from "@/lib/scroll/scrollStore";
   7 | import { getActProgress } from "@/lib/scroll/actProgress";
>  8 | import { HUB_SCENE } from "@/lib/tuning";
     | ^^^^^^^^^^^^^^^^^^^^^^^^^^^^^^^^^^^^^^^^^
   9 | import { CHAINS } from "@/data/chains";
  10 | import { COMPANIES } from "@/data/companies";
  11 |

The export HUB_SCENE was not found in module [project]/lib/tuning.js [app-client] (ecmascript).
Did you mean to import RWA_SCENE?
All exports of the module are statically known (It doesn't have dynamic exports). So it's known statically that the requested export doesn't exist.

Import trace:
  Client Component Browser:
    ./components/canvas/scenes/EcosystemField.jsx [Client Component Browser]
    ./components/canvas/Experience.jsx [Client Component Browser]
    ./components/canvas/ExperienceLoader.jsx [Client Component Browser]
    ./components/canvas/ExperienceLoader.jsx [Server Component]
    ./app/page.js [Server Component] @ http://localhost:3000/_next/static/chunks/node_modules_next_dist_1e8vcs8._.js:1052
[67052020ms] [ERROR] ./components/canvas/scenes/HubConnections.jsx:8:1
Error: Export HUB_SCENE doesn't exist in target module
   6 | import { scrollStore } from "@/lib/scroll/scrollStore";
   7 | import { getActProgress } from "@/lib/scroll/actProgress";
>  8 | import { HUB_SCENE } from "@/lib/tuning";
     | ^^^^^^^^^^^^^^^^^^^^^^^^^^^^^^^^^^^^^^^^^
   9 | import { CHAINS } from "@/data/chains";
  10 | import { COMPANIES } from "@/data/companies";
  11 |

The export HUB_SCENE was not found in module [project]/lib/tuning.js [app-client] (ecmascript).
Did you mean to import RWA_SCENE?
All exports of the module are statically known (It doesn't have dynamic exports). So it's known statically that the requested export doesn't exist.

Import trace:
  Client Component Browser:
    ./components/canvas/scenes/HubConnections.jsx [Client Component Browser]
    ./components/canvas/Experience.jsx [Client Component Browser]
    ./components/canvas/ExperienceLoader.jsx [Client Component Browser]
    ./components/canvas/ExperienceLoader.jsx [Server Component]
    ./app/page.js [Server Component] @ http://localhost:3000/_next/static/chunks/node_modules_next_dist_1e8vcs8._.js:1052
[67052020ms] [ERROR] ./components/dom/EcosystemNodes.jsx:7:1
Error: Export HUB_SCENE doesn't exist in target module
   5 | import { getActProgress } from "@/lib/scroll/actProgress";
   6 | import { projectToScreen } from "@/lib/scroll/cameraBridge";
>  7 | import { HUB_SCENE } from "@/lib/tuning";
     | ^^^^^^^^^^^^^^^^^^^^^^^^^^^^^^^^^^^^^^^^^
   8 | import { CHAINS } from "@/data/chains";
   9 | import { COMPANIES } from "@/data/companies";
  10 | import styles from "./EcosystemNodes.module.css";

The export HUB_SCENE was not found in module [project]/lib/tuning.js [app-client] (ecmascript).
Did you mean to import RWA_SCENE?
All exports of the module are statically known (It doesn't have dynamic exports). So it's known statically that the requested export doesn't exist.

Import trace:
  Server Component:
    ./components/dom/EcosystemNodes.jsx
    ./app/page.js @ http://localhost:3000/_next/static/chunks/node_modules_next_dist_1e8vcs8._.js:1052
[67052020ms] [ERROR] ./components/dom/EcosystemNodes.jsx:7:1
Error: Export HUB_SCENE doesn't exist in target module
   5 | import { getActProgress } from "@/lib/scroll/actProgress";
   6 | import { projectToScreen } from "@/lib/scroll/cameraBridge";
>  7 | import { HUB_SCENE } from "@/lib/tuning";
     | ^^^^^^^^^^^^^^^^^^^^^^^^^^^^^^^^^^^^^^^^^
   8 | import { CHAINS } from "@/data/chains";
   9 | import { COMPANIES } from "@/data/companies";
  10 | import styles from "./EcosystemNodes.module.css";

The export HUB_SCENE was not found in module [project]/lib/tuning.js [app-ssr] (ecmascript).
Did you mean to import RWA_SCENE?
All exports of the module are statically known (It doesn't have dynamic exports). So it's known statically that the requested export doesn't exist.

Import trace:
  Server Component:
    ./components/dom/EcosystemNodes.jsx
    ./app/page.js @ http://localhost:3000/_next/static/chunks/node_modules_next_dist_1e8vcs8._.js:1052
[67052086ms] [LOG] [Fast Refresh] rebuilding @ http://localhost:3000/_next/static/chunks/node_modules_next_dist_1e8vcs8._.js:776
[67057469ms] [ERROR] ./components/canvas/scenes/EcosystemField.jsx:8:1
Error: Export HUB_SCENE doesn't exist in target module
   6 | import { scrollStore } from "@/lib/scroll/scrollStore";
   7 | import { getActProgress } from "@/lib/scroll/actProgress";
>  8 | import { HUB_SCENE } from "@/lib/tuning";
     | ^^^^^^^^^^^^^^^^^^^^^^^^^^^^^^^^^^^^^^^^^
   9 | import { CHAINS } from "@/data/chains";
  10 | import { COMPANIES } from "@/data/companies";
  11 |

The export HUB_SCENE was not found in module [project]/lib/tuning.js [app-client] (ecmascript).
Did you mean to import RWA_SCENE?
All exports of the module are statically known (It doesn't have dynamic exports). So it's known statically that the requested export doesn't exist.

Import trace:
  Client Component Browser:
    ./components/canvas/scenes/EcosystemField.jsx [Client Component Browser]
    ./components/canvas/Experience.jsx [Client Component Browser]
    ./components/canvas/ExperienceLoader.jsx [Client Component Browser]
    ./components/canvas/ExperienceLoader.jsx [Server Component]
    ./app/page.js [Server Component] @ http://localhost:3000/_next/static/chunks/node_modules_next_dist_1e8vcs8._.js:1052
[67057469ms] [ERROR] ./components/canvas/scenes/HubConnections.jsx:8:1
Error: Export HUB_SCENE doesn't exist in target module
   6 | import { scrollStore } from "@/lib/scroll/scrollStore";
   7 | import { getActProgress } from "@/lib/scroll/actProgress";
>  8 | import { HUB_SCENE } from "@/lib/tuning";
     | ^^^^^^^^^^^^^^^^^^^^^^^^^^^^^^^^^^^^^^^^^
   9 | import { CHAINS } from "@/data/chains";
  10 | import { COMPANIES } from "@/data/companies";
  11 |

The export HUB_SCENE was not found in module [project]/lib/tuning.js [app-client] (ecmascript).
Did you mean to import RWA_SCENE?
All exports of the module are statically known (It doesn't have dynamic exports). So it's known statically that the requested export doesn't exist.

Import trace:
  Client Component Browser:
    ./components/canvas/scenes/HubConnections.jsx [Client Component Browser]
    ./components/canvas/Experience.jsx [Client Component Browser]
    ./components/canvas/ExperienceLoader.jsx [Client Component Browser]
    ./components/canvas/ExperienceLoader.jsx [Server Component]
    ./app/page.js [Server Component] @ http://localhost:3000/_next/static/chunks/node_modules_next_dist_1e8vcs8._.js:1052
[67057470ms] [ERROR] ./components/dom/EcosystemNodes.jsx:7:1
Error: Export HUB_SCENE doesn't exist in target module
   5 | import { getActProgress } from "@/lib/scroll/actProgress";
   6 | import { projectToScreen } from "@/lib/scroll/cameraBridge";
>  7 | import { HUB_SCENE } from "@/lib/tuning";
     | ^^^^^^^^^^^^^^^^^^^^^^^^^^^^^^^^^^^^^^^^^
   8 | import { CHAINS } from "@/data/chains";
   9 | import { COMPANIES } from "@/data/companies";
  10 | import styles from "./EcosystemNodes.module.css";

The export HUB_SCENE was not found in module [project]/lib/tuning.js [app-client] (ecmascript).
Did you mean to import RWA_SCENE?
All exports of the module are statically known (It doesn't have dynamic exports). So it's known statically that the requested export doesn't exist.

Import trace:
  Server Component:
    ./components/dom/EcosystemNodes.jsx
    ./app/page.js @ http://localhost:3000/_next/static/chunks/node_modules_next_dist_1e8vcs8._.js:1052
[67057470ms] [ERROR] ./components/dom/EcosystemNodes.jsx:7:1
Error: Export HUB_SCENE doesn't exist in target module
   5 | import { getActProgress } from "@/lib/scroll/actProgress";
   6 | import { projectToScreen } from "@/lib/scroll/cameraBridge";
>  7 | import { HUB_SCENE } from "@/lib/tuning";
     | ^^^^^^^^^^^^^^^^^^^^^^^^^^^^^^^^^^^^^^^^^
   8 | import { CHAINS } from "@/data/chains";
   9 | import { COMPANIES } from "@/data/companies";
  10 | import styles from "./EcosystemNodes.module.css";

The export HUB_SCENE was not found in module [project]/lib/tuning.js [app-ssr] (ecmascript).
Did you mean to import RWA_SCENE?
All exports of the module are statically known (It doesn't have dynamic exports). So it's known statically that the requested export doesn't exist.

Import trace:
  Server Component:
    ./components/dom/EcosystemNodes.jsx
    ./app/page.js @ http://localhost:3000/_next/static/chunks/node_modules_next_dist_1e8vcs8._.js:1052
[67057499ms] [ERROR] ./components/canvas/scenes/EcosystemField.jsx:8:1
Error: Export HUB_SCENE doesn't exist in target module
   6 | import { scrollStore } from "@/lib/scroll/scrollStore";
   7 | import { getActProgress } from "@/lib/scroll/actProgress";
>  8 | import { HUB_SCENE } from "@/lib/tuning";
     | ^^^^^^^^^^^^^^^^^^^^^^^^^^^^^^^^^^^^^^^^^
   9 | import { CHAINS } from "@/data/chains";
  10 | import { COMPANIES } from "@/data/companies";
  11 |

The export HUB_SCENE was not found in module [project]/lib/tuning.js [app-client] (ecmascript).
Did you mean to import RWA_SCENE?
All exports of the module are statically known (It doesn't have dynamic exports). So it's known statically that the requested export doesn't exist.

Import trace:
  Client Component Browser:
    ./components/canvas/scenes/EcosystemField.jsx [Client Component Browser]
    ./components/canvas/Experience.jsx [Client Component Browser]
    ./components/canvas/ExperienceLoader.jsx [Client Component Browser]
    ./components/canvas/ExperienceLoader.jsx [Server Component]
    ./app/page.js [Server Component] @ http://localhost:3000/_next/static/chunks/node_modules_next_dist_1e8vcs8._.js:1052
[67057499ms] [ERROR] ./components/canvas/scenes/HubConnections.jsx:8:1
Error: Export HUB_SCENE doesn't exist in target module
   6 | import { scrollStore } from "@/lib/scroll/scrollStore";
   7 | import { getActProgress } from "@/lib/scroll/actProgress";
>  8 | import { HUB_SCENE } from "@/lib/tuning";
     | ^^^^^^^^^^^^^^^^^^^^^^^^^^^^^^^^^^^^^^^^^
   9 | import { CHAINS } from "@/data/chains";
  10 | import { COMPANIES } from "@/data/companies";
  11 |

The export HUB_SCENE was not found in module [project]/lib/tuning.js [app-client] (ecmascript).
Did you mean to import RWA_SCENE?
All exports of the module are statically known (It doesn't have dynamic exports). So it's known statically that the requested export doesn't exist.

Import trace:
  Client Component Browser:
    ./components/canvas/scenes/HubConnections.jsx [Client Component Browser]
    ./components/canvas/Experience.jsx [Client Component Browser]
    ./components/canvas/ExperienceLoader.jsx [Client Component Browser]
    ./components/canvas/ExperienceLoader.jsx [Server Component]
    ./app/page.js [Server Component] @ http://localhost:3000/_next/static/chunks/node_modules_next_dist_1e8vcs8._.js:1052
[67057500ms] [ERROR] ./components/dom/EcosystemNodes.jsx:7:1
Error: Export HUB_SCENE doesn't exist in target module
   5 | import { getActProgress } from "@/lib/scroll/actProgress";
   6 | import { projectToScreen } from "@/lib/scroll/cameraBridge";
>  7 | import { HUB_SCENE } from "@/lib/tuning";
     | ^^^^^^^^^^^^^^^^^^^^^^^^^^^^^^^^^^^^^^^^^
   8 | import { CHAINS } from "@/data/chains";
   9 | import { COMPANIES } from "@/data/companies";
  10 | import styles from "./EcosystemNodes.module.css";

The export HUB_SCENE was not found in module [project]/lib/tuning.js [app-client] (ecmascript).
Did you mean to import RWA_SCENE?
All exports of the module are statically known (It doesn't have dynamic exports). So it's known statically that the requested export doesn't exist.

Import trace:
  Server Component:
    ./components/dom/EcosystemNodes.jsx
    ./app/page.js @ http://localhost:3000/_next/static/chunks/node_modules_next_dist_1e8vcs8._.js:1052
[67057500ms] [ERROR] ./components/dom/EcosystemNodes.jsx:7:1
Error: Export HUB_SCENE doesn't exist in target module
   5 | import { getActProgress } from "@/lib/scroll/actProgress";
   6 | import { projectToScreen } from "@/lib/scroll/cameraBridge";
>  7 | import { HUB_SCENE } from "@/lib/tuning";
     | ^^^^^^^^^^^^^^^^^^^^^^^^^^^^^^^^^^^^^^^^^
   8 | import { CHAINS } from "@/data/chains";
   9 | import { COMPANIES } from "@/data/companies";
  10 | import styles from "./EcosystemNodes.module.css";

The export HUB_SCENE was not found in module [project]/lib/tuning.js [app-ssr] (ecmascript).
Did you mean to import RWA_SCENE?
All exports of the module are statically known (It doesn't have dynamic exports). So it's known statically that the requested export doesn't exist.

Import trace:
  Server Component:
    ./components/dom/EcosystemNodes.jsx
    ./app/page.js @ http://localhost:3000/_next/static/chunks/node_modules_next_dist_1e8vcs8._.js:1052
[67057572ms] [LOG] [Fast Refresh] rebuilding @ http://localhost:3000/_next/static/chunks/node_modules_next_dist_1e8vcs8._.js:776
[67058523ms] [ERROR] ./components/canvas/scenes/EcosystemField.jsx:8:1
Error: Export HUB_SCENE doesn't exist in target module
   6 | import { scrollStore } from "@/lib/scroll/scrollStore";
   7 | import { getActProgress } from "@/lib/scroll/actProgress";
>  8 | import { HUB_SCENE } from "@/lib/tuning";
     | ^^^^^^^^^^^^^^^^^^^^^^^^^^^^^^^^^^^^^^^^^
   9 | import { CHAINS } from "@/data/chains";
  10 | import { COMPANIES } from "@/data/companies";
  11 |

The export HUB_SCENE was not found in module [project]/lib/tuning.js [app-client] (ecmascript).
Did you mean to import RWA_SCENE?
All exports of the module are statically known (It doesn't have dynamic exports). So it's known statically that the requested export doesn't exist.

Import trace:
  Client Component Browser:
    ./components/canvas/scenes/EcosystemField.jsx [Client Component Browser]
    ./components/canvas/Experience.jsx [Client Component Browser]
    ./components/canvas/ExperienceLoader.jsx [Client Component Browser]
    ./components/canvas/ExperienceLoader.jsx [Server Component]
    ./app/page.js [Server Component] @ http://localhost:3000/_next/static/chunks/node_modules_next_dist_1e8vcs8._.js:1052
[67058524ms] [ERROR] ./components/canvas/scenes/HubConnections.jsx:8:1
Error: Export HUB_SCENE doesn't exist in target module
   6 | import { scrollStore } from "@/lib/scroll/scrollStore";
   7 | import { getActProgress } from "@/lib/scroll/actProgress";
>  8 | import { HUB_SCENE } from "@/lib/tuning";
     | ^^^^^^^^^^^^^^^^^^^^^^^^^^^^^^^^^^^^^^^^^
   9 | import { CHAINS } from "@/data/chains";
  10 | import { COMPANIES } from "@/data/companies";
  11 |

The export HUB_SCENE was not found in module [project]/lib/tuning.js [app-client] (ecmascript).
Did you mean to import RWA_SCENE?
All exports of the module are statically known (It doesn't have dynamic exports). So it's known statically that the requested export doesn't exist.

Import trace:
  Client Component Browser:
    ./components/canvas/scenes/HubConnections.jsx [Client Component Browser]
    ./components/canvas/Experience.jsx [Client Component Browser]
    ./components/canvas/ExperienceLoader.jsx [Client Component Browser]
    ./components/canvas/ExperienceLoader.jsx [Server Component]
    ./app/page.js [Server Component] @ http://localhost:3000/_next/static/chunks/node_modules_next_dist_1e8vcs8._.js:1052
[67058524ms] [ERROR] ./components/dom/EcosystemNodes.jsx:7:1
Error: Export HUB_SCENE doesn't exist in target module
   5 | import { getActProgress } from "@/lib/scroll/actProgress";
   6 | import { projectToScreen } from "@/lib/scroll/cameraBridge";
>  7 | import { HUB_SCENE } from "@/lib/tuning";
     | ^^^^^^^^^^^^^^^^^^^^^^^^^^^^^^^^^^^^^^^^^
   8 | import { CHAINS } from "@/data/chains";
   9 | import { COMPANIES } from "@/data/companies";
  10 | import styles from "./EcosystemNodes.module.css";

The export HUB_SCENE was not found in module [project]/lib/tuning.js [app-client] (ecmascript).
Did you mean to import RWA_SCENE?
All exports of the module are statically known (It doesn't have dynamic exports). So it's known statically that the requested export doesn't exist.

Import trace:
  Server Component:
    ./components/dom/EcosystemNodes.jsx
    ./app/page.js @ http://localhost:3000/_next/static/chunks/node_modules_next_dist_1e8vcs8._.js:1052
[67058524ms] [ERROR] ./components/dom/EcosystemNodes.jsx:7:1
Error: Export HUB_SCENE doesn't exist in target module
   5 | import { getActProgress } from "@/lib/scroll/actProgress";
   6 | import { projectToScreen } from "@/lib/scroll/cameraBridge";
>  7 | import { HUB_SCENE } from "@/lib/tuning";
     | ^^^^^^^^^^^^^^^^^^^^^^^^^^^^^^^^^^^^^^^^^
   8 | import { CHAINS } from "@/data/chains";
   9 | import { COMPANIES } from "@/data/companies";
  10 | import styles from "./EcosystemNodes.module.css";

The export HUB_SCENE was not found in module [project]/lib/tuning.js [app-ssr] (ecmascript).
Did you mean to import RWA_SCENE?
All exports of the module are statically known (It doesn't have dynamic exports). So it's known statically that the requested export doesn't exist.

Import trace:
  Server Component:
    ./components/dom/EcosystemNodes.jsx
    ./app/page.js @ http://localhost:3000/_next/static/chunks/node_modules_next_dist_1e8vcs8._.js:1052
[67058631ms] [ERROR] ./components/canvas/scenes/EcosystemField.jsx:8:1
Error: Export HUB_SCENE doesn't exist in target module
   6 | import { scrollStore } from "@/lib/scroll/scrollStore";
   7 | import { getActProgress } from "@/lib/scroll/actProgress";
>  8 | import { HUB_SCENE } from "@/lib/tuning";
     | ^^^^^^^^^^^^^^^^^^^^^^^^^^^^^^^^^^^^^^^^^
   9 | import { CHAINS } from "@/data/chains";
  10 | import { COMPANIES } from "@/data/companies";
  11 |

The export HUB_SCENE was not found in module [project]/lib/tuning.js [app-client] (ecmascript).
Did you mean to import RWA_SCENE?
All exports of the module are statically known (It doesn't have dynamic exports). So it's known statically that the requested export doesn't exist.

Import trace:
  Client Component Browser:
    ./components/canvas/scenes/EcosystemField.jsx [Client Component Browser]
    ./components/canvas/Experience.jsx [Client Component Browser]
    ./components/canvas/ExperienceLoader.jsx [Client Component Browser]
    ./components/canvas/ExperienceLoader.jsx [Server Component]
    ./app/page.js [Server Component] @ http://localhost:3000/_next/static/chunks/node_modules_next_dist_1e8vcs8._.js:1052
[67058631ms] [ERROR] ./components/canvas/scenes/HubConnections.jsx:8:1
Error: Export HUB_SCENE doesn't exist in target module
   6 | import { scrollStore } from "@/lib/scroll/scrollStore";
   7 | import { getActProgress } from "@/lib/scroll/actProgress";
>  8 | import { HUB_SCENE } from "@/lib/tuning";
     | ^^^^^^^^^^^^^^^^^^^^^^^^^^^^^^^^^^^^^^^^^
   9 | import { CHAINS } from "@/data/chains";
  10 | import { COMPANIES } from "@/data/companies";
  11 |

The export HUB_SCENE was not found in module [project]/lib/tuning.js [app-client] (ecmascript).
Did you mean to import RWA_SCENE?
All exports of the module are statically known (It doesn't have dynamic exports). So it's known statically that the requested export doesn't exist.

Import trace:
  Client Component Browser:
    ./components/canvas/scenes/HubConnections.jsx [Client Component Browser]
    ./components/canvas/Experience.jsx [Client Component Browser]
    ./components/canvas/ExperienceLoader.jsx [Client Component Browser]
    ./components/canvas/ExperienceLoader.jsx [Server Component]
    ./app/page.js [Server Component] @ http://localhost:3000/_next/static/chunks/node_modules_next_dist_1e8vcs8._.js:1052
[67058631ms] [ERROR] ./components/dom/EcosystemNodes.jsx:7:1
Error: Export HUB_SCENE doesn't exist in target module
   5 | import { getActProgress } from "@/lib/scroll/actProgress";
   6 | import { projectToScreen } from "@/lib/scroll/cameraBridge";
>  7 | import { HUB_SCENE } from "@/lib/tuning";
     | ^^^^^^^^^^^^^^^^^^^^^^^^^^^^^^^^^^^^^^^^^
   8 | import { CHAINS } from "@/data/chains";
   9 | import { COMPANIES } from "@/data/companies";
  10 | import styles from "./EcosystemNodes.module.css";

The export HUB_SCENE was not found in module [project]/lib/tuning.js [app-client] (ecmascript).
Did you mean to import RWA_SCENE?
All exports of the module are statically known (It doesn't have dynamic exports). So it's known statically that the requested export doesn't exist.

Import trace:
  Server Component:
    ./components/dom/EcosystemNodes.jsx
    ./app/page.js @ http://localhost:3000/_next/static/chunks/node_modules_next_dist_1e8vcs8._.js:1052
[67058631ms] [ERROR] ./components/dom/EcosystemNodes.jsx:7:1
Error: Export HUB_SCENE doesn't exist in target module
   5 | import { getActProgress } from "@/lib/scroll/actProgress";
   6 | import { projectToScreen } from "@/lib/scroll/cameraBridge";
>  7 | import { HUB_SCENE } from "@/lib/tuning";
     | ^^^^^^^^^^^^^^^^^^^^^^^^^^^^^^^^^^^^^^^^^
   8 | import { CHAINS } from "@/data/chains";
   9 | import { COMPANIES } from "@/data/companies";
  10 | import styles from "./EcosystemNodes.module.css";

The export HUB_SCENE was not found in module [project]/lib/tuning.js [app-ssr] (ecmascript).
Did you mean to import RWA_SCENE?
All exports of the module are statically known (It doesn't have dynamic exports). So it's known statically that the requested export doesn't exist.

Import trace:
  Server Component:
    ./components/dom/EcosystemNodes.jsx
    ./app/page.js @ http://localhost:3000/_next/static/chunks/node_modules_next_dist_1e8vcs8._.js:1052
[67058690ms] [LOG] [Fast Refresh] rebuilding @ http://localhost:3000/_next/static/chunks/node_modules_next_dist_1e8vcs8._.js:776
[67064037ms] [ERROR] ./components/canvas/scenes/EcosystemField.jsx:8:1
Error: Export HUB_SCENE doesn't exist in target module
   6 | import { scrollStore } from "@/lib/scroll/scrollStore";
   7 | import { getActProgress } from "@/lib/scroll/actProgress";
>  8 | import { HUB_SCENE } from "@/lib/tuning";
     | ^^^^^^^^^^^^^^^^^^^^^^^^^^^^^^^^^^^^^^^^^
   9 | import { CHAINS } from "@/data/chains";
  10 | import { COMPANIES } from "@/data/companies";
  11 |

The export HUB_SCENE was not found in module [project]/lib/tuning.js [app-client] (ecmascript).
Did you mean to import RWA_SCENE?
All exports of the module are statically known (It doesn't have dynamic exports). So it's known statically that the requested export doesn't exist.

Import trace:
  Client Component Browser:
    ./components/canvas/scenes/EcosystemField.jsx [Client Component Browser]
    ./components/canvas/Experience.jsx [Client Component Browser]
    ./components/canvas/ExperienceLoader.jsx [Client Component Browser]
    ./components/canvas/ExperienceLoader.jsx [Server Component]
    ./app/page.js [Server Component] @ http://localhost:3000/_next/static/chunks/node_modules_next_dist_1e8vcs8._.js:1052
[67064037ms] [ERROR] ./components/canvas/scenes/HubConnections.jsx:8:1
Error: Export HUB_SCENE doesn't exist in target module
   6 | import { scrollStore } from "@/lib/scroll/scrollStore";
   7 | import { getActProgress } from "@/lib/scroll/actProgress";
>  8 | import { HUB_SCENE } from "@/lib/tuning";
     | ^^^^^^^^^^^^^^^^^^^^^^^^^^^^^^^^^^^^^^^^^
   9 | import { CHAINS } from "@/data/chains";
  10 | import { COMPANIES } from "@/data/companies";
  11 |

The export HUB_SCENE was not found in module [project]/lib/tuning.js [app-client] (ecmascript).
Did you mean to import RWA_SCENE?
All exports of the module are statically known (It doesn't have dynamic exports). So it's known statically that the requested export doesn't exist.

Import trace:
  Client Component Browser:
    ./components/canvas/scenes/HubConnections.jsx [Client Component Browser]
    ./components/canvas/Experience.jsx [Client Component Browser]
    ./components/canvas/ExperienceLoader.jsx [Client Component Browser]
    ./components/canvas/ExperienceLoader.jsx [Server Component]
    ./app/page.js [Server Component] @ http://localhost:3000/_next/static/chunks/node_modules_next_dist_1e8vcs8._.js:1052
[67064037ms] [ERROR] ./components/dom/EcosystemNodes.jsx:7:1
Error: Export HUB_SCENE doesn't exist in target module
   5 | import { getActProgress } from "@/lib/scroll/actProgress";
   6 | import { projectToScreen } from "@/lib/scroll/cameraBridge";
>  7 | import { HUB_SCENE } from "@/lib/tuning";
     | ^^^^^^^^^^^^^^^^^^^^^^^^^^^^^^^^^^^^^^^^^
   8 | import { CHAINS } from "@/data/chains";
   9 | import { COMPANIES } from "@/data/companies";
  10 | import styles from "./EcosystemNodes.module.css";

The export HUB_SCENE was not found in module [project]/lib/tuning.js [app-client] (ecmascript).
Did you mean to import RWA_SCENE?
All exports of the module are statically known (It doesn't have dynamic exports). So it's known statically that the requested export doesn't exist.

Import trace:
  Server Component:
    ./components/dom/EcosystemNodes.jsx
    ./app/page.js @ http://localhost:3000/_next/static/chunks/node_modules_next_dist_1e8vcs8._.js:1052
[67064037ms] [ERROR] ./components/dom/EcosystemNodes.jsx:7:1
Error: Export HUB_SCENE doesn't exist in target module
   5 | import { getActProgress } from "@/lib/scroll/actProgress";
   6 | import { projectToScreen } from "@/lib/scroll/cameraBridge";
>  7 | import { HUB_SCENE } from "@/lib/tuning";
     | ^^^^^^^^^^^^^^^^^^^^^^^^^^^^^^^^^^^^^^^^^
   8 | import { CHAINS } from "@/data/chains";
   9 | import { COMPANIES } from "@/data/companies";
  10 | import styles from "./EcosystemNodes.module.css";

The export HUB_SCENE was not found in module [project]/lib/tuning.js [app-ssr] (ecmascript).
Did you mean to import RWA_SCENE?
All exports of the module are statically known (It doesn't have dynamic exports). So it's known statically that the requested export doesn't exist.

Import trace:
  Server Component:
    ./components/dom/EcosystemNodes.jsx
    ./app/page.js @ http://localhost:3000/_next/static/chunks/node_modules_next_dist_1e8vcs8._.js:1052
[67064645ms] [ERROR] ./components/canvas/scenes/EcosystemField.jsx:8:1
Error: Export HUB_SCENE doesn't exist in target module
   6 | import { scrollStore } from "@/lib/scroll/scrollStore";
   7 | import { getActProgress } from "@/lib/scroll/actProgress";
>  8 | import { HUB_SCENE } from "@/lib/tuning";
     | ^^^^^^^^^^^^^^^^^^^^^^^^^^^^^^^^^^^^^^^^^
   9 | import { CHAINS } from "@/data/chains";
  10 | import { COMPANIES } from "@/data/companies";
  11 |

The export HUB_SCENE was not found in module [project]/lib/tuning.js [app-client] (ecmascript).
Did you mean to import RWA_SCENE?
All exports of the module are statically known (It doesn't have dynamic exports). So it's known statically that the requested export doesn't exist.

Import trace:
  Client Component Browser:
    ./components/canvas/scenes/EcosystemField.jsx [Client Component Browser]
    ./components/canvas/Experience.jsx [Client Component Browser]
    ./components/canvas/ExperienceLoader.jsx [Client Component Browser]
    ./components/canvas/ExperienceLoader.jsx [Server Component]
    ./app/page.js [Server Component] @ http://localhost:3000/_next/static/chunks/node_modules_next_dist_1e8vcs8._.js:1052
[67064645ms] [ERROR] ./components/canvas/scenes/HubConnections.jsx:8:1
Error: Export HUB_SCENE doesn't exist in target module
   6 | import { scrollStore } from "@/lib/scroll/scrollStore";
   7 | import { getActProgress } from "@/lib/scroll/actProgress";
>  8 | import { HUB_SCENE } from "@/lib/tuning";
     | ^^^^^^^^^^^^^^^^^^^^^^^^^^^^^^^^^^^^^^^^^
   9 | import { CHAINS } from "@/data/chains";
  10 | import { COMPANIES } from "@/data/companies";
  11 |

The export HUB_SCENE was not found in module [project]/lib/tuning.js [app-client] (ecmascript).
Did you mean to import RWA_SCENE?
All exports of the module are statically known (It doesn't have dynamic exports). So it's known statically that the requested export doesn't exist.

Import trace:
  Client Component Browser:
    ./components/canvas/scenes/HubConnections.jsx [Client Component Browser]
    ./components/canvas/Experience.jsx [Client Component Browser]
    ./components/canvas/ExperienceLoader.jsx [Client Component Browser]
    ./components/canvas/ExperienceLoader.jsx [Server Component]
    ./app/page.js [Server Component] @ http://localhost:3000/_next/static/chunks/node_modules_next_dist_1e8vcs8._.js:1052
[67064645ms] [ERROR] ./components/dom/EcosystemNodes.jsx:7:1
Error: Export HUB_SCENE doesn't exist in target module
   5 | import { getActProgress } from "@/lib/scroll/actProgress";
   6 | import { projectToScreen } from "@/lib/scroll/cameraBridge";
>  7 | import { HUB_SCENE } from "@/lib/tuning";
     | ^^^^^^^^^^^^^^^^^^^^^^^^^^^^^^^^^^^^^^^^^
   8 | import { CHAINS } from "@/data/chains";
   9 | import { COMPANIES } from "@/data/companies";
  10 | import styles from "./EcosystemNodes.module.css";

The export HUB_SCENE was not found in module [project]/lib/tuning.js [app-client] (ecmascript).
Did you mean to import RWA_SCENE?
All exports of the module are statically known (It doesn't have dynamic exports). So it's known statically that the requested export doesn't exist.

Import trace:
  Server Component:
    ./components/dom/EcosystemNodes.jsx
    ./app/page.js @ http://localhost:3000/_next/static/chunks/node_modules_next_dist_1e8vcs8._.js:1052
[67064645ms] [ERROR] ./components/dom/EcosystemNodes.jsx:7:1
Error: Export HUB_SCENE doesn't exist in target module
   5 | import { getActProgress } from "@/lib/scroll/actProgress";
   6 | import { projectToScreen } from "@/lib/scroll/cameraBridge";
>  7 | import { HUB_SCENE } from "@/lib/tuning";
     | ^^^^^^^^^^^^^^^^^^^^^^^^^^^^^^^^^^^^^^^^^
   8 | import { CHAINS } from "@/data/chains";
   9 | import { COMPANIES } from "@/data/companies";
  10 | import styles from "./EcosystemNodes.module.css";

The export HUB_SCENE was not found in module [project]/lib/tuning.js [app-ssr] (ecmascript).
Did you mean to import RWA_SCENE?
All exports of the module are statically known (It doesn't have dynamic exports). So it's known statically that the requested export doesn't exist.

Import trace:
  Server Component:
    ./components/dom/EcosystemNodes.jsx
    ./app/page.js @ http://localhost:3000/_next/static/chunks/node_modules_next_dist_1e8vcs8._.js:1052
[67064720ms] [LOG] [Fast Refresh] rebuilding @ http://localhost:3000/_next/static/chunks/node_modules_next_dist_1e8vcs8._.js:776
[67065653ms] [ERROR] ./components/canvas/scenes/EcosystemField.jsx:8:1
Error: Export HUB_SCENE doesn't exist in target module
   6 | import { scrollStore } from "@/lib/scroll/scrollStore";
   7 | import { getActProgress } from "@/lib/scroll/actProgress";
>  8 | import { HUB_SCENE } from "@/lib/tuning";
     | ^^^^^^^^^^^^^^^^^^^^^^^^^^^^^^^^^^^^^^^^^
   9 | import { CHAINS } from "@/data/chains";
  10 | import { COMPANIES } from "@/data/companies";
  11 |

The export HUB_SCENE was not found in module [project]/lib/tuning.js [app-client] (ecmascript).
Did you mean to import RWA_SCENE?
All exports of the module are statically known (It doesn't have dynamic exports). So it's known statically that the requested export doesn't exist.

Import trace:
  Client Component Browser:
    ./components/canvas/scenes/EcosystemField.jsx [Client Component Browser]
    ./components/canvas/Experience.jsx [Client Component Browser]
    ./components/canvas/ExperienceLoader.jsx [Client Component Browser]
    ./components/canvas/ExperienceLoader.jsx [Server Component]
    ./app/page.js [Server Component] @ http://localhost:3000/_next/static/chunks/node_modules_next_dist_1e8vcs8._.js:1052
[67065653ms] [ERROR] ./components/canvas/scenes/HubConnections.jsx:8:1
Error: Export HUB_SCENE doesn't exist in target module
   6 | import { scrollStore } from "@/lib/scroll/scrollStore";
   7 | import { getActProgress } from "@/lib/scroll/actProgress";
>  8 | import { HUB_SCENE } from "@/lib/tuning";
     | ^^^^^^^^^^^^^^^^^^^^^^^^^^^^^^^^^^^^^^^^^
   9 | import { CHAINS } from "@/data/chains";
  10 | import { COMPANIES } from "@/data/companies";
  11 |

The export HUB_SCENE was not found in module [project]/lib/tuning.js [app-client] (ecmascript).
Did you mean to import RWA_SCENE?
All exports of the module are statically known (It doesn't have dynamic exports). So it's known statically that the requested export doesn't exist.

Import trace:
  Client Component Browser:
    ./components/canvas/scenes/HubConnections.jsx [Client Component Browser]
    ./components/canvas/Experience.jsx [Client Component Browser]
    ./components/canvas/ExperienceLoader.jsx [Client Component Browser]
    ./components/canvas/ExperienceLoader.jsx [Server Component]
    ./app/page.js [Server Component] @ http://localhost:3000/_next/static/chunks/node_modules_next_dist_1e8vcs8._.js:1052
[67065653ms] [ERROR] ./components/dom/EcosystemNodes.jsx:7:1
Error: Export HUB_SCENE doesn't exist in target module
   5 | import { getActProgress } from "@/lib/scroll/actProgress";
   6 | import { projectToScreen } from "@/lib/scroll/cameraBridge";
>  7 | import { HUB_SCENE } from "@/lib/tuning";
     | ^^^^^^^^^^^^^^^^^^^^^^^^^^^^^^^^^^^^^^^^^
   8 | import { CHAINS } from "@/data/chains";
   9 | import { COMPANIES } from "@/data/companies";
  10 | import styles from "./EcosystemNodes.module.css";

The export HUB_SCENE was not found in module [project]/lib/tuning.js [app-client] (ecmascript).
Did you mean to import RWA_SCENE?
All exports of the module are statically known (It doesn't have dynamic exports). So it's known statically that the requested export doesn't exist.

Import trace:
  Server Component:
    ./components/dom/EcosystemNodes.jsx
    ./app/page.js @ http://localhost:3000/_next/static/chunks/node_modules_next_dist_1e8vcs8._.js:1052
[67065653ms] [ERROR] ./components/dom/EcosystemNodes.jsx:7:1
Error: Export HUB_SCENE doesn't exist in target module
   5 | import { getActProgress } from "@/lib/scroll/actProgress";
   6 | import { projectToScreen } from "@/lib/scroll/cameraBridge";
>  7 | import { HUB_SCENE } from "@/lib/tuning";
     | ^^^^^^^^^^^^^^^^^^^^^^^^^^^^^^^^^^^^^^^^^
   8 | import { CHAINS } from "@/data/chains";
   9 | import { COMPANIES } from "@/data/companies";
  10 | import styles from "./EcosystemNodes.module.css";

The export HUB_SCENE was not found in module [project]/lib/tuning.js [app-ssr] (ecmascript).
Did you mean to import RWA_SCENE?
All exports of the module are statically known (It doesn't have dynamic exports). So it's known statically that the requested export doesn't exist.

Import trace:
  Server Component:
    ./components/dom/EcosystemNodes.jsx
    ./app/page.js @ http://localhost:3000/_next/static/chunks/node_modules_next_dist_1e8vcs8._.js:1052
[67065714ms] [ERROR] ./components/canvas/scenes/EcosystemField.jsx:8:1
Error: Export HUB_SCENE doesn't exist in target module
   6 | import { scrollStore } from "@/lib/scroll/scrollStore";
   7 | import { getActProgress } from "@/lib/scroll/actProgress";
>  8 | import { HUB_SCENE } from "@/lib/tuning";
     | ^^^^^^^^^^^^^^^^^^^^^^^^^^^^^^^^^^^^^^^^^
   9 | import { CHAINS } from "@/data/chains";
  10 | import { COMPANIES } from "@/data/companies";
  11 |

The export HUB_SCENE was not found in module [project]/lib/tuning.js [app-client] (ecmascript).
Did you mean to import RWA_SCENE?
All exports of the module are statically known (It doesn't have dynamic exports). So it's known statically that the requested export doesn't exist.

Import trace:
  Client Component Browser:
    ./components/canvas/scenes/EcosystemField.jsx [Client Component Browser]
    ./components/canvas/Experience.jsx [Client Component Browser]
    ./components/canvas/ExperienceLoader.jsx [Client Component Browser]
    ./components/canvas/ExperienceLoader.jsx [Server Component]
    ./app/page.js [Server Component] @ http://localhost:3000/_next/static/chunks/node_modules_next_dist_1e8vcs8._.js:1052
[67065714ms] [ERROR] ./components/canvas/scenes/HubConnections.jsx:8:1
Error: Export HUB_SCENE doesn't exist in target module
   6 | import { scrollStore } from "@/lib/scroll/scrollStore";
   7 | import { getActProgress } from "@/lib/scroll/actProgress";
>  8 | import { HUB_SCENE } from "@/lib/tuning";
     | ^^^^^^^^^^^^^^^^^^^^^^^^^^^^^^^^^^^^^^^^^
   9 | import { CHAINS } from "@/data/chains";
  10 | import { COMPANIES } from "@/data/companies";
  11 |

The export HUB_SCENE was not found in module [project]/lib/tuning.js [app-client] (ecmascript).
Did you mean to import RWA_SCENE?
All exports of the module are statically known (It doesn't have dynamic exports). So it's known statically that the requested export doesn't exist.

Import trace:
  Client Component Browser:
    ./components/canvas/scenes/HubConnections.jsx [Client Component Browser]
    ./components/canvas/Experience.jsx [Client Component Browser]
    ./components/canvas/ExperienceLoader.jsx [Client Component Browser]
    ./components/canvas/ExperienceLoader.jsx [Server Component]
    ./app/page.js [Server Component] @ http://localhost:3000/_next/static/chunks/node_modules_next_dist_1e8vcs8._.js:1052
[67065714ms] [ERROR] ./components/dom/EcosystemNodes.jsx:7:1
Error: Export HUB_SCENE doesn't exist in target module
   5 | import { getActProgress } from "@/lib/scroll/actProgress";
   6 | import { projectToScreen } from "@/lib/scroll/cameraBridge";
>  7 | import { HUB_SCENE } from "@/lib/tuning";
     | ^^^^^^^^^^^^^^^^^^^^^^^^^^^^^^^^^^^^^^^^^
   8 | import { CHAINS } from "@/data/chains";
   9 | import { COMPANIES } from "@/data/companies";
  10 | import styles from "./EcosystemNodes.module.css";

The export HUB_SCENE was not found in module [project]/lib/tuning.js [app-client] (ecmascript).
Did you mean to import RWA_SCENE?
All exports of the module are statically known (It doesn't have dynamic exports). So it's known statically that the requested export doesn't exist.

Import trace:
  Server Component:
    ./components/dom/EcosystemNodes.jsx
    ./app/page.js @ http://localhost:3000/_next/static/chunks/node_modules_next_dist_1e8vcs8._.js:1052
[67065714ms] [ERROR] ./components/dom/EcosystemNodes.jsx:7:1
Error: Export HUB_SCENE doesn't exist in target module
   5 | import { getActProgress } from "@/lib/scroll/actProgress";
   6 | import { projectToScreen } from "@/lib/scroll/cameraBridge";
>  7 | import { HUB_SCENE } from "@/lib/tuning";
     | ^^^^^^^^^^^^^^^^^^^^^^^^^^^^^^^^^^^^^^^^^
   8 | import { CHAINS } from "@/data/chains";
   9 | import { COMPANIES } from "@/data/companies";
  10 | import styles from "./EcosystemNodes.module.css";

The export HUB_SCENE was not found in module [project]/lib/tuning.js [app-ssr] (ecmascript).
Did you mean to import RWA_SCENE?
All exports of the module are statically known (It doesn't have dynamic exports). So it's known statically that the requested export doesn't exist.

Import trace:
  Server Component:
    ./components/dom/EcosystemNodes.jsx
    ./app/page.js @ http://localhost:3000/_next/static/chunks/node_modules_next_dist_1e8vcs8._.js:1052
[67065789ms] [LOG] [Fast Refresh] rebuilding @ http://localhost:3000/_next/static/chunks/node_modules_next_dist_1e8vcs8._.js:776
[67066715ms] [ERROR] ./components/canvas/scenes/EcosystemField.jsx:8:1
Error: Export HUB_SCENE doesn't exist in target module
   6 | import { scrollStore } from "@/lib/scroll/scrollStore";
   7 | import { getActProgress } from "@/lib/scroll/actProgress";
>  8 | import { HUB_SCENE } from "@/lib/tuning";
     | ^^^^^^^^^^^^^^^^^^^^^^^^^^^^^^^^^^^^^^^^^
   9 | import { CHAINS } from "@/data/chains";
  10 | import { COMPANIES } from "@/data/companies";
  11 |

The export HUB_SCENE was not found in module [project]/lib/tuning.js [app-client] (ecmascript).
Did you mean to import RWA_SCENE?
All exports of the module are statically known (It doesn't have dynamic exports). So it's known statically that the requested export doesn't exist.

Import trace:
  Client Component Browser:
    ./components/canvas/scenes/EcosystemField.jsx [Client Component Browser]
    ./components/canvas/Experience.jsx [Client Component Browser]
    ./components/canvas/ExperienceLoader.jsx [Client Component Browser]
    ./components/canvas/ExperienceLoader.jsx [Server Component]
    ./app/page.js [Server Component] @ http://localhost:3000/_next/static/chunks/node_modules_next_dist_1e8vcs8._.js:1052
[67066716ms] [ERROR] ./components/canvas/scenes/HubConnections.jsx:8:1
Error: Export HUB_SCENE doesn't exist in target module
   6 | import { scrollStore } from "@/lib/scroll/scrollStore";
   7 | import { getActProgress } from "@/lib/scroll/actProgress";
>  8 | import { HUB_SCENE } from "@/lib/tuning";
     | ^^^^^^^^^^^^^^^^^^^^^^^^^^^^^^^^^^^^^^^^^
   9 | import { CHAINS } from "@/data/chains";
  10 | import { COMPANIES } from "@/data/companies";
  11 |

The export HUB_SCENE was not found in module [project]/lib/tuning.js [app-client] (ecmascript).
Did you mean to import RWA_SCENE?
All exports of the module are statically known (It doesn't have dynamic exports). So it's known statically that the requested export doesn't exist.

Import trace:
  Client Component Browser:
    ./components/canvas/scenes/HubConnections.jsx [Client Component Browser]
    ./components/canvas/Experience.jsx [Client Component Browser]
    ./components/canvas/ExperienceLoader.jsx [Client Component Browser]
    ./components/canvas/ExperienceLoader.jsx [Server Component]
    ./app/page.js [Server Component] @ http://localhost:3000/_next/static/chunks/node_modules_next_dist_1e8vcs8._.js:1052
[67066716ms] [ERROR] ./components/dom/EcosystemNodes.jsx:7:1
Error: Export HUB_SCENE doesn't exist in target module
   5 | import { getActProgress } from "@/lib/scroll/actProgress";
   6 | import { projectToScreen } from "@/lib/scroll/cameraBridge";
>  7 | import { HUB_SCENE } from "@/lib/tuning";
     | ^^^^^^^^^^^^^^^^^^^^^^^^^^^^^^^^^^^^^^^^^
   8 | import { CHAINS } from "@/data/chains";
   9 | import { COMPANIES } from "@/data/companies";
  10 | import styles from "./EcosystemNodes.module.css";

The export HUB_SCENE was not found in module [project]/lib/tuning.js [app-client] (ecmascript).
Did you mean to import RWA_SCENE?
All exports of the module are statically known (It doesn't have dynamic exports). So it's known statically that the requested export doesn't exist.

Import trace:
  Server Component:
    ./components/dom/EcosystemNodes.jsx
    ./app/page.js @ http://localhost:3000/_next/static/chunks/node_modules_next_dist_1e8vcs8._.js:1052
[67066716ms] [ERROR] ./components/dom/EcosystemNodes.jsx:7:1
Error: Export HUB_SCENE doesn't exist in target module
   5 | import { getActProgress } from "@/lib/scroll/actProgress";
   6 | import { projectToScreen } from "@/lib/scroll/cameraBridge";
>  7 | import { HUB_SCENE } from "@/lib/tuning";
     | ^^^^^^^^^^^^^^^^^^^^^^^^^^^^^^^^^^^^^^^^^
   8 | import { CHAINS } from "@/data/chains";
   9 | import { COMPANIES } from "@/data/companies";
  10 | import styles from "./EcosystemNodes.module.css";

The export HUB_SCENE was not found in module [project]/lib/tuning.js [app-ssr] (ecmascript).
Did you mean to import RWA_SCENE?
All exports of the module are statically known (It doesn't have dynamic exports). So it's known statically that the requested export doesn't exist.

Import trace:
  Server Component:
    ./components/dom/EcosystemNodes.jsx
    ./app/page.js @ http://localhost:3000/_next/static/chunks/node_modules_next_dist_1e8vcs8._.js:1052
[67066774ms] [ERROR] ./components/canvas/scenes/EcosystemField.jsx:8:1
Error: Export HUB_SCENE doesn't exist in target module
   6 | import { scrollStore } from "@/lib/scroll/scrollStore";
   7 | import { getActProgress } from "@/lib/scroll/actProgress";
>  8 | import { HUB_SCENE } from "@/lib/tuning";
     | ^^^^^^^^^^^^^^^^^^^^^^^^^^^^^^^^^^^^^^^^^
   9 | import { CHAINS } from "@/data/chains";
  10 | import { COMPANIES } from "@/data/companies";
  11 |

The export HUB_SCENE was not found in module [project]/lib/tuning.js [app-client] (ecmascript).
Did you mean to import RWA_SCENE?
All exports of the module are statically known (It doesn't have dynamic exports). So it's known statically that the requested export doesn't exist.

Import trace:
  Client Component Browser:
    ./components/canvas/scenes/EcosystemField.jsx [Client Component Browser]
    ./components/canvas/Experience.jsx [Client Component Browser]
    ./components/canvas/ExperienceLoader.jsx [Client Component Browser]
    ./components/canvas/ExperienceLoader.jsx [Server Component]
    ./app/page.js [Server Component] @ http://localhost:3000/_next/static/chunks/node_modules_next_dist_1e8vcs8._.js:1052
[67066775ms] [ERROR] ./components/canvas/scenes/HubConnections.jsx:8:1
Error: Export HUB_SCENE doesn't exist in target module
   6 | import { scrollStore } from "@/lib/scroll/scrollStore";
   7 | import { getActProgress } from "@/lib/scroll/actProgress";
>  8 | import { HUB_SCENE } from "@/lib/tuning";
     | ^^^^^^^^^^^^^^^^^^^^^^^^^^^^^^^^^^^^^^^^^
   9 | import { CHAINS } from "@/data/chains";
  10 | import { COMPANIES } from "@/data/companies";
  11 |

The export HUB_SCENE was not found in module [project]/lib/tuning.js [app-client] (ecmascript).
Did you mean to import RWA_SCENE?
All exports of the module are statically known (It doesn't have dynamic exports). So it's known statically that the requested export doesn't exist.

Import trace:
  Client Component Browser:
    ./components/canvas/scenes/HubConnections.jsx [Client Component Browser]
    ./components/canvas/Experience.jsx [Client Component Browser]
    ./components/canvas/ExperienceLoader.jsx [Client Component Browser]
    ./components/canvas/ExperienceLoader.jsx [Server Component]
    ./app/page.js [Server Component] @ http://localhost:3000/_next/static/chunks/node_modules_next_dist_1e8vcs8._.js:1052
[67066775ms] [ERROR] ./components/dom/EcosystemNodes.jsx:7:1
Error: Export HUB_SCENE doesn't exist in target module
   5 | import { getActProgress } from "@/lib/scroll/actProgress";
   6 | import { projectToScreen } from "@/lib/scroll/cameraBridge";
>  7 | import { HUB_SCENE } from "@/lib/tuning";
     | ^^^^^^^^^^^^^^^^^^^^^^^^^^^^^^^^^^^^^^^^^
   8 | import { CHAINS } from "@/data/chains";
   9 | import { COMPANIES } from "@/data/companies";
  10 | import styles from "./EcosystemNodes.module.css";

The export HUB_SCENE was not found in module [project]/lib/tuning.js [app-client] (ecmascript).
Did you mean to import RWA_SCENE?
All exports of the module are statically known (It doesn't have dynamic exports). So it's known statically that the requested export doesn't exist.

Import trace:
  Server Component:
    ./components/dom/EcosystemNodes.jsx
    ./app/page.js @ http://localhost:3000/_next/static/chunks/node_modules_next_dist_1e8vcs8._.js:1052
[67066775ms] [ERROR] ./components/dom/EcosystemNodes.jsx:7:1
Error: Export HUB_SCENE doesn't exist in target module
   5 | import { getActProgress } from "@/lib/scroll/actProgress";
   6 | import { projectToScreen } from "@/lib/scroll/cameraBridge";
>  7 | import { HUB_SCENE } from "@/lib/tuning";
     | ^^^^^^^^^^^^^^^^^^^^^^^^^^^^^^^^^^^^^^^^^
   8 | import { CHAINS } from "@/data/chains";
   9 | import { COMPANIES } from "@/data/companies";
  10 | import styles from "./EcosystemNodes.module.css";

The export HUB_SCENE was not found in module [project]/lib/tuning.js [app-ssr] (ecmascript).
Did you mean to import RWA_SCENE?
All exports of the module are statically known (It doesn't have dynamic exports). So it's known statically that the requested export doesn't exist.

Import trace:
  Server Component:
    ./components/dom/EcosystemNodes.jsx
    ./app/page.js @ http://localhost:3000/_next/static/chunks/node_modules_next_dist_1e8vcs8._.js:1052
[67066851ms] [LOG] [Fast Refresh] rebuilding @ http://localhost:3000/_next/static/chunks/node_modules_next_dist_1e8vcs8._.js:776
[67067790ms] [ERROR] ./components/canvas/scenes/EcosystemField.jsx:8:1
Error: Export HUB_SCENE doesn't exist in target module
   6 | import { scrollStore } from "@/lib/scroll/scrollStore";
   7 | import { getActProgress } from "@/lib/scroll/actProgress";
>  8 | import { HUB_SCENE } from "@/lib/tuning";
     | ^^^^^^^^^^^^^^^^^^^^^^^^^^^^^^^^^^^^^^^^^
   9 | import { CHAINS } from "@/data/chains";
  10 | import { COMPANIES } from "@/data/companies";
  11 |

The export HUB_SCENE was not found in module [project]/lib/tuning.js [app-client] (ecmascript).
Did you mean to import RWA_SCENE?
All exports of the module are statically known (It doesn't have dynamic exports). So it's known statically that the requested export doesn't exist.

Import trace:
  Client Component Browser:
    ./components/canvas/scenes/EcosystemField.jsx [Client Component Browser]
    ./components/canvas/Experience.jsx [Client Component Browser]
    ./components/canvas/ExperienceLoader.jsx [Client Component Browser]
    ./components/canvas/ExperienceLoader.jsx [Server Component]
    ./app/page.js [Server Component] @ http://localhost:3000/_next/static/chunks/node_modules_next_dist_1e8vcs8._.js:1052
[67067790ms] [ERROR] ./components/canvas/scenes/HubConnections.jsx:8:1
Error: Export HUB_SCENE doesn't exist in target module
   6 | import { scrollStore } from "@/lib/scroll/scrollStore";
   7 | import { getActProgress } from "@/lib/scroll/actProgress";
>  8 | import { HUB_SCENE } from "@/lib/tuning";
     | ^^^^^^^^^^^^^^^^^^^^^^^^^^^^^^^^^^^^^^^^^
   9 | import { CHAINS } from "@/data/chains";
  10 | import { COMPANIES } from "@/data/companies";
  11 |

The export HUB_SCENE was not found in module [project]/lib/tuning.js [app-client] (ecmascript).
Did you mean to import RWA_SCENE?
All exports of the module are statically known (It doesn't have dynamic exports). So it's known statically that the requested export doesn't exist.

Import trace:
  Client Component Browser:
    ./components/canvas/scenes/HubConnections.jsx [Client Component Browser]
    ./components/canvas/Experience.jsx [Client Component Browser]
    ./components/canvas/ExperienceLoader.jsx [Client Component Browser]
    ./components/canvas/ExperienceLoader.jsx [Server Component]
    ./app/page.js [Server Component] @ http://localhost:3000/_next/static/chunks/node_modules_next_dist_1e8vcs8._.js:1052
[67067790ms] [ERROR] ./components/dom/EcosystemNodes.jsx:7:1
Error: Export HUB_SCENE doesn't exist in target module
   5 | import { getActProgress } from "@/lib/scroll/actProgress";
   6 | import { projectToScreen } from "@/lib/scroll/cameraBridge";
>  7 | import { HUB_SCENE } from "@/lib/tuning";
     | ^^^^^^^^^^^^^^^^^^^^^^^^^^^^^^^^^^^^^^^^^
   8 | import { CHAINS } from "@/data/chains";
   9 | import { COMPANIES } from "@/data/companies";
  10 | import styles from "./EcosystemNodes.module.css";

The export HUB_SCENE was not found in module [project]/lib/tuning.js [app-client] (ecmascript).
Did you mean to import RWA_SCENE?
All exports of the module are statically known (It doesn't have dynamic exports). So it's known statically that the requested export doesn't exist.

Import trace:
  Server Component:
    ./components/dom/EcosystemNodes.jsx
    ./app/page.js @ http://localhost:3000/_next/static/chunks/node_modules_next_dist_1e8vcs8._.js:1052
[67067790ms] [ERROR] ./components/dom/EcosystemNodes.jsx:7:1
Error: Export HUB_SCENE doesn't exist in target module
   5 | import { getActProgress } from "@/lib/scroll/actProgress";
   6 | import { projectToScreen } from "@/lib/scroll/cameraBridge";
>  7 | import { HUB_SCENE } from "@/lib/tuning";
     | ^^^^^^^^^^^^^^^^^^^^^^^^^^^^^^^^^^^^^^^^^
   8 | import { CHAINS } from "@/data/chains";
   9 | import { COMPANIES } from "@/data/companies";
  10 | import styles from "./EcosystemNodes.module.css";

The export HUB_SCENE was not found in module [project]/lib/tuning.js [app-ssr] (ecmascript).
Did you mean to import RWA_SCENE?
All exports of the module are statically known (It doesn't have dynamic exports). So it's known statically that the requested export doesn't exist.

Import trace:
  Server Component:
    ./components/dom/EcosystemNodes.jsx
    ./app/page.js @ http://localhost:3000/_next/static/chunks/node_modules_next_dist_1e8vcs8._.js:1052
[67067851ms] [ERROR] ./components/canvas/scenes/EcosystemField.jsx:8:1
Error: Export HUB_SCENE doesn't exist in target module
   6 | import { scrollStore } from "@/lib/scroll/scrollStore";
   7 | import { getActProgress } from "@/lib/scroll/actProgress";
>  8 | import { HUB_SCENE } from "@/lib/tuning";
     | ^^^^^^^^^^^^^^^^^^^^^^^^^^^^^^^^^^^^^^^^^
   9 | import { CHAINS } from "@/data/chains";
  10 | import { COMPANIES } from "@/data/companies";
  11 |

The export HUB_SCENE was not found in module [project]/lib/tuning.js [app-client] (ecmascript).
Did you mean to import RWA_SCENE?
All exports of the module are statically known (It doesn't have dynamic exports). So it's known statically that the requested export doesn't exist.

Import trace:
  Client Component Browser:
    ./components/canvas/scenes/EcosystemField.jsx [Client Component Browser]
    ./components/canvas/Experience.jsx [Client Component Browser]
    ./components/canvas/ExperienceLoader.jsx [Client Component Browser]
    ./components/canvas/ExperienceLoader.jsx [Server Component]
    ./app/page.js [Server Component] @ http://localhost:3000/_next/static/chunks/node_modules_next_dist_1e8vcs8._.js:1052
[67067851ms] [ERROR] ./components/canvas/scenes/HubConnections.jsx:8:1
Error: Export HUB_SCENE doesn't exist in target module
   6 | import { scrollStore } from "@/lib/scroll/scrollStore";
   7 | import { getActProgress } from "@/lib/scroll/actProgress";
>  8 | import { HUB_SCENE } from "@/lib/tuning";
     | ^^^^^^^^^^^^^^^^^^^^^^^^^^^^^^^^^^^^^^^^^
   9 | import { CHAINS } from "@/data/chains";
  10 | import { COMPANIES } from "@/data/companies";
  11 |

The export HUB_SCENE was not found in module [project]/lib/tuning.js [app-client] (ecmascript).
Did you mean to import RWA_SCENE?
All exports of the module are statically known (It doesn't have dynamic exports). So it's known statically that the requested export doesn't exist.

Import trace:
  Client Component Browser:
    ./components/canvas/scenes/HubConnections.jsx [Client Component Browser]
    ./components/canvas/Experience.jsx [Client Component Browser]
    ./components/canvas/ExperienceLoader.jsx [Client Component Browser]
    ./components/canvas/ExperienceLoader.jsx [Server Component]
    ./app/page.js [Server Component] @ http://localhost:3000/_next/static/chunks/node_modules_next_dist_1e8vcs8._.js:1052
[67067851ms] [ERROR] ./components/dom/EcosystemNodes.jsx:7:1
Error: Export HUB_SCENE doesn't exist in target module
   5 | import { getActProgress } from "@/lib/scroll/actProgress";
   6 | import { projectToScreen } from "@/lib/scroll/cameraBridge";
>  7 | import { HUB_SCENE } from "@/lib/tuning";
     | ^^^^^^^^^^^^^^^^^^^^^^^^^^^^^^^^^^^^^^^^^
   8 | import { CHAINS } from "@/data/chains";
   9 | import { COMPANIES } from "@/data/companies";
  10 | import styles from "./EcosystemNodes.module.css";

The export HUB_SCENE was not found in module [project]/lib/tuning.js [app-client] (ecmascript).
Did you mean to import RWA_SCENE?
All exports of the module are statically known (It doesn't have dynamic exports). So it's known statically that the requested export doesn't exist.

Import trace:
  Server Component:
    ./components/dom/EcosystemNodes.jsx
    ./app/page.js @ http://localhost:3000/_next/static/chunks/node_modules_next_dist_1e8vcs8._.js:1052
[67067851ms] [ERROR] ./components/dom/EcosystemNodes.jsx:7:1
Error: Export HUB_SCENE doesn't exist in target module
   5 | import { getActProgress } from "@/lib/scroll/actProgress";
   6 | import { projectToScreen } from "@/lib/scroll/cameraBridge";
>  7 | import { HUB_SCENE } from "@/lib/tuning";
     | ^^^^^^^^^^^^^^^^^^^^^^^^^^^^^^^^^^^^^^^^^
   8 | import { CHAINS } from "@/data/chains";
   9 | import { COMPANIES } from "@/data/companies";
  10 | import styles from "./EcosystemNodes.module.css";

The export HUB_SCENE was not found in module [project]/lib/tuning.js [app-ssr] (ecmascript).
Did you mean to import RWA_SCENE?
All exports of the module are statically known (It doesn't have dynamic exports). So it's known statically that the requested export doesn't exist.

Import trace:
  Server Component:
    ./components/dom/EcosystemNodes.jsx
    ./app/page.js @ http://localhost:3000/_next/static/chunks/node_modules_next_dist_1e8vcs8._.js:1052
[67067921ms] [LOG] [Fast Refresh] rebuilding @ http://localhost:3000/_next/static/chunks/node_modules_next_dist_1e8vcs8._.js:776
[67068876ms] [ERROR] ./components/canvas/scenes/EcosystemField.jsx:8:1
Error: Export HUB_SCENE doesn't exist in target module
   6 | import { scrollStore } from "@/lib/scroll/scrollStore";
   7 | import { getActProgress } from "@/lib/scroll/actProgress";
>  8 | import { HUB_SCENE } from "@/lib/tuning";
     | ^^^^^^^^^^^^^^^^^^^^^^^^^^^^^^^^^^^^^^^^^
   9 | import { CHAINS } from "@/data/chains";
  10 | import { COMPANIES } from "@/data/companies";
  11 |

The export HUB_SCENE was not found in module [project]/lib/tuning.js [app-client] (ecmascript).
Did you mean to import RWA_SCENE?
All exports of the module are statically known (It doesn't have dynamic exports). So it's known statically that the requested export doesn't exist.

Import trace:
  Client Component Browser:
    ./components/canvas/scenes/EcosystemField.jsx [Client Component Browser]
    ./components/canvas/Experience.jsx [Client Component Browser]
    ./components/canvas/ExperienceLoader.jsx [Client Component Browser]
    ./components/canvas/ExperienceLoader.jsx [Server Component]
    ./app/page.js [Server Component] @ http://localhost:3000/_next/static/chunks/node_modules_next_dist_1e8vcs8._.js:1052
[67068876ms] [ERROR] ./components/canvas/scenes/HubConnections.jsx:8:1
Error: Export HUB_SCENE doesn't exist in target module
   6 | import { scrollStore } from "@/lib/scroll/scrollStore";
   7 | import { getActProgress } from "@/lib/scroll/actProgress";
>  8 | import { HUB_SCENE } from "@/lib/tuning";
     | ^^^^^^^^^^^^^^^^^^^^^^^^^^^^^^^^^^^^^^^^^
   9 | import { CHAINS } from "@/data/chains";
  10 | import { COMPANIES } from "@/data/companies";
  11 |

The export HUB_SCENE was not found in module [project]/lib/tuning.js [app-client] (ecmascript).
Did you mean to import RWA_SCENE?
All exports of the module are statically known (It doesn't have dynamic exports). So it's known statically that the requested export doesn't exist.

Import trace:
  Client Component Browser:
    ./components/canvas/scenes/HubConnections.jsx [Client Component Browser]
    ./components/canvas/Experience.jsx [Client Component Browser]
    ./components/canvas/ExperienceLoader.jsx [Client Component Browser]
    ./components/canvas/ExperienceLoader.jsx [Server Component]
    ./app/page.js [Server Component] @ http://localhost:3000/_next/static/chunks/node_modules_next_dist_1e8vcs8._.js:1052
[67068876ms] [ERROR] ./components/dom/EcosystemNodes.jsx:7:1
Error: Export HUB_SCENE doesn't exist in target module
   5 | import { getActProgress } from "@/lib/scroll/actProgress";
   6 | import { projectToScreen } from "@/lib/scroll/cameraBridge";
>  7 | import { HUB_SCENE } from "@/lib/tuning";
     | ^^^^^^^^^^^^^^^^^^^^^^^^^^^^^^^^^^^^^^^^^
   8 | import { CHAINS } from "@/data/chains";
   9 | import { COMPANIES } from "@/data/companies";
  10 | import styles from "./EcosystemNodes.module.css";

The export HUB_SCENE was not found in module [project]/lib/tuning.js [app-client] (ecmascript).
Did you mean to import RWA_SCENE?
All exports of the module are statically known (It doesn't have dynamic exports). So it's known statically that the requested export doesn't exist.

Import trace:
  Server Component:
    ./components/dom/EcosystemNodes.jsx
    ./app/page.js @ http://localhost:3000/_next/static/chunks/node_modules_next_dist_1e8vcs8._.js:1052
[67068877ms] [ERROR] ./components/dom/EcosystemNodes.jsx:7:1
Error: Export HUB_SCENE doesn't exist in target module
   5 | import { getActProgress } from "@/lib/scroll/actProgress";
   6 | import { projectToScreen } from "@/lib/scroll/cameraBridge";
>  7 | import { HUB_SCENE } from "@/lib/tuning";
     | ^^^^^^^^^^^^^^^^^^^^^^^^^^^^^^^^^^^^^^^^^
   8 | import { CHAINS } from "@/data/chains";
   9 | import { COMPANIES } from "@/data/companies";
  10 | import styles from "./EcosystemNodes.module.css";

The export HUB_SCENE was not found in module [project]/lib/tuning.js [app-ssr] (ecmascript).
Did you mean to import RWA_SCENE?
All exports of the module are statically known (It doesn't have dynamic exports). So it's known statically that the requested export doesn't exist.

Import trace:
  Server Component:
    ./components/dom/EcosystemNodes.jsx
    ./app/page.js @ http://localhost:3000/_next/static/chunks/node_modules_next_dist_1e8vcs8._.js:1052
[67068959ms] [ERROR] ./components/canvas/scenes/EcosystemField.jsx:8:1
Error: Export HUB_SCENE doesn't exist in target module
   6 | import { scrollStore } from "@/lib/scroll/scrollStore";
   7 | import { getActProgress } from "@/lib/scroll/actProgress";
>  8 | import { HUB_SCENE } from "@/lib/tuning";
     | ^^^^^^^^^^^^^^^^^^^^^^^^^^^^^^^^^^^^^^^^^
   9 | import { CHAINS } from "@/data/chains";
  10 | import { COMPANIES } from "@/data/companies";
  11 |

The export HUB_SCENE was not found in module [project]/lib/tuning.js [app-client] (ecmascript).
Did you mean to import RWA_SCENE?
All exports of the module are statically known (It doesn't have dynamic exports). So it's known statically that the requested export doesn't exist.

Import trace:
  Client Component Browser:
    ./components/canvas/scenes/EcosystemField.jsx [Client Component Browser]
    ./components/canvas/Experience.jsx [Client Component Browser]
    ./components/canvas/ExperienceLoader.jsx [Client Component Browser]
    ./components/canvas/ExperienceLoader.jsx [Server Component]
    ./app/page.js [Server Component] @ http://localhost:3000/_next/static/chunks/node_modules_next_dist_1e8vcs8._.js:1052
[67068959ms] [ERROR] ./components/canvas/scenes/HubConnections.jsx:8:1
Error: Export HUB_SCENE doesn't exist in target module
   6 | import { scrollStore } from "@/lib/scroll/scrollStore";
   7 | import { getActProgress } from "@/lib/scroll/actProgress";
>  8 | import { HUB_SCENE } from "@/lib/tuning";
     | ^^^^^^^^^^^^^^^^^^^^^^^^^^^^^^^^^^^^^^^^^
   9 | import { CHAINS } from "@/data/chains";
  10 | import { COMPANIES } from "@/data/companies";
  11 |

The export HUB_SCENE was not found in module [project]/lib/tuning.js [app-client] (ecmascript).
Did you mean to import RWA_SCENE?
All exports of the module are statically known (It doesn't have dynamic exports). So it's known statically that the requested export doesn't exist.

Import trace:
  Client Component Browser:
    ./components/canvas/scenes/HubConnections.jsx [Client Component Browser]
    ./components/canvas/Experience.jsx [Client Component Browser]
    ./components/canvas/ExperienceLoader.jsx [Client Component Browser]
    ./components/canvas/ExperienceLoader.jsx [Server Component]
    ./app/page.js [Server Component] @ http://localhost:3000/_next/static/chunks/node_modules_next_dist_1e8vcs8._.js:1052
[67068959ms] [ERROR] ./components/dom/EcosystemNodes.jsx:7:1
Error: Export HUB_SCENE doesn't exist in target module
   5 | import { getActProgress } from "@/lib/scroll/actProgress";
   6 | import { projectToScreen } from "@/lib/scroll/cameraBridge";
>  7 | import { HUB_SCENE } from "@/lib/tuning";
     | ^^^^^^^^^^^^^^^^^^^^^^^^^^^^^^^^^^^^^^^^^
   8 | import { CHAINS } from "@/data/chains";
   9 | import { COMPANIES } from "@/data/companies";
  10 | import styles from "./EcosystemNodes.module.css";

The export HUB_SCENE was not found in module [project]/lib/tuning.js [app-client] (ecmascript).
Did you mean to import RWA_SCENE?
All exports of the module are statically known (It doesn't have dynamic exports). So it's known statically that the requested export doesn't exist.

Import trace:
  Server Component:
    ./components/dom/EcosystemNodes.jsx
    ./app/page.js @ http://localhost:3000/_next/static/chunks/node_modules_next_dist_1e8vcs8._.js:1052
[67068959ms] [ERROR] ./components/dom/EcosystemNodes.jsx:7:1
Error: Export HUB_SCENE doesn't exist in target module
   5 | import { getActProgress } from "@/lib/scroll/actProgress";
   6 | import { projectToScreen } from "@/lib/scroll/cameraBridge";
>  7 | import { HUB_SCENE } from "@/lib/tuning";
     | ^^^^^^^^^^^^^^^^^^^^^^^^^^^^^^^^^^^^^^^^^
   8 | import { CHAINS } from "@/data/chains";
   9 | import { COMPANIES } from "@/data/companies";
  10 | import styles from "./EcosystemNodes.module.css";

The export HUB_SCENE was not found in module [project]/lib/tuning.js [app-ssr] (ecmascript).
Did you mean to import RWA_SCENE?
All exports of the module are statically known (It doesn't have dynamic exports). So it's known statically that the requested export doesn't exist.

Import trace:
  Server Component:
    ./components/dom/EcosystemNodes.jsx
    ./app/page.js @ http://localhost:3000/_next/static/chunks/node_modules_next_dist_1e8vcs8._.js:1052
[67069022ms] [LOG] [Fast Refresh] rebuilding @ http://localhost:3000/_next/static/chunks/node_modules_next_dist_1e8vcs8._.js:776
[67082974ms] [ERROR] ./components/canvas/scenes/EcosystemField.jsx:8:1
Error: Export HUB_SCENE doesn't exist in target module
   6 | import { scrollStore } from "@/lib/scroll/scrollStore";
   7 | import { getActProgress } from "@/lib/scroll/actProgress";
>  8 | import { HUB_SCENE } from "@/lib/tuning";
     | ^^^^^^^^^^^^^^^^^^^^^^^^^^^^^^^^^^^^^^^^^
   9 | import { CHAINS } from "@/data/chains";
  10 | import { COMPANIES } from "@/data/companies";
  11 |

The export HUB_SCENE was not found in module [project]/lib/tuning.js [app-client] (ecmascript).
Did you mean to import RWA_SCENE?
All exports of the module are statically known (It doesn't have dynamic exports). So it's known statically that the requested export doesn't exist.

Import trace:
  Client Component Browser:
    ./components/canvas/scenes/EcosystemField.jsx [Client Component Browser]
    ./components/canvas/Experience.jsx [Client Component Browser]
    ./components/canvas/ExperienceLoader.jsx [Client Component Browser]
    ./components/canvas/ExperienceLoader.jsx [Server Component]
    ./app/page.js [Server Component] @ http://localhost:3000/_next/static/chunks/node_modules_next_dist_1e8vcs8._.js:1052
[67082974ms] [ERROR] ./components/canvas/scenes/HubConnections.jsx:8:1
Error: Export HUB_SCENE doesn't exist in target module
   6 | import { scrollStore } from "@/lib/scroll/scrollStore";
   7 | import { getActProgress } from "@/lib/scroll/actProgress";
>  8 | import { HUB_SCENE } from "@/lib/tuning";
     | ^^^^^^^^^^^^^^^^^^^^^^^^^^^^^^^^^^^^^^^^^
   9 | import { CHAINS } from "@/data/chains";
  10 | import { COMPANIES } from "@/data/companies";
  11 |

The export HUB_SCENE was not found in module [project]/lib/tuning.js [app-client] (ecmascript).
Did you mean to import RWA_SCENE?
All exports of the module are statically known (It doesn't have dynamic exports). So it's known statically that the requested export doesn't exist.

Import trace:
  Client Component Browser:
    ./components/canvas/scenes/HubConnections.jsx [Client Component Browser]
    ./components/canvas/Experience.jsx [Client Component Browser]
    ./components/canvas/ExperienceLoader.jsx [Client Component Browser]
    ./components/canvas/ExperienceLoader.jsx [Server Component]
    ./app/page.js [Server Component] @ http://localhost:3000/_next/static/chunks/node_modules_next_dist_1e8vcs8._.js:1052
[67082975ms] [ERROR] ./components/dom/EcosystemNodes.jsx:7:1
Error: Export HUB_SCENE doesn't exist in target module
   5 | import { getActProgress } from "@/lib/scroll/actProgress";
   6 | import { projectToScreen } from "@/lib/scroll/cameraBridge";
>  7 | import { HUB_SCENE } from "@/lib/tuning";
     | ^^^^^^^^^^^^^^^^^^^^^^^^^^^^^^^^^^^^^^^^^
   8 | import { CHAINS } from "@/data/chains";
   9 | import { COMPANIES } from "@/data/companies";
  10 | import styles from "./EcosystemNodes.module.css";

The export HUB_SCENE was not found in module [project]/lib/tuning.js [app-client] (ecmascript).
Did you mean to import RWA_SCENE?
All exports of the module are statically known (It doesn't have dynamic exports). So it's known statically that the requested export doesn't exist.

Import trace:
  Server Component:
    ./components/dom/EcosystemNodes.jsx
    ./app/page.js @ http://localhost:3000/_next/static/chunks/node_modules_next_dist_1e8vcs8._.js:1052
[67082975ms] [ERROR] ./components/dom/EcosystemNodes.jsx:7:1
Error: Export HUB_SCENE doesn't exist in target module
   5 | import { getActProgress } from "@/lib/scroll/actProgress";
   6 | import { projectToScreen } from "@/lib/scroll/cameraBridge";
>  7 | import { HUB_SCENE } from "@/lib/tuning";
     | ^^^^^^^^^^^^^^^^^^^^^^^^^^^^^^^^^^^^^^^^^
   8 | import { CHAINS } from "@/data/chains";
   9 | import { COMPANIES } from "@/data/companies";
  10 | import styles from "./EcosystemNodes.module.css";

The export HUB_SCENE was not found in module [project]/lib/tuning.js [app-ssr] (ecmascript).
Did you mean to import RWA_SCENE?
All exports of the module are statically known (It doesn't have dynamic exports). So it's known statically that the requested export doesn't exist.

Import trace:
  Server Component:
    ./components/dom/EcosystemNodes.jsx
    ./app/page.js @ http://localhost:3000/_next/static/chunks/node_modules_next_dist_1e8vcs8._.js:1052
[67083185ms] [LOG] [Fast Refresh] rebuilding @ http://localhost:3000/_next/static/chunks/node_modules_next_dist_1e8vcs8._.js:776
[67083360ms] [ERROR] ./components/canvas/scenes/HubConnections.jsx:8:1
Error: Export HUB_SCENE doesn't exist in target module
   6 | import { scrollStore } from "@/lib/scroll/scrollStore";
   7 | import { getActProgress } from "@/lib/scroll/actProgress";
>  8 | import { HUB_SCENE } from "@/lib/tuning";
     | ^^^^^^^^^^^^^^^^^^^^^^^^^^^^^^^^^^^^^^^^^
   9 | import { CHAINS } from "@/data/chains";
  10 | import { COMPANIES } from "@/data/companies";
  11 |

The export HUB_SCENE was not found in module [project]/lib/tuning.js [app-client] (ecmascript).
Did you mean to import RWA_SCENE?
All exports of the module are statically known (It doesn't have dynamic exports). So it's known statically that the requested export doesn't exist.

Import trace:
  Client Component Browser:
    ./components/canvas/scenes/HubConnections.jsx [Client Component Browser]
    ./components/canvas/Experience.jsx [Client Component Browser]
    ./components/canvas/ExperienceLoader.jsx [Client Component Browser]
    ./components/canvas/ExperienceLoader.jsx [Server Component]
    ./app/page.js [Server Component] @ http://localhost:3000/_next/static/chunks/node_modules_next_dist_1e8vcs8._.js:1052
[67083360ms] [ERROR] ./components/dom/EcosystemNodes.jsx:7:1
Error: Export HUB_SCENE doesn't exist in target module
   5 | import { getActProgress } from "@/lib/scroll/actProgress";
   6 | import { projectToScreen } from "@/lib/scroll/cameraBridge";
>  7 | import { HUB_SCENE } from "@/lib/tuning";
     | ^^^^^^^^^^^^^^^^^^^^^^^^^^^^^^^^^^^^^^^^^
   8 | import { CHAINS } from "@/data/chains";
   9 | import { COMPANIES } from "@/data/companies";
  10 | import styles from "./EcosystemNodes.module.css";

The export HUB_SCENE was not found in module [project]/lib/tuning.js [app-client] (ecmascript).
Did you mean to import RWA_SCENE?
All exports of the module are statically known (It doesn't have dynamic exports). So it's known statically that the requested export doesn't exist.

Import trace:
  Server Component:
    ./components/dom/EcosystemNodes.jsx
    ./app/page.js @ http://localhost:3000/_next/static/chunks/node_modules_next_dist_1e8vcs8._.js:1052
[67083360ms] [ERROR] ./components/dom/EcosystemNodes.jsx:7:1
Error: Export HUB_SCENE doesn't exist in target module
   5 | import { getActProgress } from "@/lib/scroll/actProgress";
   6 | import { projectToScreen } from "@/lib/scroll/cameraBridge";
>  7 | import { HUB_SCENE } from "@/lib/tuning";
     | ^^^^^^^^^^^^^^^^^^^^^^^^^^^^^^^^^^^^^^^^^
   8 | import { CHAINS } from "@/data/chains";
   9 | import { COMPANIES } from "@/data/companies";
  10 | import styles from "./EcosystemNodes.module.css";

The export HUB_SCENE was not found in module [project]/lib/tuning.js [app-ssr] (ecmascript).
Did you mean to import RWA_SCENE?
All exports of the module are statically known (It doesn't have dynamic exports). So it's known statically that the requested export doesn't exist.

Import trace:
  Server Component:
    ./components/dom/EcosystemNodes.jsx
    ./app/page.js @ http://localhost:3000/_next/static/chunks/node_modules_next_dist_1e8vcs8._.js:1052
[67092826ms] [ERROR] ./components/canvas/Experience.jsx:18:1
Error: Module not found: Can't resolve './scenes/HubConnections'
  16 | import DigitalGrid from "./scenes/DigitalGrid";
  17 | import EcosystemField from "./scenes/EcosystemField";
> 18 | import HubConnections from "./scenes/HubConnections";
     | ^^^^^^^^^^^^^^^^^^^^^^^^^^^^^^^^^^^^^^^^^^^^^^^^^^^^^
  19 | import UniverseField from "./scenes/UniverseField";
  20 | import PostFX from "./PostFX";
  21 | import styles from "./Experience.module.css";

Import trace:
  Client Component Browser:
    ./components/canvas/Experience.jsx [Client Component Browser]
    ./components/canvas/ExperienceLoader.jsx [Client Component Browser]
    ./components/canvas/ExperienceLoader.jsx [Server Component]
    ./app/page.js [Server Component]

https://nextjs.org/docs/messages/module-not-found @ http://localhost:3000/_next/static/chunks/node_modules_next_dist_1e8vcs8._.js:1052
[67092826ms] [ERROR] ./components/dom/EcosystemNodes.jsx:7:1
Error: Export HUB_SCENE doesn't exist in target module
   5 | import { getActProgress } from "@/lib/scroll/actProgress";
   6 | import { projectToScreen } from "@/lib/scroll/cameraBridge";
>  7 | import { HUB_SCENE } from "@/lib/tuning";
     | ^^^^^^^^^^^^^^^^^^^^^^^^^^^^^^^^^^^^^^^^^
   8 | import { CHAINS } from "@/data/chains";
   9 | import { COMPANIES } from "@/data/companies";
  10 | import styles from "./EcosystemNodes.module.css";

The export HUB_SCENE was not found in module [project]/lib/tuning.js [app-client] (ecmascript).
Did you mean to import RWA_SCENE?
All exports of the module are statically known (It doesn't have dynamic exports). So it's known statically that the requested export doesn't exist.

Import trace:
  Server Component:
    ./components/dom/EcosystemNodes.jsx
    ./app/page.js @ http://localhost:3000/_next/static/chunks/node_modules_next_dist_1e8vcs8._.js:1052
[67092826ms] [ERROR] ./components/dom/EcosystemNodes.jsx:7:1
Error: Export HUB_SCENE doesn't exist in target module
   5 | import { getActProgress } from "@/lib/scroll/actProgress";
   6 | import { projectToScreen } from "@/lib/scroll/cameraBridge";
>  7 | import { HUB_SCENE } from "@/lib/tuning";
     | ^^^^^^^^^^^^^^^^^^^^^^^^^^^^^^^^^^^^^^^^^
   8 | import { CHAINS } from "@/data/chains";
   9 | import { COMPANIES } from "@/data/companies";
  10 | import styles from "./EcosystemNodes.module.css";

The export HUB_SCENE was not found in module [project]/lib/tuning.js [app-ssr] (ecmascript).
Did you mean to import RWA_SCENE?
All exports of the module are statically known (It doesn't have dynamic exports). So it's known statically that the requested export doesn't exist.

Import trace:
  Server Component:
    ./components/dom/EcosystemNodes.jsx
    ./app/page.js @ http://localhost:3000/_next/static/chunks/node_modules_next_dist_1e8vcs8._.js:1052
[67092898ms] [LOG] [Fast Refresh] rebuilding @ http://localhost:3000/_next/static/chunks/node_modules_next_dist_1e8vcs8._.js:776
[67108084ms] [ERROR] ./components/canvas/Experience.jsx:18:1
Error: Module not found: Can't resolve './scenes/HubConnections'
  16 | import DigitalGrid from "./scenes/DigitalGrid";
  17 | import EcosystemField from "./scenes/EcosystemField";
> 18 | import HubConnections from "./scenes/HubConnections";
     | ^^^^^^^^^^^^^^^^^^^^^^^^^^^^^^^^^^^^^^^^^^^^^^^^^^^^^
  19 | import UniverseField from "./scenes/UniverseField";
  20 | import PostFX from "./PostFX";
  21 | import styles from "./Experience.module.css";

Import trace:
  Client Component Browser:
    ./components/canvas/Experience.jsx [Client Component Browser]
    ./components/canvas/ExperienceLoader.jsx [Client Component Browser]
    ./components/canvas/ExperienceLoader.jsx [Server Component]
    ./app/page.js [Server Component]

https://nextjs.org/docs/messages/module-not-found @ http://localhost:3000/_next/static/chunks/node_modules_next_dist_1e8vcs8._.js:1052
[67108084ms] [ERROR] ./components/dom/EcosystemNodes.jsx:7:1
Error: Export HUB_SCENE doesn't exist in target module
   5 | import { getActProgress } from "@/lib/scroll/actProgress";
   6 | import { projectToScreen } from "@/lib/scroll/cameraBridge";
>  7 | import { HUB_SCENE } from "@/lib/tuning";
     | ^^^^^^^^^^^^^^^^^^^^^^^^^^^^^^^^^^^^^^^^^
   8 | import { CHAINS } from "@/data/chains";
   9 | import { COMPANIES } from "@/data/companies";
  10 | import styles from "./EcosystemNodes.module.css";

The export HUB_SCENE was not found in module [project]/lib/tuning.js [app-client] (ecmascript).
Did you mean to import RWA_SCENE?
All exports of the module are statically known (It doesn't have dynamic exports). So it's known statically that the requested export doesn't exist.

Import trace:
  Server Component:
    ./components/dom/EcosystemNodes.jsx
    ./app/page.js @ http://localhost:3000/_next/static/chunks/node_modules_next_dist_1e8vcs8._.js:1052
[67108084ms] [ERROR] ./components/dom/EcosystemNodes.jsx:7:1
Error: Export HUB_SCENE doesn't exist in target module
   5 | import { getActProgress } from "@/lib/scroll/actProgress";
   6 | import { projectToScreen } from "@/lib/scroll/cameraBridge";
>  7 | import { HUB_SCENE } from "@/lib/tuning";
     | ^^^^^^^^^^^^^^^^^^^^^^^^^^^^^^^^^^^^^^^^^
   8 | import { CHAINS } from "@/data/chains";
   9 | import { COMPANIES } from "@/data/companies";
  10 | import styles from "./EcosystemNodes.module.css";

The export HUB_SCENE was not found in module [project]/lib/tuning.js [app-ssr] (ecmascript).
Did you mean to import RWA_SCENE?
All exports of the module are statically known (It doesn't have dynamic exports). So it's known statically that the requested export doesn't exist.

Import trace:
  Server Component:
    ./components/dom/EcosystemNodes.jsx
    ./app/page.js @ http://localhost:3000/_next/static/chunks/node_modules_next_dist_1e8vcs8._.js:1052
[67108126ms] [ERROR] ./components/canvas/Experience.jsx:18:1
Error: Module not found: Can't resolve './scenes/HubConnections'
  16 | import DigitalGrid from "./scenes/DigitalGrid";
  17 | import EcosystemField from "./scenes/EcosystemField";
> 18 | import HubConnections from "./scenes/HubConnections";
     | ^^^^^^^^^^^^^^^^^^^^^^^^^^^^^^^^^^^^^^^^^^^^^^^^^^^^^
  19 | import UniverseField from "./scenes/UniverseField";
  20 | import PostFX from "./PostFX";
  21 | import styles from "./Experience.module.css";

Import trace:
  Client Component Browser:
    ./components/canvas/Experience.jsx [Client Component Browser]
    ./components/canvas/ExperienceLoader.jsx [Client Component Browser]
    ./components/canvas/ExperienceLoader.jsx [Server Component]
    ./app/page.js [Server Component]

https://nextjs.org/docs/messages/module-not-found @ http://localhost:3000/_next/static/chunks/node_modules_next_dist_1e8vcs8._.js:1052
[67108127ms] [ERROR] ./components/dom/EcosystemNodes.jsx:7:1
Error: Export HUB_SCENE doesn't exist in target module
   5 | import { getActProgress } from "@/lib/scroll/actProgress";
   6 | import { projectToScreen } from "@/lib/scroll/cameraBridge";
>  7 | import { HUB_SCENE } from "@/lib/tuning";
     | ^^^^^^^^^^^^^^^^^^^^^^^^^^^^^^^^^^^^^^^^^
   8 | import { CHAINS } from "@/data/chains";
   9 | import { COMPANIES } from "@/data/companies";
  10 | import styles from "./EcosystemNodes.module.css";

The export HUB_SCENE was not found in module [project]/lib/tuning.js [app-client] (ecmascript).
Did you mean to import RWA_SCENE?
All exports of the module are statically known (It doesn't have dynamic exports). So it's known statically that the requested export doesn't exist.

Import trace:
  Server Component:
    ./components/dom/EcosystemNodes.jsx
    ./app/page.js @ http://localhost:3000/_next/static/chunks/node_modules_next_dist_1e8vcs8._.js:1052
[67108127ms] [ERROR] ./components/dom/EcosystemNodes.jsx:7:1
Error: Export HUB_SCENE doesn't exist in target module
   5 | import { getActProgress } from "@/lib/scroll/actProgress";
   6 | import { projectToScreen } from "@/lib/scroll/cameraBridge";
>  7 | import { HUB_SCENE } from "@/lib/tuning";
     | ^^^^^^^^^^^^^^^^^^^^^^^^^^^^^^^^^^^^^^^^^
   8 | import { CHAINS } from "@/data/chains";
   9 | import { COMPANIES } from "@/data/companies";
  10 | import styles from "./EcosystemNodes.module.css";

The export HUB_SCENE was not found in module [project]/lib/tuning.js [app-ssr] (ecmascript).
Did you mean to import RWA_SCENE?
All exports of the module are statically known (It doesn't have dynamic exports). So it's known statically that the requested export doesn't exist.

Import trace:
  Server Component:
    ./components/dom/EcosystemNodes.jsx
    ./app/page.js @ http://localhost:3000/_next/static/chunks/node_modules_next_dist_1e8vcs8._.js:1052
[67131113ms] [ERROR] ./components/canvas/Experience.jsx:18:1
Error: Module not found: Can't resolve './scenes/HubConnections'
  16 | import DigitalGrid from "./scenes/DigitalGrid";
  17 | import EcosystemField from "./scenes/EcosystemField";
> 18 | import HubConnections from "./scenes/HubConnections";
     | ^^^^^^^^^^^^^^^^^^^^^^^^^^^^^^^^^^^^^^^^^^^^^^^^^^^^^
  19 | import UniverseField from "./scenes/UniverseField";
  20 | import PostFX from "./PostFX";
  21 | import styles from "./Experience.module.css";

Import trace:
  Client Component Browser:
    ./components/canvas/Experience.jsx [Client Component Browser]
    ./components/canvas/ExperienceLoader.jsx [Client Component Browser]
    ./components/canvas/ExperienceLoader.jsx [Server Component]
    ./app/page.js [Server Component]

https://nextjs.org/docs/messages/module-not-found @ http://localhost:3000/_next/static/chunks/node_modules_next_dist_1e8vcs8._.js:1052
[67131114ms] [ERROR] ./components/dom/EcosystemNodes.jsx:7:1
Error: Export HUB_SCENE doesn't exist in target module
   5 | import { getActProgress } from "@/lib/scroll/actProgress";
   6 | import { projectToScreen } from "@/lib/scroll/cameraBridge";
>  7 | import { HUB_SCENE } from "@/lib/tuning";
     | ^^^^^^^^^^^^^^^^^^^^^^^^^^^^^^^^^^^^^^^^^
   8 | import { CHAINS } from "@/data/chains";
   9 | import { COMPANIES } from "@/data/companies";
  10 | import styles from "./EcosystemNodes.module.css";

The export HUB_SCENE was not found in module [project]/lib/tuning.js [app-client] (ecmascript).
Did you mean to import RWA_SCENE?
All exports of the module are statically known (It doesn't have dynamic exports). So it's known statically that the requested export doesn't exist.

Import trace:
  Server Component:
    ./components/dom/EcosystemNodes.jsx
    ./app/page.js @ http://localhost:3000/_next/static/chunks/node_modules_next_dist_1e8vcs8._.js:1052
[67131114ms] [ERROR] ./components/dom/EcosystemNodes.jsx:7:1
Error: Export HUB_SCENE doesn't exist in target module
   5 | import { getActProgress } from "@/lib/scroll/actProgress";
   6 | import { projectToScreen } from "@/lib/scroll/cameraBridge";
>  7 | import { HUB_SCENE } from "@/lib/tuning";
     | ^^^^^^^^^^^^^^^^^^^^^^^^^^^^^^^^^^^^^^^^^
   8 | import { CHAINS } from "@/data/chains";
   9 | import { COMPANIES } from "@/data/companies";
  10 | import styles from "./EcosystemNodes.module.css";

The export HUB_SCENE was not found in module [project]/lib/tuning.js [app-ssr] (ecmascript).
Did you mean to import RWA_SCENE?
All exports of the module are statically known (It doesn't have dynamic exports). So it's known statically that the requested export doesn't exist.

Import trace:
  Server Component:
    ./components/dom/EcosystemNodes.jsx
    ./app/page.js @ http://localhost:3000/_next/static/chunks/node_modules_next_dist_1e8vcs8._.js:1052
[67131166ms] [ERROR] ./components/canvas/Experience.jsx:18:1
Error: Module not found: Can't resolve './scenes/HubConnections'
  16 | import DigitalGrid from "./scenes/DigitalGrid";
  17 | import EcosystemField from "./scenes/EcosystemField";
> 18 | import HubConnections from "./scenes/HubConnections";
     | ^^^^^^^^^^^^^^^^^^^^^^^^^^^^^^^^^^^^^^^^^^^^^^^^^^^^^
  19 | import UniverseField from "./scenes/UniverseField";
  20 | import PostFX from "./PostFX";
  21 | import styles from "./Experience.module.css";

Import trace:
  Client Component Browser:
    ./components/canvas/Experience.jsx [Client Component Browser]
    ./components/canvas/ExperienceLoader.jsx [Client Component Browser]
    ./components/canvas/ExperienceLoader.jsx [Server Component]
    ./app/page.js [Server Component]

https://nextjs.org/docs/messages/module-not-found @ http://localhost:3000/_next/static/chunks/node_modules_next_dist_1e8vcs8._.js:1052
[67131245ms] [LOG] [Fast Refresh] rebuilding @ http://localhost:3000/_next/static/chunks/node_modules_next_dist_1e8vcs8._.js:776
[67145450ms] [ERROR] ./components/canvas/Experience.jsx:18:1
Error: Module not found: Can't resolve './scenes/HubConnections'
  16 | import DigitalGrid from "./scenes/DigitalGrid";
  17 | import EcosystemField from "./scenes/EcosystemField";
> 18 | import HubConnections from "./scenes/HubConnections";
     | ^^^^^^^^^^^^^^^^^^^^^^^^^^^^^^^^^^^^^^^^^^^^^^^^^^^^^
  19 | import UniverseField from "./scenes/UniverseField";
  20 | import PostFX from "./PostFX";
  21 | import styles from "./Experience.module.css";

Import trace:
  Client Component Browser:
    ./components/canvas/Experience.jsx [Client Component Browser]
    ./components/canvas/ExperienceLoader.jsx [Client Component Browser]
    ./components/canvas/ExperienceLoader.jsx [Server Component]
    ./app/page.js [Server Component]

https://nextjs.org/docs/messages/module-not-found @ http://localhost:3000/_next/static/chunks/node_modules_next_dist_1e8vcs8._.js:1052
[67145539ms] [ERROR] ./components/canvas/Experience.jsx:18:1
Error: Module not found: Can't resolve './scenes/HubConnections'
  16 | import DigitalGrid from "./scenes/DigitalGrid";
  17 | import EcosystemField from "./scenes/EcosystemField";
> 18 | import HubConnections from "./scenes/HubConnections";
     | ^^^^^^^^^^^^^^^^^^^^^^^^^^^^^^^^^^^^^^^^^^^^^^^^^^^^^
  19 | import UniverseField from "./scenes/UniverseField";
  20 | import PostFX from "./PostFX";
  21 | import styles from "./Experience.module.css";

Import trace:
  Client Component Browser:
    ./components/canvas/Experience.jsx [Client Component Browser]
    ./components/canvas/ExperienceLoader.jsx [Client Component Browser]
    ./components/canvas/ExperienceLoader.jsx [Server Component]
    ./app/page.js [Server Component]

https://nextjs.org/docs/messages/module-not-found @ http://localhost:3000/_next/static/chunks/node_modules_next_dist_1e8vcs8._.js:1052
[67145614ms] [LOG] [Fast Refresh] rebuilding @ http://localhost:3000/_next/static/chunks/node_modules_next_dist_1e8vcs8._.js:776
[67155710ms] [ERROR] ./components/canvas/Experience.jsx:18:1
Error: Module not found: Can't resolve './scenes/HubConnections'
  16 | import DigitalGrid from "./scenes/DigitalGrid";
  17 | import EcosystemField from "./scenes/EcosystemField";
> 18 | import HubConnections from "./scenes/HubConnections";
     | ^^^^^^^^^^^^^^^^^^^^^^^^^^^^^^^^^^^^^^^^^^^^^^^^^^^^^
  19 | import UniverseField from "./scenes/UniverseField";
  20 | import PostFX from "./PostFX";
  21 | import styles from "./Experience.module.css";

Import trace:
  Client Component Browser:
    ./components/canvas/Experience.jsx [Client Component Browser]
    ./components/canvas/ExperienceLoader.jsx [Client Component Browser]
    ./components/canvas/ExperienceLoader.jsx [Server Component]
    ./app/page.js [Server Component]

https://nextjs.org/docs/messages/module-not-found @ http://localhost:3000/_next/static/chunks/node_modules_next_dist_1e8vcs8._.js:1052
[67155914ms] [LOG] [Fast Refresh] rebuilding @ http://localhost:3000/_next/static/chunks/node_modules_next_dist_1e8vcs8._.js:776
[67157720ms] [LOG] [Fast Refresh] done in 88ms @ http://localhost:3000/_next/static/chunks/node_modules_next_dist_1e8vcs8._.js:776
[67157879ms] [WARNING] THREE.Clock: This module has been deprecated. Please use THREE.Timer instead. @ http://localhost:3000/_next/static/chunks/node_modules_next_dist_1e8vcs8._.js:776
[67159140ms] [LOG] THREE.WebGLRenderer: Context Lost. @ http://localhost:3000/_next/static/chunks/node_modules_next_dist_1e8vcs8._.js:776
[67161698ms] [LOG] [Fast Refresh] rebuilding @ http://localhost:3000/_next/static/chunks/node_modules_next_dist_1e8vcs8._.js:776
[67161730ms] [LOG] [Fast Refresh] done in 15ms @ http://localhost:3000/_next/static/chunks/node_modules_next_dist_1e8vcs8._.js:776
[67162749ms] [LOG] [Fast Refresh] done in 15ms @ http://localhost:3000/_next/static/chunks/node_modules_next_dist_1e8vcs8._.js:776
[67162954ms] [LOG] [Fast Refresh] rebuilding @ http://localhost:3000/_next/static/chunks/node_modules_next_dist_1e8vcs8._.js:776
[67163001ms] [LOG] [Fast Refresh] done in 15ms @ http://localhost:3000/_next/static/chunks/node_modules_next_dist_1e8vcs8._.js:776
[67177651ms] [LOG] [Fast Refresh] done in 15ms @ http://localhost:3000/_next/static/chunks/node_modules_next_dist_1e8vcs8._.js:776
[67192413ms] [LOG] [Fast Refresh] done in 15ms @ http://localhost:3000/_next/static/chunks/node_modules_next_dist_1e8vcs8._.js:776
[67236783ms] [LOG] [Fast Refresh] done in 15ms @ http://localhost:3000/_next/static/chunks/node_modules_next_dist_1e8vcs8._.js:776
[67237155ms] [LOG] [Fast Refresh] done in 15ms @ http://localhost:3000/_next/static/chunks/node_modules_next_dist_1e8vcs8._.js:776
[67335530ms] [LOG] [Fast Refresh] rebuilding @ http://localhost:3000/_next/static/chunks/node_modules_next_dist_1e8vcs8._.js:776
[67337057ms] [LOG] [Fast Refresh] done in 16ms @ http://localhost:3000/_next/static/chunks/node_modules_next_dist_1e8vcs8._.js:776
[67344763ms] [LOG] [Fast Refresh] done in 16ms @ http://localhost:3000/_next/static/chunks/node_modules_next_dist_1e8vcs8._.js:776
[67344979ms] [LOG] [Fast Refresh] done in 16ms @ http://localhost:3000/_next/static/chunks/node_modules_next_dist_1e8vcs8._.js:776
[67383261ms] [LOG] [Fast Refresh] done in 16ms @ http://localhost:3000/_next/static/chunks/node_modules_next_dist_1e8vcs8._.js:776
[67384348ms] [LOG] [Fast Refresh] rebuilding @ http://localhost:3000/_next/static/chunks/node_modules_next_dist_1e8vcs8._.js:776
[67386247ms] [LOG] [Fast Refresh] done in 252ms @ http://localhost:3000/_next/static/chunks/node_modules_next_dist_1e8vcs8._.js:776
[67391741ms] [LOG] [Fast Refresh] rebuilding @ http://localhost:3000/_next/static/chunks/node_modules_next_dist_1e8vcs8._.js:776
[67397972ms] [LOG] [Fast Refresh] done in 6331ms @ http://localhost:3000/_next/static/chunks/node_modules_next_dist_1e8vcs8._.js:776
[67398636ms] [LOG] [Fast Refresh] rebuilding @ http://localhost:3000/_next/static/chunks/node_modules_next_dist_1e8vcs8._.js:776
[67398967ms] [LOG] [Fast Refresh] done in 437ms @ http://localhost:3000/_next/static/chunks/node_modules_next_dist_1e8vcs8._.js:776
[67462201ms] [LOG] [Fast Refresh] rebuilding @ http://localhost:3000/_next/static/chunks/node_modules_next_dist_1e8vcs8._.js:776
[67463729ms] [LOG] [Fast Refresh] done in 121ms @ http://localhost:3000/_next/static/chunks/node_modules_next_dist_1e8vcs8._.js:776
[67463730ms] [LOG] [Fast Refresh] done in 121ms @ http://localhost:3000/_next/static/chunks/node_modules_next_dist_1e8vcs8._.js:776
[67472618ms] [LOG] [Fast Refresh] rebuilding @ http://localhost:3000/_next/static/chunks/node_modules_next_dist_1e8vcs8._.js:776
[67474383ms] [LOG] [Fast Refresh] done in 134ms @ http://localhost:3000/_next/static/chunks/node_modules_next_dist_1e8vcs8._.js:776
[67474384ms] [LOG] [Fast Refresh] done in 134ms @ http://localhost:3000/_next/static/chunks/node_modules_next_dist_1e8vcs8._.js:776
[67490469ms] [LOG] [Fast Refresh] done in 134ms @ http://localhost:3000/_next/static/chunks/node_modules_next_dist_1e8vcs8._.js:776
[67491762ms] [LOG] [Fast Refresh] rebuilding @ http://localhost:3000/_next/static/chunks/node_modules_next_dist_1e8vcs8._.js:776
[67492011ms] [LOG] [Fast Refresh] done in 354ms @ http://localhost:3000/_next/static/chunks/node_modules_next_dist_1e8vcs8._.js:776
[67552410ms] [LOG] [Fast Refresh] rebuilding @ http://localhost:3000/_next/static/chunks/node_modules_next_dist_1e8vcs8._.js:776
[67552474ms] [LOG] [Fast Refresh] done in 164ms @ http://localhost:3000/_next/static/chunks/node_modules_next_dist_1e8vcs8._.js:776
[67631040ms] [LOG] [Fast Refresh] rebuilding @ http://localhost:3000/_next/static/chunks/node_modules_next_dist_1e8vcs8._.js:776
[67631448ms] [LOG] [Fast Refresh] done in 392ms @ http://localhost:3000/_next/static/chunks/node_modules_next_dist_1e8vcs8._.js:776
[67631524ms] [LOG] [Fast Refresh] done in 392ms @ http://localhost:3000/_next/static/chunks/node_modules_next_dist_1e8vcs8._.js:776
[67632058ms] [LOG] [Fast Refresh] rebuilding @ http://localhost:3000/_next/static/chunks/node_modules_next_dist_1e8vcs8._.js:776
[67632319ms] [LOG] [Fast Refresh] done in 319ms @ http://localhost:3000/_next/static/chunks/node_modules_next_dist_1e8vcs8._.js:776
[67632391ms] [LOG] [Fast Refresh] done in 319ms @ http://localhost:3000/_next/static/chunks/node_modules_next_dist_1e8vcs8._.js:776
[67641234ms] [LOG] [Fast Refresh] done in 319ms @ http://localhost:3000/_next/static/chunks/node_modules_next_dist_1e8vcs8._.js:776
[67641403ms] [LOG] [Fast Refresh] done in 319ms @ http://localhost:3000/_next/static/chunks/node_modules_next_dist_1e8vcs8._.js:776
[67692289ms] [LOG] [Fast Refresh] done in 319ms @ http://localhost:3000/_next/static/chunks/node_modules_next_dist_1e8vcs8._.js:776
[67692486ms] [LOG] [Fast Refresh] done in 319ms @ http://localhost:3000/_next/static/chunks/node_modules_next_dist_1e8vcs8._.js:776
[67694577ms] [LOG] [Fast Refresh] done in 319ms @ http://localhost:3000/_next/static/chunks/node_modules_next_dist_1e8vcs8._.js:776
[67695307ms] [LOG] [Fast Refresh] done in 319ms @ http://localhost:3000/_next/static/chunks/node_modules_next_dist_1e8vcs8._.js:776
[67803278ms] [LOG] [Fast Refresh] done in 319ms @ http://localhost:3000/_next/static/chunks/node_modules_next_dist_1e8vcs8._.js:776
[67803601ms] [LOG] [Fast Refresh] rebuilding @ http://localhost:3000/_next/static/chunks/node_modules_next_dist_1e8vcs8._.js:776
[67806059ms] [LOG] [Fast Refresh] done in 247ms @ http://localhost:3000/_next/static/chunks/node_modules_next_dist_1e8vcs8._.js:776
[67806060ms] [LOG] [Fast Refresh] done in 247ms @ http://localhost:3000/_next/static/chunks/node_modules_next_dist_1e8vcs8._.js:776
[67810701ms] [LOG] [Fast Refresh] done in 247ms @ http://localhost:3000/_next/static/chunks/node_modules_next_dist_1e8vcs8._.js:776
[67810970ms] [LOG] [Fast Refresh] done in 247ms @ http://localhost:3000/_next/static/chunks/node_modules_next_dist_1e8vcs8._.js:776
[67895795ms] [LOG] [Fast Refresh] done in 247ms @ http://localhost:3000/_next/static/chunks/node_modules_next_dist_1e8vcs8._.js:776
[67896060ms] [LOG] [Fast Refresh] done in 247ms @ http://localhost:3000/_next/static/chunks/node_modules_next_dist_1e8vcs8._.js:776
[67898450ms] [LOG] [Fast Refresh] done in 247ms @ http://localhost:3000/_next/static/chunks/node_modules_next_dist_1e8vcs8._.js:776
[67898873ms] [LOG] [Fast Refresh] done in 247ms @ http://localhost:3000/_next/static/chunks/node_modules_next_dist_1e8vcs8._.js:776
[69085761ms] [LOG] [Fast Refresh] done in 247ms @ http://localhost:3000/_next/static/chunks/node_modules_next_dist_1e8vcs8._.js:776
[69086212ms] [LOG] [Fast Refresh] done in 247ms @ http://localhost:3000/_next/static/chunks/node_modules_next_dist_1e8vcs8._.js:776
[70436001ms] [LOG] [Fast Refresh] done in 247ms @ http://localhost:3000/_next/static/chunks/node_modules_next_dist_1e8vcs8._.js:776
[70436427ms] [LOG] [Fast Refresh] done in 247ms @ http://localhost:3000/_next/static/chunks/node_modules_next_dist_1e8vcs8._.js:776
