[     121ms] [INFO] %cDownload the React DevTools for a better development experience: https://react.dev/link/react-devtools font-weight:bold @ http://localhost:3000/_next/static/chunks/node_modules_next_dist_1e8vcs8._.js:776
[     140ms] [LOG] [HMR] connected @ http://localhost:3000/_next/static/chunks/node_modules_next_dist_1e8vcs8._.js:776
[     381ms] [WARNING] THREE.Clock: This module has been deprecated. Please use THREE.Timer instead. @ http://localhost:3000/_next/static/chunks/node_modules_next_dist_1e8vcs8._.js:776
[ 2129721ms] [LOG] [Fast Refresh] rebuilding @ http://localhost:3000/_next/static/chunks/node_modules_next_dist_1e8vcs8._.js:776
[ 2131651ms] [LOG] [Fast Refresh] done in 1991ms @ http://localhost:3000/_next/static/chunks/node_modules_next_dist_1e8vcs8._.js:776
[ 2137322ms] [LOG] [Fast Refresh] done in 1991ms @ http://localhost:3000/_next/static/chunks/node_modules_next_dist_1e8vcs8._.js:776
[ 2137573ms] [LOG] [Fast Refresh] done in 1991ms @ http://localhost:3000/_next/static/chunks/node_modules_next_dist_1e8vcs8._.js:776
[ 2166622ms] [LOG] [Fast Refresh] done in 1991ms @ http://localhost:3000/_next/static/chunks/node_modules_next_dist_1e8vcs8._.js:776
[ 3016701ms] [LOG] [Fast Refresh] rebuilding @ http://localhost:3000/_next/static/chunks/node_modules_next_dist_1e8vcs8._.js:776
[ 3016733ms] [LOG] [Fast Refresh] done in 140ms @ http://localhost:3000/_next/static/chunks/node_modules_next_dist_1e8vcs8._.js:776
[ 3029951ms] [LOG] [Fast Refresh] rebuilding @ http://localhost:3000/_next/static/chunks/node_modules_next_dist_1e8vcs8._.js:776
[ 3030564ms] ReferenceError: getFlashPeak is not defined
    at PostFX.useFrame [as current] (http://localhost:3000/_next/static/chunks/_1q8ofl-._.js?id=%255Bproject%255D/components/canvas/PostFX.jsx+%255Bapp-client%255D+(ecmascript):42:30)
    at update (http://localhost:3000/_next/static/chunks/node_modules_%40react-three_fiber_dist_events-156d8d12_esm_0wayoq8.js:15369:26)
    at loop (http://localhost:3000/_next/static/chunks/node_modules_%40react-three_fiber_dist_events-156d8d12_esm_0wayoq8.js:15395:23)
[ 3030581ms] [LOG] [Fast Refresh] done in 700ms @ http://localhost:3000/_next/static/chunks/node_modules_next_dist_1e8vcs8._.js:776
[ 3030583ms] ReferenceError: getFlashPeak is not defined
    at PostFX.useFrame [as current] (http://localhost:3000/_next/static/chunks/_1q8ofl-._.js?id=%255Bproject%255D/components/canvas/PostFX.jsx+%255Bapp-client%255D+(ecmascript):42:30)
    at update (http://localhost:3000/_next/static/chunks/node_modules_%40react-three_fiber_dist_events-156d8d12_esm_0wayoq8.js:15369:26)
    at loop (http://localhost:3000/_next/static/chunks/node_modules_%40react-three_fiber_dist_events-156d8d12_esm_0wayoq8.js:15395:23)
[ 3030616ms] ReferenceError: getFlashPeak is not defined
    at PostFX.useFrame [as current] (http://localhost:3000/_next/static/chunks/_1q8ofl-._.js?id=%255Bproject%255D/components/canvas/PostFX.jsx+%255Bapp-client%255D+(ecmascript):42:30)
    at update (http://localhost:3000/_next/static/chunks/node_modules_%40react-three_fiber_dist_events-156d8d12_esm_0wayoq8.js:15369:26)
    at loop (http://localhost:3000/_next/static/chunks/node_modules_%40react-three_fiber_dist_events-156d8d12_esm_0wayoq8.js:15395:23)
[ 3030627ms] ReferenceError: getFlashPeak is not defined
    at PostFX.useFrame [as current] (http://localhost:3000/_next/static/chunks/_1q8ofl-._.js?id=%255Bproject%255D/components/canvas/PostFX.jsx+%255Bapp-client%255D+(ecmascript):42:30)
    at update (http://localhost:3000/_next/static/chunks/node_modules_%40react-three_fiber_dist_events-156d8d12_esm_0wayoq8.js:15369:26)
    at loop (http://localhost:3000/_next/static/chunks/node_modules_%40react-three_fiber_dist_events-156d8d12_esm_0wayoq8.js:15395:23)
[ 3030664ms] [LOG] [Fast Refresh] done in 700ms @ http://localhost:3000/_next/static/chunks/node_modules_next_dist_1e8vcs8._.js:776
[ 3030690ms] [LOG] [Fast Refresh] done in 700ms @ http://localhost:3000/_next/static/chunks/node_modules_next_dist_1e8vcs8._.js:776
[ 3030707ms] [WARNING] THREE.Clock: This module has been deprecated. Please use THREE.Timer instead. @ http://localhost:3000/_next/static/chunks/node_modules_next_dist_1e8vcs8._.js:776
[ 3030832ms] ReferenceError: getFlashPeak is not defined
    at PostFX.useFrame [as current] (http://localhost:3000/_next/static/chunks/_1q8ofl-._.js?id=%255Bproject%255D/components/canvas/PostFX.jsx+%255Bapp-client%255D+(ecmascript):42:30)
    at update (http://localhost:3000/_next/static/chunks/node_modules_%40react-three_fiber_dist_events-156d8d12_esm_0wayoq8.js:15369:26)
    at loop (http://localhost:3000/_next/static/chunks/node_modules_%40react-three_fiber_dist_events-156d8d12_esm_0wayoq8.js:15395:23)
[ 3030834ms] ReferenceError: getFlashPeak is not defined
    at PostFX.useFrame [as current] (http://localhost:3000/_next/static/chunks/_1q8ofl-._.js?id=%255Bproject%255D/components/canvas/PostFX.jsx+%255Bapp-client%255D+(ecmascript):42:30)
    at update (http://localhost:3000/_next/static/chunks/node_modules_%40react-three_fiber_dist_events-156d8d12_esm_0wayoq8.js:15369:26)
    at loop (http://localhost:3000/_next/static/chunks/node_modules_%40react-three_fiber_dist_events-156d8d12_esm_0wayoq8.js:15395:23)
[ 3030839ms] ReferenceError: getFlashPeak is not defined
    at PostFX.useFrame [as current] (http://localhost:3000/_next/static/chunks/_1q8ofl-._.js?id=%255Bproject%255D/components/canvas/PostFX.jsx+%255Bapp-client%255D+(ecmascript):42:30)
    at update (http://localhost:3000/_next/static/chunks/node_modules_%40react-three_fiber_dist_events-156d8d12_esm_0wayoq8.js:15369:26)
    at loop (http://localhost:3000/_next/static/chunks/node_modules_%40react-three_fiber_dist_events-156d8d12_esm_0wayoq8.js:15395:23)
[ 3030855ms] ReferenceError: getFlashPeak is not defined
    at PostFX.useFrame [as current] (http://localhost:3000/_next/static/chunks/_1q8ofl-._.js?id=%255Bproject%255D/components/canvas/PostFX.jsx+%255Bapp-client%255D+(ecmascript):42:30)
    at update (http://localhost:3000/_next/static/chunks/node_modules_%40react-three_fiber_dist_events-156d8d12_esm_0wayoq8.js:15369:26)
    at loop (http://localhost:3000/_next/static/chunks/node_modules_%40react-three_fiber_dist_events-156d8d12_esm_0wayoq8.js:15395:23)
[ 3030871ms] ReferenceError: getFlashPeak is not defined
    at PostFX.useFrame [as current] (http://localhost:3000/_next/static/chunks/_1q8ofl-._.js?id=%255Bproject%255D/components/canvas/PostFX.jsx+%255Bapp-client%255D+(ecmascript):42:30)
    at update (http://localhost:3000/_next/static/chunks/node_modules_%40react-three_fiber_dist_events-156d8d12_esm_0wayoq8.js:15369:26)
    at loop (http://localhost:3000/_next/static/chunks/node_modules_%40react-three_fiber_dist_events-156d8d12_esm_0wayoq8.js:15395:23)
[ 3030888ms] ReferenceError: getFlashPeak is not defined
    at PostFX.useFrame [as current] (http://localhost:3000/_next/static/chunks/_1q8ofl-._.js?id=%255Bproject%255D/components/canvas/PostFX.jsx+%255Bapp-client%255D+(ecmascript):42:30)
    at update (http://localhost:3000/_next/static/chunks/node_modules_%40react-three_fiber_dist_events-156d8d12_esm_0wayoq8.js:15369:26)
    at loop (http://localhost:3000/_next/static/chunks/node_modules_%40react-three_fiber_dist_events-156d8d12_esm_0wayoq8.js:15395:23)
[ 3030904ms] ReferenceError: getFlashPeak is not defined
    at PostFX.useFrame [as current] (http://localhost:3000/_next/static/chunks/_1q8ofl-._.js?id=%255Bproject%255D/components/canvas/PostFX.jsx+%255Bapp-client%255D+(ecmascript):42:30)
    at update (http://localhost:3000/_next/static/chunks/node_modules_%40react-three_fiber_dist_events-156d8d12_esm_0wayoq8.js:15369:26)
    at loop (http://localhost:3000/_next/static/chunks/node_modules_%40react-three_fiber_dist_events-156d8d12_esm_0wayoq8.js:15395:23)
[ 3030921ms] ReferenceError: getFlashPeak is not defined
    at PostFX.useFrame [as current] (http://localhost:3000/_next/static/chunks/_1q8ofl-._.js?id=%255Bproject%255D/components/canvas/PostFX.jsx+%255Bapp-client%255D+(ecmascript):42:30)
    at update (http://localhost:3000/_next/static/chunks/node_modules_%40react-three_fiber_dist_events-156d8d12_esm_0wayoq8.js:15369:26)
    at loop (http://localhost:3000/_next/static/chunks/node_modules_%40react-three_fiber_dist_events-156d8d12_esm_0wayoq8.js:15395:23)
[ 3030938ms] ReferenceError: getFlashPeak is not defined
    at PostFX.useFrame [as current] (http://localhost:3000/_next/static/chunks/_1q8ofl-._.js?id=%255Bproject%255D/components/canvas/PostFX.jsx+%255Bapp-client%255D+(ecmascript):42:30)
    at update (http://localhost:3000/_next/static/chunks/node_modules_%40react-three_fiber_dist_events-156d8d12_esm_0wayoq8.js:15369:26)
    at loop (http://localhost:3000/_next/static/chunks/node_modules_%40react-three_fiber_dist_events-156d8d12_esm_0wayoq8.js:15395:23)
[ 3030955ms] ReferenceError: getFlashPeak is not defined
    at PostFX.useFrame [as current] (http://localhost:3000/_next/static/chunks/_1q8ofl-._.js?id=%255Bproject%255D/components/canvas/PostFX.jsx+%255Bapp-client%255D+(ecmascript):42:30)
    at update (http://localhost:3000/_next/static/chunks/node_modules_%40react-three_fiber_dist_events-156d8d12_esm_0wayoq8.js:15369:26)
    at loop (http://localhost:3000/_next/static/chunks/node_modules_%40react-three_fiber_dist_events-156d8d12_esm_0wayoq8.js:15395:23)
[ 3030971ms] ReferenceError: getFlashPeak is not defined
    at PostFX.useFrame [as current] (http://localhost:3000/_next/static/chunks/_1q8ofl-._.js?id=%255Bproject%255D/components/canvas/PostFX.jsx+%255Bapp-client%255D+(ecmascript):42:30)
    at update (http://localhost:3000/_next/static/chunks/node_modules_%40react-three_fiber_dist_events-156d8d12_esm_0wayoq8.js:15369:26)
    at loop (http://localhost:3000/_next/static/chunks/node_modules_%40react-three_fiber_dist_events-156d8d12_esm_0wayoq8.js:15395:23)
[ 3030988ms] ReferenceError: getFlashPeak is not defined
    at PostFX.useFrame [as current] (http://localhost:3000/_next/static/chunks/_1q8ofl-._.js?id=%255Bproject%255D/components/canvas/PostFX.jsx+%255Bapp-client%255D+(ecmascript):42:30)
    at update (http://localhost:3000/_next/static/chunks/node_modules_%40react-three_fiber_dist_events-156d8d12_esm_0wayoq8.js:15369:26)
    at loop (http://localhost:3000/_next/static/chunks/node_modules_%40react-three_fiber_dist_events-156d8d12_esm_0wayoq8.js:15395:23)
[ 3031005ms] ReferenceError: getFlashPeak is not defined
    at PostFX.useFrame [as current] (http://localhost:3000/_next/static/chunks/_1q8ofl-._.js?id=%255Bproject%255D/components/canvas/PostFX.jsx+%255Bapp-client%255D+(ecmascript):42:30)
    at update (http://localhost:3000/_next/static/chunks/node_modules_%40react-three_fiber_dist_events-156d8d12_esm_0wayoq8.js:15369:26)
    at loop (http://localhost:3000/_next/static/chunks/node_modules_%40react-three_fiber_dist_events-156d8d12_esm_0wayoq8.js:15395:23)
[ 3031021ms] ReferenceError: getFlashPeak is not defined
    at PostFX.useFrame [as current] (http://localhost:3000/_next/static/chunks/_1q8ofl-._.js?id=%255Bproject%255D/components/canvas/PostFX.jsx+%255Bapp-client%255D+(ecmascript):42:30)
    at update (http://localhost:3000/_next/static/chunks/node_modules_%40react-three_fiber_dist_events-156d8d12_esm_0wayoq8.js:15369:26)
    at loop (http://localhost:3000/_next/static/chunks/node_modules_%40react-three_fiber_dist_events-156d8d12_esm_0wayoq8.js:15395:23)
[ 3031037ms] ReferenceError: getFlashPeak is not defined
    at PostFX.useFrame [as current] (http://localhost:3000/_next/static/chunks/_1q8ofl-._.js?id=%255Bproject%255D/components/canvas/PostFX.jsx+%255Bapp-client%255D+(ecmascript):42:30)
    at update (http://localhost:3000/_next/static/chunks/node_modules_%40react-three_fiber_dist_events-156d8d12_esm_0wayoq8.js:15369:26)
    at loop (http://localhost:3000/_next/static/chunks/node_modules_%40react-three_fiber_dist_events-156d8d12_esm_0wayoq8.js:15395:23)
[ 3031054ms] ReferenceError: getFlashPeak is not defined
    at PostFX.useFrame [as current] (http://localhost:3000/_next/static/chunks/_1q8ofl-._.js?id=%255Bproject%255D/components/canvas/PostFX.jsx+%255Bapp-client%255D+(ecmascript):42:30)
    at update (http://localhost:3000/_next/static/chunks/node_modules_%40react-three_fiber_dist_events-156d8d12_esm_0wayoq8.js:15369:26)
    at loop (http://localhost:3000/_next/static/chunks/node_modules_%40react-three_fiber_dist_events-156d8d12_esm_0wayoq8.js:15395:23)
[ 3031071ms] ReferenceError: getFlashPeak is not defined
    at PostFX.useFrame [as current] (http://localhost:3000/_next/static/chunks/_1q8ofl-._.js?id=%255Bproject%255D/components/canvas/PostFX.jsx+%255Bapp-client%255D+(ecmascript):42:30)
    at update (http://localhost:3000/_next/static/chunks/node_modules_%40react-three_fiber_dist_events-156d8d12_esm_0wayoq8.js:15369:26)
    at loop (http://localhost:3000/_next/static/chunks/node_modules_%40react-three_fiber_dist_events-156d8d12_esm_0wayoq8.js:15395:23)
[ 3031087ms] ReferenceError: getFlashPeak is not defined
    at PostFX.useFrame [as current] (http://localhost:3000/_next/static/chunks/_1q8ofl-._.js?id=%255Bproject%255D/components/canvas/PostFX.jsx+%255Bapp-client%255D+(ecmascript):42:30)
    at update (http://localhost:3000/_next/static/chunks/node_modules_%40react-three_fiber_dist_events-156d8d12_esm_0wayoq8.js:15369:26)
    at loop (http://localhost:3000/_next/static/chunks/node_modules_%40react-three_fiber_dist_events-156d8d12_esm_0wayoq8.js:15395:23)
[ 3031105ms] ReferenceError: getFlashPeak is not defined
    at PostFX.useFrame [as current] (http://localhost:3000/_next/static/chunks/_1q8ofl-._.js?id=%255Bproject%255D/components/canvas/PostFX.jsx+%255Bapp-client%255D+(ecmascript):42:30)
    at update (http://localhost:3000/_next/static/chunks/node_modules_%40react-three_fiber_dist_events-156d8d12_esm_0wayoq8.js:15369:26)
    at loop (http://localhost:3000/_next/static/chunks/node_modules_%40react-three_fiber_dist_events-156d8d12_esm_0wayoq8.js:15395:23)
[ 3031121ms] ReferenceError: getFlashPeak is not defined
    at PostFX.useFrame [as current] (http://localhost:3000/_next/static/chunks/_1q8ofl-._.js?id=%255Bproject%255D/components/canvas/PostFX.jsx+%255Bapp-client%255D+(ecmascript):42:30)
    at update (http://localhost:3000/_next/static/chunks/node_modules_%40react-three_fiber_dist_events-156d8d12_esm_0wayoq8.js:15369:26)
    at loop (http://localhost:3000/_next/static/chunks/node_modules_%40react-three_fiber_dist_events-156d8d12_esm_0wayoq8.js:15395:23)
[ 3031138ms] ReferenceError: getFlashPeak is not defined
    at PostFX.useFrame [as current] (http://localhost:3000/_next/static/chunks/_1q8ofl-._.js?id=%255Bproject%255D/components/canvas/PostFX.jsx+%255Bapp-client%255D+(ecmascript):42:30)
    at update (http://localhost:3000/_next/static/chunks/node_modules_%40react-three_fiber_dist_events-156d8d12_esm_0wayoq8.js:15369:26)
    at loop (http://localhost:3000/_next/static/chunks/node_modules_%40react-three_fiber_dist_events-156d8d12_esm_0wayoq8.js:15395:23)
[ 3031146ms] [LOG] THREE.WebGLRenderer: Context Lost. @ http://localhost:3000/_next/static/chunks/node_modules_next_dist_1e8vcs8._.js:776
[ 3031154ms] ReferenceError: getFlashPeak is not defined
    at PostFX.useFrame [as current] (http://localhost:3000/_next/static/chunks/_1q8ofl-._.js?id=%255Bproject%255D/components/canvas/PostFX.jsx+%255Bapp-client%255D+(ecmascript):42:30)
    at update (http://localhost:3000/_next/static/chunks/node_modules_%40react-three_fiber_dist_events-156d8d12_esm_0wayoq8.js:15369:26)
    at loop (http://localhost:3000/_next/static/chunks/node_modules_%40react-three_fiber_dist_events-156d8d12_esm_0wayoq8.js:15395:23)
[ 3031171ms] ReferenceError: getFlashPeak is not defined
    at PostFX.useFrame [as current] (http://localhost:3000/_next/static/chunks/_1q8ofl-._.js?id=%255Bproject%255D/components/canvas/PostFX.jsx+%255Bapp-client%255D+(ecmascript):42:30)
    at update (http://localhost:3000/_next/static/chunks/node_modules_%40react-three_fiber_dist_events-156d8d12_esm_0wayoq8.js:15369:26)
    at loop (http://localhost:3000/_next/static/chunks/node_modules_%40react-three_fiber_dist_events-156d8d12_esm_0wayoq8.js:15395:23)
[ 3031188ms] ReferenceError: getFlashPeak is not defined
    at PostFX.useFrame [as current] (http://localhost:3000/_next/static/chunks/_1q8ofl-._.js?id=%255Bproject%255D/components/canvas/PostFX.jsx+%255Bapp-client%255D+(ecmascript):42:30)
    at update (http://localhost:3000/_next/static/chunks/node_modules_%40react-three_fiber_dist_events-156d8d12_esm_0wayoq8.js:15369:26)
    at loop (http://localhost:3000/_next/static/chunks/node_modules_%40react-three_fiber_dist_events-156d8d12_esm_0wayoq8.js:15395:23)
[ 3031204ms] ReferenceError: getFlashPeak is not defined
    at PostFX.useFrame [as current] (http://localhost:3000/_next/static/chunks/_1q8ofl-._.js?id=%255Bproject%255D/components/canvas/PostFX.jsx+%255Bapp-client%255D+(ecmascript):42:30)
    at update (http://localhost:3000/_next/static/chunks/node_modules_%40react-three_fiber_dist_events-156d8d12_esm_0wayoq8.js:15369:26)
    at loop (http://localhost:3000/_next/static/chunks/node_modules_%40react-three_fiber_dist_events-156d8d12_esm_0wayoq8.js:15395:23)
[ 3031221ms] ReferenceError: getFlashPeak is not defined
    at PostFX.useFrame [as current] (http://localhost:3000/_next/static/chunks/_1q8ofl-._.js?id=%255Bproject%255D/components/canvas/PostFX.jsx+%255Bapp-client%255D+(ecmascript):42:30)
    at update (http://localhost:3000/_next/static/chunks/node_modules_%40react-three_fiber_dist_events-156d8d12_esm_0wayoq8.js:15369:26)
    at loop (http://localhost:3000/_next/static/chunks/node_modules_%40react-three_fiber_dist_events-156d8d12_esm_0wayoq8.js:15395:23)
[ 3031238ms] ReferenceError: getFlashPeak is not defined
    at PostFX.useFrame [as current] (http://localhost:3000/_next/static/chunks/_1q8ofl-._.js?id=%255Bproject%255D/components/canvas/PostFX.jsx+%255Bapp-client%255D+(ecmascript):42:30)
    at update (http://localhost:3000/_next/static/chunks/node_modules_%40react-three_fiber_dist_events-156d8d12_esm_0wayoq8.js:15369:26)
    at loop (http://localhost:3000/_next/static/chunks/node_modules_%40react-three_fiber_dist_events-156d8d12_esm_0wayoq8.js:15395:23)
[ 3031254ms] ReferenceError: getFlashPeak is not defined
    at PostFX.useFrame [as current] (http://localhost:3000/_next/static/chunks/_1q8ofl-._.js?id=%255Bproject%255D/components/canvas/PostFX.jsx+%255Bapp-client%255D+(ecmascript):42:30)
    at update (http://localhost:3000/_next/static/chunks/node_modules_%40react-three_fiber_dist_events-156d8d12_esm_0wayoq8.js:15369:26)
    at loop (http://localhost:3000/_next/static/chunks/node_modules_%40react-three_fiber_dist_events-156d8d12_esm_0wayoq8.js:15395:23)
[ 3031271ms] ReferenceError: getFlashPeak is not defined
    at PostFX.useFrame [as current] (http://localhost:3000/_next/static/chunks/_1q8ofl-._.js?id=%255Bproject%255D/components/canvas/PostFX.jsx+%255Bapp-client%255D+(ecmascript):42:30)
    at update (http://localhost:3000/_next/static/chunks/node_modules_%40react-three_fiber_dist_events-156d8d12_esm_0wayoq8.js:15369:26)
    at loop (http://localhost:3000/_next/static/chunks/node_modules_%40react-three_fiber_dist_events-156d8d12_esm_0wayoq8.js:15395:23)
[ 3031288ms] ReferenceError: getFlashPeak is not defined
    at PostFX.useFrame [as current] (http://localhost:3000/_next/static/chunks/_1q8ofl-._.js?id=%255Bproject%255D/components/canvas/PostFX.jsx+%255Bapp-client%255D+(ecmascript):42:30)
    at update (http://localhost:3000/_next/static/chunks/node_modules_%40react-three_fiber_dist_events-156d8d12_esm_0wayoq8.js:15369:26)
    at loop (http://localhost:3000/_next/static/chunks/node_modules_%40react-three_fiber_dist_events-156d8d12_esm_0wayoq8.js:15395:23)
[ 3031304ms] ReferenceError: getFlashPeak is not defined
    at PostFX.useFrame [as current] (http://localhost:3000/_next/static/chunks/_1q8ofl-._.js?id=%255Bproject%255D/components/canvas/PostFX.jsx+%255Bapp-client%255D+(ecmascript):42:30)
    at update (http://localhost:3000/_next/static/chunks/node_modules_%40react-three_fiber_dist_events-156d8d12_esm_0wayoq8.js:15369:26)
    at loop (http://localhost:3000/_next/static/chunks/node_modules_%40react-three_fiber_dist_events-156d8d12_esm_0wayoq8.js:15395:23)
[ 3031321ms] ReferenceError: getFlashPeak is not defined
    at PostFX.useFrame [as current] (http://localhost:3000/_next/static/chunks/_1q8ofl-._.js?id=%255Bproject%255D/components/canvas/PostFX.jsx+%255Bapp-client%255D+(ecmascript):42:30)
    at update (http://localhost:3000/_next/static/chunks/node_modules_%40react-three_fiber_dist_events-156d8d12_esm_0wayoq8.js:15369:26)
    at loop (http://localhost:3000/_next/static/chunks/node_modules_%40react-three_fiber_dist_events-156d8d12_esm_0wayoq8.js:15395:23)
[ 3031338ms] ReferenceError: getFlashPeak is not defined
    at PostFX.useFrame [as current] (http://localhost:3000/_next/static/chunks/_1q8ofl-._.js?id=%255Bproject%255D/components/canvas/PostFX.jsx+%255Bapp-client%255D+(ecmascript):42:30)
    at update (http://localhost:3000/_next/static/chunks/node_modules_%40react-three_fiber_dist_events-156d8d12_esm_0wayoq8.js:15369:26)
    at loop (http://localhost:3000/_next/static/chunks/node_modules_%40react-three_fiber_dist_events-156d8d12_esm_0wayoq8.js:15395:23)
[ 3031354ms] ReferenceError: getFlashPeak is not defined
    at PostFX.useFrame [as current] (http://localhost:3000/_next/static/chunks/_1q8ofl-._.js?id=%255Bproject%255D/components/canvas/PostFX.jsx+%255Bapp-client%255D+(ecmascript):42:30)
    at update (http://localhost:3000/_next/static/chunks/node_modules_%40react-three_fiber_dist_events-156d8d12_esm_0wayoq8.js:15369:26)
    at loop (http://localhost:3000/_next/static/chunks/node_modules_%40react-three_fiber_dist_events-156d8d12_esm_0wayoq8.js:15395:23)
[ 3031371ms] ReferenceError: getFlashPeak is not defined
    at PostFX.useFrame [as current] (http://localhost:3000/_next/static/chunks/_1q8ofl-._.js?id=%255Bproject%255D/components/canvas/PostFX.jsx+%255Bapp-client%255D+(ecmascript):42:30)
    at update (http://localhost:3000/_next/static/chunks/node_modules_%40react-three_fiber_dist_events-156d8d12_esm_0wayoq8.js:15369:26)
    at loop (http://localhost:3000/_next/static/chunks/node_modules_%40react-three_fiber_dist_events-156d8d12_esm_0wayoq8.js:15395:23)
[ 3031387ms] ReferenceError: getFlashPeak is not defined
    at PostFX.useFrame [as current] (http://localhost:3000/_next/static/chunks/_1q8ofl-._.js?id=%255Bproject%255D/components/canvas/PostFX.jsx+%255Bapp-client%255D+(ecmascript):42:30)
    at update (http://localhost:3000/_next/static/chunks/node_modules_%40react-three_fiber_dist_events-156d8d12_esm_0wayoq8.js:15369:26)
    at loop (http://localhost:3000/_next/static/chunks/node_modules_%40react-three_fiber_dist_events-156d8d12_esm_0wayoq8.js:15395:23)
[ 3031404ms] ReferenceError: getFlashPeak is not defined
    at PostFX.useFrame [as current] (http://localhost:3000/_next/static/chunks/_1q8ofl-._.js?id=%255Bproject%255D/components/canvas/PostFX.jsx+%255Bapp-client%255D+(ecmascript):42:30)
    at update (http://localhost:3000/_next/static/chunks/node_modules_%40react-three_fiber_dist_events-156d8d12_esm_0wayoq8.js:15369:26)
    at loop (http://localhost:3000/_next/static/chunks/node_modules_%40react-three_fiber_dist_events-156d8d12_esm_0wayoq8.js:15395:23)
[ 3031421ms] ReferenceError: getFlashPeak is not defined
    at PostFX.useFrame [as current] (http://localhost:3000/_next/static/chunks/_1q8ofl-._.js?id=%255Bproject%255D/components/canvas/PostFX.jsx+%255Bapp-client%255D+(ecmascript):42:30)
    at update (http://localhost:3000/_next/static/chunks/node_modules_%40react-three_fiber_dist_events-156d8d12_esm_0wayoq8.js:15369:26)
    at loop (http://localhost:3000/_next/static/chunks/node_modules_%40react-three_fiber_dist_events-156d8d12_esm_0wayoq8.js:15395:23)
[ 3031438ms] ReferenceError: getFlashPeak is not defined
    at PostFX.useFrame [as current] (http://localhost:3000/_next/static/chunks/_1q8ofl-._.js?id=%255Bproject%255D/components/canvas/PostFX.jsx+%255Bapp-client%255D+(ecmascript):42:30)
    at update (http://localhost:3000/_next/static/chunks/node_modules_%40react-three_fiber_dist_events-156d8d12_esm_0wayoq8.js:15369:26)
    at loop (http://localhost:3000/_next/static/chunks/node_modules_%40react-three_fiber_dist_events-156d8d12_esm_0wayoq8.js:15395:23)
[ 3031454ms] ReferenceError: getFlashPeak is not defined
    at PostFX.useFrame [as current] (http://localhost:3000/_next/static/chunks/_1q8ofl-._.js?id=%255Bproject%255D/components/canvas/PostFX.jsx+%255Bapp-client%255D+(ecmascript):42:30)
    at update (http://localhost:3000/_next/static/chunks/node_modules_%40react-three_fiber_dist_events-156d8d12_esm_0wayoq8.js:15369:26)
    at loop (http://localhost:3000/_next/static/chunks/node_modules_%40react-three_fiber_dist_events-156d8d12_esm_0wayoq8.js:15395:23)
[ 3031471ms] ReferenceError: getFlashPeak is not defined
    at PostFX.useFrame [as current] (http://localhost:3000/_next/static/chunks/_1q8ofl-._.js?id=%255Bproject%255D/components/canvas/PostFX.jsx+%255Bapp-client%255D+(ecmascript):42:30)
    at update (http://localhost:3000/_next/static/chunks/node_modules_%40react-three_fiber_dist_events-156d8d12_esm_0wayoq8.js:15369:26)
    at loop (http://localhost:3000/_next/static/chunks/node_modules_%40react-three_fiber_dist_events-156d8d12_esm_0wayoq8.js:15395:23)
[ 3031488ms] ReferenceError: getFlashPeak is not defined
    at PostFX.useFrame [as current] (http://localhost:3000/_next/static/chunks/_1q8ofl-._.js?id=%255Bproject%255D/components/canvas/PostFX.jsx+%255Bapp-client%255D+(ecmascript):42:30)
    at update (http://localhost:3000/_next/static/chunks/node_modules_%40react-three_fiber_dist_events-156d8d12_esm_0wayoq8.js:15369:26)
    at loop (http://localhost:3000/_next/static/chunks/node_modules_%40react-three_fiber_dist_events-156d8d12_esm_0wayoq8.js:15395:23)
[ 3031505ms] ReferenceError: getFlashPeak is not defined
    at PostFX.useFrame [as current] (http://localhost:3000/_next/static/chunks/_1q8ofl-._.js?id=%255Bproject%255D/components/canvas/PostFX.jsx+%255Bapp-client%255D+(ecmascript):42:30)
    at update (http://localhost:3000/_next/static/chunks/node_modules_%40react-three_fiber_dist_events-156d8d12_esm_0wayoq8.js:15369:26)
    at loop (http://localhost:3000/_next/static/chunks/node_modules_%40react-three_fiber_dist_events-156d8d12_esm_0wayoq8.js:15395:23)
[ 3031522ms] ReferenceError: getFlashPeak is not defined
    at PostFX.useFrame [as current] (http://localhost:3000/_next/static/chunks/_1q8ofl-._.js?id=%255Bproject%255D/components/canvas/PostFX.jsx+%255Bapp-client%255D+(ecmascript):42:30)
    at update (http://localhost:3000/_next/static/chunks/node_modules_%40react-three_fiber_dist_events-156d8d12_esm_0wayoq8.js:15369:26)
    at loop (http://localhost:3000/_next/static/chunks/node_modules_%40react-three_fiber_dist_events-156d8d12_esm_0wayoq8.js:15395:23)
[ 3031537ms] ReferenceError: getFlashPeak is not defined
    at PostFX.useFrame [as current] (http://localhost:3000/_next/static/chunks/_1q8ofl-._.js?id=%255Bproject%255D/components/canvas/PostFX.jsx+%255Bapp-client%255D+(ecmascript):42:30)
    at update (http://localhost:3000/_next/static/chunks/node_modules_%40react-three_fiber_dist_events-156d8d12_esm_0wayoq8.js:15369:26)
    at loop (http://localhost:3000/_next/static/chunks/node_modules_%40react-three_fiber_dist_events-156d8d12_esm_0wayoq8.js:15395:23)
[ 3031554ms] ReferenceError: getFlashPeak is not defined
    at PostFX.useFrame [as current] (http://localhost:3000/_next/static/chunks/_1q8ofl-._.js?id=%255Bproject%255D/components/canvas/PostFX.jsx+%255Bapp-client%255D+(ecmascript):42:30)
    at update (http://localhost:3000/_next/static/chunks/node_modules_%40react-three_fiber_dist_events-156d8d12_esm_0wayoq8.js:15369:26)
    at loop (http://localhost:3000/_next/static/chunks/node_modules_%40react-three_fiber_dist_events-156d8d12_esm_0wayoq8.js:15395:23)
[ 3031571ms] ReferenceError: getFlashPeak is not defined
    at PostFX.useFrame [as current] (http://localhost:3000/_next/static/chunks/_1q8ofl-._.js?id=%255Bproject%255D/components/canvas/PostFX.jsx+%255Bapp-client%255D+(ecmascript):42:30)
    at update (http://localhost:3000/_next/static/chunks/node_modules_%40react-three_fiber_dist_events-156d8d12_esm_0wayoq8.js:15369:26)
    at loop (http://localhost:3000/_next/static/chunks/node_modules_%40react-three_fiber_dist_events-156d8d12_esm_0wayoq8.js:15395:23)
[ 3031587ms] ReferenceError: getFlashPeak is not defined
    at PostFX.useFrame [as current] (http://localhost:3000/_next/static/chunks/_1q8ofl-._.js?id=%255Bproject%255D/components/canvas/PostFX.jsx+%255Bapp-client%255D+(ecmascript):42:30)
    at update (http://localhost:3000/_next/static/chunks/node_modules_%40react-three_fiber_dist_events-156d8d12_esm_0wayoq8.js:15369:26)
    at loop (http://localhost:3000/_next/static/chunks/node_modules_%40react-three_fiber_dist_events-156d8d12_esm_0wayoq8.js:15395:23)
[ 3031604ms] ReferenceError: getFlashPeak is not defined
    at PostFX.useFrame [as current] (http://localhost:3000/_next/static/chunks/_1q8ofl-._.js?id=%255Bproject%255D/components/canvas/PostFX.jsx+%255Bapp-client%255D+(ecmascript):42:30)
    at update (http://localhost:3000/_next/static/chunks/node_modules_%40react-three_fiber_dist_events-156d8d12_esm_0wayoq8.js:15369:26)
    at loop (http://localhost:3000/_next/static/chunks/node_modules_%40react-three_fiber_dist_events-156d8d12_esm_0wayoq8.js:15395:23)
[ 3031621ms] ReferenceError: getFlashPeak is not defined
    at PostFX.useFrame [as current] (http://localhost:3000/_next/static/chunks/_1q8ofl-._.js?id=%255Bproject%255D/components/canvas/PostFX.jsx+%255Bapp-client%255D+(ecmascript):42:30)
    at update (http://localhost:3000/_next/static/chunks/node_modules_%40react-three_fiber_dist_events-156d8d12_esm_0wayoq8.js:15369:26)
    at loop (http://localhost:3000/_next/static/chunks/node_modules_%40react-three_fiber_dist_events-156d8d12_esm_0wayoq8.js:15395:23)
[ 3031637ms] ReferenceError: getFlashPeak is not defined
    at PostFX.useFrame [as current] (http://localhost:3000/_next/static/chunks/_1q8ofl-._.js?id=%255Bproject%255D/components/canvas/PostFX.jsx+%255Bapp-client%255D+(ecmascript):42:30)
    at update (http://localhost:3000/_next/static/chunks/node_modules_%40react-three_fiber_dist_events-156d8d12_esm_0wayoq8.js:15369:26)
    at loop (http://localhost:3000/_next/static/chunks/node_modules_%40react-three_fiber_dist_events-156d8d12_esm_0wayoq8.js:15395:23)
[ 3031654ms] ReferenceError: getFlashPeak is not defined
    at PostFX.useFrame [as current] (http://localhost:3000/_next/static/chunks/_1q8ofl-._.js?id=%255Bproject%255D/components/canvas/PostFX.jsx+%255Bapp-client%255D+(ecmascript):42:30)
    at update (http://localhost:3000/_next/static/chunks/node_modules_%40react-three_fiber_dist_events-156d8d12_esm_0wayoq8.js:15369:26)
    at loop (http://localhost:3000/_next/static/chunks/node_modules_%40react-three_fiber_dist_events-156d8d12_esm_0wayoq8.js:15395:23)
[ 3031671ms] ReferenceError: getFlashPeak is not defined
    at PostFX.useFrame [as current] (http://localhost:3000/_next/static/chunks/_1q8ofl-._.js?id=%255Bproject%255D/components/canvas/PostFX.jsx+%255Bapp-client%255D+(ecmascript):42:30)
    at update (http://localhost:3000/_next/static/chunks/node_modules_%40react-three_fiber_dist_events-156d8d12_esm_0wayoq8.js:15369:26)
    at loop (http://localhost:3000/_next/static/chunks/node_modules_%40react-three_fiber_dist_events-156d8d12_esm_0wayoq8.js:15395:23)
[ 3031687ms] ReferenceError: getFlashPeak is not defined
    at PostFX.useFrame [as current] (http://localhost:3000/_next/static/chunks/_1q8ofl-._.js?id=%255Bproject%255D/components/canvas/PostFX.jsx+%255Bapp-client%255D+(ecmascript):42:30)
    at update (http://localhost:3000/_next/static/chunks/node_modules_%40react-three_fiber_dist_events-156d8d12_esm_0wayoq8.js:15369:26)
    at loop (http://localhost:3000/_next/static/chunks/node_modules_%40react-three_fiber_dist_events-156d8d12_esm_0wayoq8.js:15395:23)
[ 3031704ms] ReferenceError: getFlashPeak is not defined
    at PostFX.useFrame [as current] (http://localhost:3000/_next/static/chunks/_1q8ofl-._.js?id=%255Bproject%255D/components/canvas/PostFX.jsx+%255Bapp-client%255D+(ecmascript):42:30)
    at update (http://localhost:3000/_next/static/chunks/node_modules_%40react-three_fiber_dist_events-156d8d12_esm_0wayoq8.js:15369:26)
    at loop (http://localhost:3000/_next/static/chunks/node_modules_%40react-three_fiber_dist_events-156d8d12_esm_0wayoq8.js:15395:23)
[ 3031721ms] ReferenceError: getFlashPeak is not defined
    at PostFX.useFrame [as current] (http://localhost:3000/_next/static/chunks/_1q8ofl-._.js?id=%255Bproject%255D/components/canvas/PostFX.jsx+%255Bapp-client%255D+(ecmascript):42:30)
    at update (http://localhost:3000/_next/static/chunks/node_modules_%40react-three_fiber_dist_events-156d8d12_esm_0wayoq8.js:15369:26)
    at loop (http://localhost:3000/_next/static/chunks/node_modules_%40react-three_fiber_dist_events-156d8d12_esm_0wayoq8.js:15395:23)
[ 3031737ms] ReferenceError: getFlashPeak is not defined
    at PostFX.useFrame [as current] (http://localhost:3000/_next/static/chunks/_1q8ofl-._.js?id=%255Bproject%255D/components/canvas/PostFX.jsx+%255Bapp-client%255D+(ecmascript):42:30)
    at update (http://localhost:3000/_next/static/chunks/node_modules_%40react-three_fiber_dist_events-156d8d12_esm_0wayoq8.js:15369:26)
    at loop (http://localhost:3000/_next/static/chunks/node_modules_%40react-three_fiber_dist_events-156d8d12_esm_0wayoq8.js:15395:23)
[ 3031754ms] ReferenceError: getFlashPeak is not defined
    at PostFX.useFrame [as current] (http://localhost:3000/_next/static/chunks/_1q8ofl-._.js?id=%255Bproject%255D/components/canvas/PostFX.jsx+%255Bapp-client%255D+(ecmascript):42:30)
    at update (http://localhost:3000/_next/static/chunks/node_modules_%40react-three_fiber_dist_events-156d8d12_esm_0wayoq8.js:15369:26)
    at loop (http://localhost:3000/_next/static/chunks/node_modules_%40react-three_fiber_dist_events-156d8d12_esm_0wayoq8.js:15395:23)
[ 3031771ms] ReferenceError: getFlashPeak is not defined
    at PostFX.useFrame [as current] (http://localhost:3000/_next/static/chunks/_1q8ofl-._.js?id=%255Bproject%255D/components/canvas/PostFX.jsx+%255Bapp-client%255D+(ecmascript):42:30)
    at update (http://localhost:3000/_next/static/chunks/node_modules_%40react-three_fiber_dist_events-156d8d12_esm_0wayoq8.js:15369:26)
    at loop (http://localhost:3000/_next/static/chunks/node_modules_%40react-three_fiber_dist_events-156d8d12_esm_0wayoq8.js:15395:23)
[ 3031788ms] ReferenceError: getFlashPeak is not defined
    at PostFX.useFrame [as current] (http://localhost:3000/_next/static/chunks/_1q8ofl-._.js?id=%255Bproject%255D/components/canvas/PostFX.jsx+%255Bapp-client%255D+(ecmascript):42:30)
    at update (http://localhost:3000/_next/static/chunks/node_modules_%40react-three_fiber_dist_events-156d8d12_esm_0wayoq8.js:15369:26)
    at loop (http://localhost:3000/_next/static/chunks/node_modules_%40react-three_fiber_dist_events-156d8d12_esm_0wayoq8.js:15395:23)
[ 3031804ms] ReferenceError: getFlashPeak is not defined
    at PostFX.useFrame [as current] (http://localhost:3000/_next/static/chunks/_1q8ofl-._.js?id=%255Bproject%255D/components/canvas/PostFX.jsx+%255Bapp-client%255D+(ecmascript):42:30)
    at update (http://localhost:3000/_next/static/chunks/node_modules_%40react-three_fiber_dist_events-156d8d12_esm_0wayoq8.js:15369:26)
    at loop (http://localhost:3000/_next/static/chunks/node_modules_%40react-three_fiber_dist_events-156d8d12_esm_0wayoq8.js:15395:23)
[ 3031821ms] ReferenceError: getFlashPeak is not defined
    at PostFX.useFrame [as current] (http://localhost:3000/_next/static/chunks/_1q8ofl-._.js?id=%255Bproject%255D/components/canvas/PostFX.jsx+%255Bapp-client%255D+(ecmascript):42:30)
    at update (http://localhost:3000/_next/static/chunks/node_modules_%40react-three_fiber_dist_events-156d8d12_esm_0wayoq8.js:15369:26)
    at loop (http://localhost:3000/_next/static/chunks/node_modules_%40react-three_fiber_dist_events-156d8d12_esm_0wayoq8.js:15395:23)
[ 3031837ms] ReferenceError: getFlashPeak is not defined
    at PostFX.useFrame [as current] (http://localhost:3000/_next/static/chunks/_1q8ofl-._.js?id=%255Bproject%255D/components/canvas/PostFX.jsx+%255Bapp-client%255D+(ecmascript):42:30)
    at update (http://localhost:3000/_next/static/chunks/node_modules_%40react-three_fiber_dist_events-156d8d12_esm_0wayoq8.js:15369:26)
    at loop (http://localhost:3000/_next/static/chunks/node_modules_%40react-three_fiber_dist_events-156d8d12_esm_0wayoq8.js:15395:23)
[ 3031854ms] ReferenceError: getFlashPeak is not defined
    at PostFX.useFrame [as current] (http://localhost:3000/_next/static/chunks/_1q8ofl-._.js?id=%255Bproject%255D/components/canvas/PostFX.jsx+%255Bapp-client%255D+(ecmascript):42:30)
    at update (http://localhost:3000/_next/static/chunks/node_modules_%40react-three_fiber_dist_events-156d8d12_esm_0wayoq8.js:15369:26)
    at loop (http://localhost:3000/_next/static/chunks/node_modules_%40react-three_fiber_dist_events-156d8d12_esm_0wayoq8.js:15395:23)
[ 3031871ms] ReferenceError: getFlashPeak is not defined
    at PostFX.useFrame [as current] (http://localhost:3000/_next/static/chunks/_1q8ofl-._.js?id=%255Bproject%255D/components/canvas/PostFX.jsx+%255Bapp-client%255D+(ecmascript):42:30)
    at update (http://localhost:3000/_next/static/chunks/node_modules_%40react-three_fiber_dist_events-156d8d12_esm_0wayoq8.js:15369:26)
    at loop (http://localhost:3000/_next/static/chunks/node_modules_%40react-three_fiber_dist_events-156d8d12_esm_0wayoq8.js:15395:23)
[ 3031887ms] ReferenceError: getFlashPeak is not defined
    at PostFX.useFrame [as current] (http://localhost:3000/_next/static/chunks/_1q8ofl-._.js?id=%255Bproject%255D/components/canvas/PostFX.jsx+%255Bapp-client%255D+(ecmascript):42:30)
    at update (http://localhost:3000/_next/static/chunks/node_modules_%40react-three_fiber_dist_events-156d8d12_esm_0wayoq8.js:15369:26)
    at loop (http://localhost:3000/_next/static/chunks/node_modules_%40react-three_fiber_dist_events-156d8d12_esm_0wayoq8.js:15395:23)
[ 3031904ms] ReferenceError: getFlashPeak is not defined
    at PostFX.useFrame [as current] (http://localhost:3000/_next/static/chunks/_1q8ofl-._.js?id=%255Bproject%255D/components/canvas/PostFX.jsx+%255Bapp-client%255D+(ecmascript):42:30)
    at update (http://localhost:3000/_next/static/chunks/node_modules_%40react-three_fiber_dist_events-156d8d12_esm_0wayoq8.js:15369:26)
    at loop (http://localhost:3000/_next/static/chunks/node_modules_%40react-three_fiber_dist_events-156d8d12_esm_0wayoq8.js:15395:23)
[ 3031921ms] ReferenceError: getFlashPeak is not defined
    at PostFX.useFrame [as current] (http://localhost:3000/_next/static/chunks/_1q8ofl-._.js?id=%255Bproject%255D/components/canvas/PostFX.jsx+%255Bapp-client%255D+(ecmascript):42:30)
    at update (http://localhost:3000/_next/static/chunks/node_modules_%40react-three_fiber_dist_events-156d8d12_esm_0wayoq8.js:15369:26)
    at loop (http://localhost:3000/_next/static/chunks/node_modules_%40react-three_fiber_dist_events-156d8d12_esm_0wayoq8.js:15395:23)
[ 3031937ms] ReferenceError: getFlashPeak is not defined
    at PostFX.useFrame [as current] (http://localhost:3000/_next/static/chunks/_1q8ofl-._.js?id=%255Bproject%255D/components/canvas/PostFX.jsx+%255Bapp-client%255D+(ecmascript):42:30)
    at update (http://localhost:3000/_next/static/chunks/node_modules_%40react-three_fiber_dist_events-156d8d12_esm_0wayoq8.js:15369:26)
    at loop (http://localhost:3000/_next/static/chunks/node_modules_%40react-three_fiber_dist_events-156d8d12_esm_0wayoq8.js:15395:23)
[ 3031954ms] ReferenceError: getFlashPeak is not defined
    at PostFX.useFrame [as current] (http://localhost:3000/_next/static/chunks/_1q8ofl-._.js?id=%255Bproject%255D/components/canvas/PostFX.jsx+%255Bapp-client%255D+(ecmascript):42:30)
    at update (http://localhost:3000/_next/static/chunks/node_modules_%40react-three_fiber_dist_events-156d8d12_esm_0wayoq8.js:15369:26)
    at loop (http://localhost:3000/_next/static/chunks/node_modules_%40react-three_fiber_dist_events-156d8d12_esm_0wayoq8.js:15395:23)
[ 3031971ms] ReferenceError: getFlashPeak is not defined
    at PostFX.useFrame [as current] (http://localhost:3000/_next/static/chunks/_1q8ofl-._.js?id=%255Bproject%255D/components/canvas/PostFX.jsx+%255Bapp-client%255D+(ecmascript):42:30)
    at update (http://localhost:3000/_next/static/chunks/node_modules_%40react-three_fiber_dist_events-156d8d12_esm_0wayoq8.js:15369:26)
    at loop (http://localhost:3000/_next/static/chunks/node_modules_%40react-three_fiber_dist_events-156d8d12_esm_0wayoq8.js:15395:23)
[ 3031987ms] ReferenceError: getFlashPeak is not defined
    at PostFX.useFrame [as current] (http://localhost:3000/_next/static/chunks/_1q8ofl-._.js?id=%255Bproject%255D/components/canvas/PostFX.jsx+%255Bapp-client%255D+(ecmascript):42:30)
    at update (http://localhost:3000/_next/static/chunks/node_modules_%40react-three_fiber_dist_events-156d8d12_esm_0wayoq8.js:15369:26)
    at loop (http://localhost:3000/_next/static/chunks/node_modules_%40react-three_fiber_dist_events-156d8d12_esm_0wayoq8.js:15395:23)
[ 3032004ms] ReferenceError: getFlashPeak is not defined
    at PostFX.useFrame [as current] (http://localhost:3000/_next/static/chunks/_1q8ofl-._.js?id=%255Bproject%255D/components/canvas/PostFX.jsx+%255Bapp-client%255D+(ecmascript):42:30)
    at update (http://localhost:3000/_next/static/chunks/node_modules_%40react-three_fiber_dist_events-156d8d12_esm_0wayoq8.js:15369:26)
    at loop (http://localhost:3000/_next/static/chunks/node_modules_%40react-three_fiber_dist_events-156d8d12_esm_0wayoq8.js:15395:23)
[ 3032021ms] ReferenceError: getFlashPeak is not defined
    at PostFX.useFrame [as current] (http://localhost:3000/_next/static/chunks/_1q8ofl-._.js?id=%255Bproject%255D/components/canvas/PostFX.jsx+%255Bapp-client%255D+(ecmascript):42:30)
    at update (http://localhost:3000/_next/static/chunks/node_modules_%40react-three_fiber_dist_events-156d8d12_esm_0wayoq8.js:15369:26)
    at loop (http://localhost:3000/_next/static/chunks/node_modules_%40react-three_fiber_dist_events-156d8d12_esm_0wayoq8.js:15395:23)
[ 3032037ms] ReferenceError: getFlashPeak is not defined
    at PostFX.useFrame [as current] (http://localhost:3000/_next/static/chunks/_1q8ofl-._.js?id=%255Bproject%255D/components/canvas/PostFX.jsx+%255Bapp-client%255D+(ecmascript):42:30)
    at update (http://localhost:3000/_next/static/chunks/node_modules_%40react-three_fiber_dist_events-156d8d12_esm_0wayoq8.js:15369:26)
    at loop (http://localhost:3000/_next/static/chunks/node_modules_%40react-three_fiber_dist_events-156d8d12_esm_0wayoq8.js:15395:23)
[ 3032054ms] ReferenceError: getFlashPeak is not defined
    at PostFX.useFrame [as current] (http://localhost:3000/_next/static/chunks/_1q8ofl-._.js?id=%255Bproject%255D/components/canvas/PostFX.jsx+%255Bapp-client%255D+(ecmascript):42:30)
    at update (http://localhost:3000/_next/static/chunks/node_modules_%40react-three_fiber_dist_events-156d8d12_esm_0wayoq8.js:15369:26)
    at loop (http://localhost:3000/_next/static/chunks/node_modules_%40react-three_fiber_dist_events-156d8d12_esm_0wayoq8.js:15395:23)
[ 3032071ms] ReferenceError: getFlashPeak is not defined
    at PostFX.useFrame [as current] (http://localhost:3000/_next/static/chunks/_1q8ofl-._.js?id=%255Bproject%255D/components/canvas/PostFX.jsx+%255Bapp-client%255D+(ecmascript):42:30)
    at update (http://localhost:3000/_next/static/chunks/node_modules_%40react-three_fiber_dist_events-156d8d12_esm_0wayoq8.js:15369:26)
    at loop (http://localhost:3000/_next/static/chunks/node_modules_%40react-three_fiber_dist_events-156d8d12_esm_0wayoq8.js:15395:23)
[ 3032088ms] ReferenceError: getFlashPeak is not defined
    at PostFX.useFrame [as current] (http://localhost:3000/_next/static/chunks/_1q8ofl-._.js?id=%255Bproject%255D/components/canvas/PostFX.jsx+%255Bapp-client%255D+(ecmascript):42:30)
    at update (http://localhost:3000/_next/static/chunks/node_modules_%40react-three_fiber_dist_events-156d8d12_esm_0wayoq8.js:15369:26)
    at loop (http://localhost:3000/_next/static/chunks/node_modules_%40react-three_fiber_dist_events-156d8d12_esm_0wayoq8.js:15395:23)
[ 3032104ms] ReferenceError: getFlashPeak is not defined
    at PostFX.useFrame [as current] (http://localhost:3000/_next/static/chunks/_1q8ofl-._.js?id=%255Bproject%255D/components/canvas/PostFX.jsx+%255Bapp-client%255D+(ecmascript):42:30)
    at update (http://localhost:3000/_next/static/chunks/node_modules_%40react-three_fiber_dist_events-156d8d12_esm_0wayoq8.js:15369:26)
    at loop (http://localhost:3000/_next/static/chunks/node_modules_%40react-three_fiber_dist_events-156d8d12_esm_0wayoq8.js:15395:23)
[ 3032121ms] ReferenceError: getFlashPeak is not defined
    at PostFX.useFrame [as current] (http://localhost:3000/_next/static/chunks/_1q8ofl-._.js?id=%255Bproject%255D/components/canvas/PostFX.jsx+%255Bapp-client%255D+(ecmascript):42:30)
    at update (http://localhost:3000/_next/static/chunks/node_modules_%40react-three_fiber_dist_events-156d8d12_esm_0wayoq8.js:15369:26)
    at loop (http://localhost:3000/_next/static/chunks/node_modules_%40react-three_fiber_dist_events-156d8d12_esm_0wayoq8.js:15395:23)
[ 3032137ms] ReferenceError: getFlashPeak is not defined
    at PostFX.useFrame [as current] (http://localhost:3000/_next/static/chunks/_1q8ofl-._.js?id=%255Bproject%255D/components/canvas/PostFX.jsx+%255Bapp-client%255D+(ecmascript):42:30)
    at update (http://localhost:3000/_next/static/chunks/node_modules_%40react-three_fiber_dist_events-156d8d12_esm_0wayoq8.js:15369:26)
    at loop (http://localhost:3000/_next/static/chunks/node_modules_%40react-three_fiber_dist_events-156d8d12_esm_0wayoq8.js:15395:23)
[ 3032154ms] ReferenceError: getFlashPeak is not defined
    at PostFX.useFrame [as current] (http://localhost:3000/_next/static/chunks/_1q8ofl-._.js?id=%255Bproject%255D/components/canvas/PostFX.jsx+%255Bapp-client%255D+(ecmascript):42:30)
    at update (http://localhost:3000/_next/static/chunks/node_modules_%40react-three_fiber_dist_events-156d8d12_esm_0wayoq8.js:15369:26)
    at loop (http://localhost:3000/_next/static/chunks/node_modules_%40react-three_fiber_dist_events-156d8d12_esm_0wayoq8.js:15395:23)
[ 3032170ms] ReferenceError: getFlashPeak is not defined
    at PostFX.useFrame [as current] (http://localhost:3000/_next/static/chunks/_1q8ofl-._.js?id=%255Bproject%255D/components/canvas/PostFX.jsx+%255Bapp-client%255D+(ecmascript):42:30)
    at update (http://localhost:3000/_next/static/chunks/node_modules_%40react-three_fiber_dist_events-156d8d12_esm_0wayoq8.js:15369:26)
    at loop (http://localhost:3000/_next/static/chunks/node_modules_%40react-three_fiber_dist_events-156d8d12_esm_0wayoq8.js:15395:23)
[ 3032187ms] ReferenceError: getFlashPeak is not defined
    at PostFX.useFrame [as current] (http://localhost:3000/_next/static/chunks/_1q8ofl-._.js?id=%255Bproject%255D/components/canvas/PostFX.jsx+%255Bapp-client%255D+(ecmascript):42:30)
    at update (http://localhost:3000/_next/static/chunks/node_modules_%40react-three_fiber_dist_events-156d8d12_esm_0wayoq8.js:15369:26)
    at loop (http://localhost:3000/_next/static/chunks/node_modules_%40react-three_fiber_dist_events-156d8d12_esm_0wayoq8.js:15395:23)
[ 3032204ms] ReferenceError: getFlashPeak is not defined
    at PostFX.useFrame [as current] (http://localhost:3000/_next/static/chunks/_1q8ofl-._.js?id=%255Bproject%255D/components/canvas/PostFX.jsx+%255Bapp-client%255D+(ecmascript):42:30)
    at update (http://localhost:3000/_next/static/chunks/node_modules_%40react-three_fiber_dist_events-156d8d12_esm_0wayoq8.js:15369:26)
    at loop (http://localhost:3000/_next/static/chunks/node_modules_%40react-three_fiber_dist_events-156d8d12_esm_0wayoq8.js:15395:23)
[ 3032221ms] ReferenceError: getFlashPeak is not defined
    at PostFX.useFrame [as current] (http://localhost:3000/_next/static/chunks/_1q8ofl-._.js?id=%255Bproject%255D/components/canvas/PostFX.jsx+%255Bapp-client%255D+(ecmascript):42:30)
    at update (http://localhost:3000/_next/static/chunks/node_modules_%40react-three_fiber_dist_events-156d8d12_esm_0wayoq8.js:15369:26)
    at loop (http://localhost:3000/_next/static/chunks/node_modules_%40react-three_fiber_dist_events-156d8d12_esm_0wayoq8.js:15395:23)
[ 3032237ms] ReferenceError: getFlashPeak is not defined
    at PostFX.useFrame [as current] (http://localhost:3000/_next/static/chunks/_1q8ofl-._.js?id=%255Bproject%255D/components/canvas/PostFX.jsx+%255Bapp-client%255D+(ecmascript):42:30)
    at update (http://localhost:3000/_next/static/chunks/node_modules_%40react-three_fiber_dist_events-156d8d12_esm_0wayoq8.js:15369:26)
    at loop (http://localhost:3000/_next/static/chunks/node_modules_%40react-three_fiber_dist_events-156d8d12_esm_0wayoq8.js:15395:23)
[ 3032254ms] ReferenceError: getFlashPeak is not defined
    at PostFX.useFrame [as current] (http://localhost:3000/_next/static/chunks/_1q8ofl-._.js?id=%255Bproject%255D/components/canvas/PostFX.jsx+%255Bapp-client%255D+(ecmascript):42:30)
    at update (http://localhost:3000/_next/static/chunks/node_modules_%40react-three_fiber_dist_events-156d8d12_esm_0wayoq8.js:15369:26)
    at loop (http://localhost:3000/_next/static/chunks/node_modules_%40react-three_fiber_dist_events-156d8d12_esm_0wayoq8.js:15395:23)
[ 3032270ms] ReferenceError: getFlashPeak is not defined
    at PostFX.useFrame [as current] (http://localhost:3000/_next/static/chunks/_1q8ofl-._.js?id=%255Bproject%255D/components/canvas/PostFX.jsx+%255Bapp-client%255D+(ecmascript):42:30)
    at update (http://localhost:3000/_next/static/chunks/node_modules_%40react-three_fiber_dist_events-156d8d12_esm_0wayoq8.js:15369:26)
    at loop (http://localhost:3000/_next/static/chunks/node_modules_%40react-three_fiber_dist_events-156d8d12_esm_0wayoq8.js:15395:23)
[ 3032287ms] ReferenceError: getFlashPeak is not defined
    at PostFX.useFrame [as current] (http://localhost:3000/_next/static/chunks/_1q8ofl-._.js?id=%255Bproject%255D/components/canvas/PostFX.jsx+%255Bapp-client%255D+(ecmascript):42:30)
    at update (http://localhost:3000/_next/static/chunks/node_modules_%40react-three_fiber_dist_events-156d8d12_esm_0wayoq8.js:15369:26)
    at loop (http://localhost:3000/_next/static/chunks/node_modules_%40react-three_fiber_dist_events-156d8d12_esm_0wayoq8.js:15395:23)
[ 3032304ms] ReferenceError: getFlashPeak is not defined
    at PostFX.useFrame [as current] (http://localhost:3000/_next/static/chunks/_1q8ofl-._.js?id=%255Bproject%255D/components/canvas/PostFX.jsx+%255Bapp-client%255D+(ecmascript):42:30)
    at update (http://localhost:3000/_next/static/chunks/node_modules_%40react-three_fiber_dist_events-156d8d12_esm_0wayoq8.js:15369:26)
    at loop (http://localhost:3000/_next/static/chunks/node_modules_%40react-three_fiber_dist_events-156d8d12_esm_0wayoq8.js:15395:23)
[ 3032321ms] ReferenceError: getFlashPeak is not defined
    at PostFX.useFrame [as current] (http://localhost:3000/_next/static/chunks/_1q8ofl-._.js?id=%255Bproject%255D/components/canvas/PostFX.jsx+%255Bapp-client%255D+(ecmascript):42:30)
    at update (http://localhost:3000/_next/static/chunks/node_modules_%40react-three_fiber_dist_events-156d8d12_esm_0wayoq8.js:15369:26)
    at loop (http://localhost:3000/_next/static/chunks/node_modules_%40react-three_fiber_dist_events-156d8d12_esm_0wayoq8.js:15395:23)
[ 3032337ms] ReferenceError: getFlashPeak is not defined
    at PostFX.useFrame [as current] (http://localhost:3000/_next/static/chunks/_1q8ofl-._.js?id=%255Bproject%255D/components/canvas/PostFX.jsx+%255Bapp-client%255D+(ecmascript):42:30)
    at update (http://localhost:3000/_next/static/chunks/node_modules_%40react-three_fiber_dist_events-156d8d12_esm_0wayoq8.js:15369:26)
    at loop (http://localhost:3000/_next/static/chunks/node_modules_%40react-three_fiber_dist_events-156d8d12_esm_0wayoq8.js:15395:23)
[ 3032354ms] ReferenceError: getFlashPeak is not defined
    at PostFX.useFrame [as current] (http://localhost:3000/_next/static/chunks/_1q8ofl-._.js?id=%255Bproject%255D/components/canvas/PostFX.jsx+%255Bapp-client%255D+(ecmascript):42:30)
    at update (http://localhost:3000/_next/static/chunks/node_modules_%40react-three_fiber_dist_events-156d8d12_esm_0wayoq8.js:15369:26)
    at loop (http://localhost:3000/_next/static/chunks/node_modules_%40react-three_fiber_dist_events-156d8d12_esm_0wayoq8.js:15395:23)
[ 3032372ms] ReferenceError: getFlashPeak is not defined
    at PostFX.useFrame [as current] (http://localhost:3000/_next/static/chunks/_1q8ofl-._.js?id=%255Bproject%255D/components/canvas/PostFX.jsx+%255Bapp-client%255D+(ecmascript):42:30)
    at update (http://localhost:3000/_next/static/chunks/node_modules_%40react-three_fiber_dist_events-156d8d12_esm_0wayoq8.js:15369:26)
    at loop (http://localhost:3000/_next/static/chunks/node_modules_%40react-three_fiber_dist_events-156d8d12_esm_0wayoq8.js:15395:23)
[ 3032388ms] ReferenceError: getFlashPeak is not defined
    at PostFX.useFrame [as current] (http://localhost:3000/_next/static/chunks/_1q8ofl-._.js?id=%255Bproject%255D/components/canvas/PostFX.jsx+%255Bapp-client%255D+(ecmascript):42:30)
    at update (http://localhost:3000/_next/static/chunks/node_modules_%40react-three_fiber_dist_events-156d8d12_esm_0wayoq8.js:15369:26)
    at loop (http://localhost:3000/_next/static/chunks/node_modules_%40react-three_fiber_dist_events-156d8d12_esm_0wayoq8.js:15395:23)
[ 3032404ms] ReferenceError: getFlashPeak is not defined
    at PostFX.useFrame [as current] (http://localhost:3000/_next/static/chunks/_1q8ofl-._.js?id=%255Bproject%255D/components/canvas/PostFX.jsx+%255Bapp-client%255D+(ecmascript):42:30)
    at update (http://localhost:3000/_next/static/chunks/node_modules_%40react-three_fiber_dist_events-156d8d12_esm_0wayoq8.js:15369:26)
    at loop (http://localhost:3000/_next/static/chunks/node_modules_%40react-three_fiber_dist_events-156d8d12_esm_0wayoq8.js:15395:23)
[ 3032421ms] ReferenceError: getFlashPeak is not defined
    at PostFX.useFrame [as current] (http://localhost:3000/_next/static/chunks/_1q8ofl-._.js?id=%255Bproject%255D/components/canvas/PostFX.jsx+%255Bapp-client%255D+(ecmascript):42:30)
    at update (http://localhost:3000/_next/static/chunks/node_modules_%40react-three_fiber_dist_events-156d8d12_esm_0wayoq8.js:15369:26)
    at loop (http://localhost:3000/_next/static/chunks/node_modules_%40react-three_fiber_dist_events-156d8d12_esm_0wayoq8.js:15395:23)
[ 3032438ms] ReferenceError: getFlashPeak is not defined
    at PostFX.useFrame [as current] (http://localhost:3000/_next/static/chunks/_1q8ofl-._.js?id=%255Bproject%255D/components/canvas/PostFX.jsx+%255Bapp-client%255D+(ecmascript):42:30)
    at update (http://localhost:3000/_next/static/chunks/node_modules_%40react-three_fiber_dist_events-156d8d12_esm_0wayoq8.js:15369:26)
    at loop (http://localhost:3000/_next/static/chunks/node_modules_%40react-three_fiber_dist_events-156d8d12_esm_0wayoq8.js:15395:23)
[ 3032454ms] ReferenceError: getFlashPeak is not defined
    at PostFX.useFrame [as current] (http://localhost:3000/_next/static/chunks/_1q8ofl-._.js?id=%255Bproject%255D/components/canvas/PostFX.jsx+%255Bapp-client%255D+(ecmascript):42:30)
    at update (http://localhost:3000/_next/static/chunks/node_modules_%40react-three_fiber_dist_events-156d8d12_esm_0wayoq8.js:15369:26)
    at loop (http://localhost:3000/_next/static/chunks/node_modules_%40react-three_fiber_dist_events-156d8d12_esm_0wayoq8.js:15395:23)
[ 3032471ms] ReferenceError: getFlashPeak is not defined
    at PostFX.useFrame [as current] (http://localhost:3000/_next/static/chunks/_1q8ofl-._.js?id=%255Bproject%255D/components/canvas/PostFX.jsx+%255Bapp-client%255D+(ecmascript):42:30)
    at update (http://localhost:3000/_next/static/chunks/node_modules_%40react-three_fiber_dist_events-156d8d12_esm_0wayoq8.js:15369:26)
    at loop (http://localhost:3000/_next/static/chunks/node_modules_%40react-three_fiber_dist_events-156d8d12_esm_0wayoq8.js:15395:23)
[ 3032488ms] ReferenceError: getFlashPeak is not defined
    at PostFX.useFrame [as current] (http://localhost:3000/_next/static/chunks/_1q8ofl-._.js?id=%255Bproject%255D/components/canvas/PostFX.jsx+%255Bapp-client%255D+(ecmascript):42:30)
    at update (http://localhost:3000/_next/static/chunks/node_modules_%40react-three_fiber_dist_events-156d8d12_esm_0wayoq8.js:15369:26)
    at loop (http://localhost:3000/_next/static/chunks/node_modules_%40react-three_fiber_dist_events-156d8d12_esm_0wayoq8.js:15395:23)
[ 3032504ms] ReferenceError: getFlashPeak is not defined
    at PostFX.useFrame [as current] (http://localhost:3000/_next/static/chunks/_1q8ofl-._.js?id=%255Bproject%255D/components/canvas/PostFX.jsx+%255Bapp-client%255D+(ecmascript):42:30)
    at update (http://localhost:3000/_next/static/chunks/node_modules_%40react-three_fiber_dist_events-156d8d12_esm_0wayoq8.js:15369:26)
    at loop (http://localhost:3000/_next/static/chunks/node_modules_%40react-three_fiber_dist_events-156d8d12_esm_0wayoq8.js:15395:23)
[ 3032521ms] ReferenceError: getFlashPeak is not defined
    at PostFX.useFrame [as current] (http://localhost:3000/_next/static/chunks/_1q8ofl-._.js?id=%255Bproject%255D/components/canvas/PostFX.jsx+%255Bapp-client%255D+(ecmascript):42:30)
    at update (http://localhost:3000/_next/static/chunks/node_modules_%40react-three_fiber_dist_events-156d8d12_esm_0wayoq8.js:15369:26)
    at loop (http://localhost:3000/_next/static/chunks/node_modules_%40react-three_fiber_dist_events-156d8d12_esm_0wayoq8.js:15395:23)
[ 3032538ms] ReferenceError: getFlashPeak is not defined
    at PostFX.useFrame [as current] (http://localhost:3000/_next/static/chunks/_1q8ofl-._.js?id=%255Bproject%255D/components/canvas/PostFX.jsx+%255Bapp-client%255D+(ecmascript):42:30)
    at update (http://localhost:3000/_next/static/chunks/node_modules_%40react-three_fiber_dist_events-156d8d12_esm_0wayoq8.js:15369:26)
    at loop (http://localhost:3000/_next/static/chunks/node_modules_%40react-three_fiber_dist_events-156d8d12_esm_0wayoq8.js:15395:23)
[ 3032554ms] ReferenceError: getFlashPeak is not defined
    at PostFX.useFrame [as current] (http://localhost:3000/_next/static/chunks/_1q8ofl-._.js?id=%255Bproject%255D/components/canvas/PostFX.jsx+%255Bapp-client%255D+(ecmascript):42:30)
    at update (http://localhost:3000/_next/static/chunks/node_modules_%40react-three_fiber_dist_events-156d8d12_esm_0wayoq8.js:15369:26)
    at loop (http://localhost:3000/_next/static/chunks/node_modules_%40react-three_fiber_dist_events-156d8d12_esm_0wayoq8.js:15395:23)
[ 3032571ms] ReferenceError: getFlashPeak is not defined
    at PostFX.useFrame [as current] (http://localhost:3000/_next/static/chunks/_1q8ofl-._.js?id=%255Bproject%255D/components/canvas/PostFX.jsx+%255Bapp-client%255D+(ecmascript):42:30)
    at update (http://localhost:3000/_next/static/chunks/node_modules_%40react-three_fiber_dist_events-156d8d12_esm_0wayoq8.js:15369:26)
    at loop (http://localhost:3000/_next/static/chunks/node_modules_%40react-three_fiber_dist_events-156d8d12_esm_0wayoq8.js:15395:23)
[ 3032587ms] ReferenceError: getFlashPeak is not defined
    at PostFX.useFrame [as current] (http://localhost:3000/_next/static/chunks/_1q8ofl-._.js?id=%255Bproject%255D/components/canvas/PostFX.jsx+%255Bapp-client%255D+(ecmascript):42:30)
    at update (http://localhost:3000/_next/static/chunks/node_modules_%40react-three_fiber_dist_events-156d8d12_esm_0wayoq8.js:15369:26)
    at loop (http://localhost:3000/_next/static/chunks/node_modules_%40react-three_fiber_dist_events-156d8d12_esm_0wayoq8.js:15395:23)
[ 3032607ms] ReferenceError: getFlashPeak is not defined
    at PostFX.useFrame [as current] (http://localhost:3000/_next/static/chunks/_1q8ofl-._.js?id=%255Bproject%255D/components/canvas/PostFX.jsx+%255Bapp-client%255D+(ecmascript):42:30)
    at update (http://localhost:3000/_next/static/chunks/node_modules_%40react-three_fiber_dist_events-156d8d12_esm_0wayoq8.js:15369:26)
    at loop (http://localhost:3000/_next/static/chunks/node_modules_%40react-three_fiber_dist_events-156d8d12_esm_0wayoq8.js:15395:23)
[ 3032622ms] ReferenceError: getFlashPeak is not defined
    at PostFX.useFrame [as current] (http://localhost:3000/_next/static/chunks/_1q8ofl-._.js?id=%255Bproject%255D/components/canvas/PostFX.jsx+%255Bapp-client%255D+(ecmascript):42:30)
    at update (http://localhost:3000/_next/static/chunks/node_modules_%40react-three_fiber_dist_events-156d8d12_esm_0wayoq8.js:15369:26)
    at loop (http://localhost:3000/_next/static/chunks/node_modules_%40react-three_fiber_dist_events-156d8d12_esm_0wayoq8.js:15395:23)
[ 3032638ms] ReferenceError: getFlashPeak is not defined
    at PostFX.useFrame [as current] (http://localhost:3000/_next/static/chunks/_1q8ofl-._.js?id=%255Bproject%255D/components/canvas/PostFX.jsx+%255Bapp-client%255D+(ecmascript):42:30)
    at update (http://localhost:3000/_next/static/chunks/node_modules_%40react-three_fiber_dist_events-156d8d12_esm_0wayoq8.js:15369:26)
    at loop (http://localhost:3000/_next/static/chunks/node_modules_%40react-three_fiber_dist_events-156d8d12_esm_0wayoq8.js:15395:23)
[ 3032654ms] ReferenceError: getFlashPeak is not defined
    at PostFX.useFrame [as current] (http://localhost:3000/_next/static/chunks/_1q8ofl-._.js?id=%255Bproject%255D/components/canvas/PostFX.jsx+%255Bapp-client%255D+(ecmascript):42:30)
    at update (http://localhost:3000/_next/static/chunks/node_modules_%40react-three_fiber_dist_events-156d8d12_esm_0wayoq8.js:15369:26)
    at loop (http://localhost:3000/_next/static/chunks/node_modules_%40react-three_fiber_dist_events-156d8d12_esm_0wayoq8.js:15395:23)
[ 3032671ms] ReferenceError: getFlashPeak is not defined
    at PostFX.useFrame [as current] (http://localhost:3000/_next/static/chunks/_1q8ofl-._.js?id=%255Bproject%255D/components/canvas/PostFX.jsx+%255Bapp-client%255D+(ecmascript):42:30)
    at update (http://localhost:3000/_next/static/chunks/node_modules_%40react-three_fiber_dist_events-156d8d12_esm_0wayoq8.js:15369:26)
    at loop (http://localhost:3000/_next/static/chunks/node_modules_%40react-three_fiber_dist_events-156d8d12_esm_0wayoq8.js:15395:23)
[ 3032687ms] ReferenceError: getFlashPeak is not defined
    at PostFX.useFrame [as current] (http://localhost:3000/_next/static/chunks/_1q8ofl-._.js?id=%255Bproject%255D/components/canvas/PostFX.jsx+%255Bapp-client%255D+(ecmascript):42:30)
    at update (http://localhost:3000/_next/static/chunks/node_modules_%40react-three_fiber_dist_events-156d8d12_esm_0wayoq8.js:15369:26)
    at loop (http://localhost:3000/_next/static/chunks/node_modules_%40react-three_fiber_dist_events-156d8d12_esm_0wayoq8.js:15395:23)
[ 3032704ms] ReferenceError: getFlashPeak is not defined
    at PostFX.useFrame [as current] (http://localhost:3000/_next/static/chunks/_1q8ofl-._.js?id=%255Bproject%255D/components/canvas/PostFX.jsx+%255Bapp-client%255D+(ecmascript):42:30)
    at update (http://localhost:3000/_next/static/chunks/node_modules_%40react-three_fiber_dist_events-156d8d12_esm_0wayoq8.js:15369:26)
    at loop (http://localhost:3000/_next/static/chunks/node_modules_%40react-three_fiber_dist_events-156d8d12_esm_0wayoq8.js:15395:23)
[ 3032721ms] ReferenceError: getFlashPeak is not defined
    at PostFX.useFrame [as current] (http://localhost:3000/_next/static/chunks/_1q8ofl-._.js?id=%255Bproject%255D/components/canvas/PostFX.jsx+%255Bapp-client%255D+(ecmascript):42:30)
    at update (http://localhost:3000/_next/static/chunks/node_modules_%40react-three_fiber_dist_events-156d8d12_esm_0wayoq8.js:15369:26)
    at loop (http://localhost:3000/_next/static/chunks/node_modules_%40react-three_fiber_dist_events-156d8d12_esm_0wayoq8.js:15395:23)
[ 3032737ms] ReferenceError: getFlashPeak is not defined
    at PostFX.useFrame [as current] (http://localhost:3000/_next/static/chunks/_1q8ofl-._.js?id=%255Bproject%255D/components/canvas/PostFX.jsx+%255Bapp-client%255D+(ecmascript):42:30)
    at update (http://localhost:3000/_next/static/chunks/node_modules_%40react-three_fiber_dist_events-156d8d12_esm_0wayoq8.js:15369:26)
    at loop (http://localhost:3000/_next/static/chunks/node_modules_%40react-three_fiber_dist_events-156d8d12_esm_0wayoq8.js:15395:23)
[ 3032754ms] ReferenceError: getFlashPeak is not defined
    at PostFX.useFrame [as current] (http://localhost:3000/_next/static/chunks/_1q8ofl-._.js?id=%255Bproject%255D/components/canvas/PostFX.jsx+%255Bapp-client%255D+(ecmascript):42:30)
    at update (http://localhost:3000/_next/static/chunks/node_modules_%40react-three_fiber_dist_events-156d8d12_esm_0wayoq8.js:15369:26)
    at loop (http://localhost:3000/_next/static/chunks/node_modules_%40react-three_fiber_dist_events-156d8d12_esm_0wayoq8.js:15395:23)
[ 3032771ms] ReferenceError: getFlashPeak is not defined
    at PostFX.useFrame [as current] (http://localhost:3000/_next/static/chunks/_1q8ofl-._.js?id=%255Bproject%255D/components/canvas/PostFX.jsx+%255Bapp-client%255D+(ecmascript):42:30)
    at update (http://localhost:3000/_next/static/chunks/node_modules_%40react-three_fiber_dist_events-156d8d12_esm_0wayoq8.js:15369:26)
    at loop (http://localhost:3000/_next/static/chunks/node_modules_%40react-three_fiber_dist_events-156d8d12_esm_0wayoq8.js:15395:23)
[ 3032788ms] ReferenceError: getFlashPeak is not defined
    at PostFX.useFrame [as current] (http://localhost:3000/_next/static/chunks/_1q8ofl-._.js?id=%255Bproject%255D/components/canvas/PostFX.jsx+%255Bapp-client%255D+(ecmascript):42:30)
    at update (http://localhost:3000/_next/static/chunks/node_modules_%40react-three_fiber_dist_events-156d8d12_esm_0wayoq8.js:15369:26)
    at loop (http://localhost:3000/_next/static/chunks/node_modules_%40react-three_fiber_dist_events-156d8d12_esm_0wayoq8.js:15395:23)
[ 3032804ms] ReferenceError: getFlashPeak is not defined
    at PostFX.useFrame [as current] (http://localhost:3000/_next/static/chunks/_1q8ofl-._.js?id=%255Bproject%255D/components/canvas/PostFX.jsx+%255Bapp-client%255D+(ecmascript):42:30)
    at update (http://localhost:3000/_next/static/chunks/node_modules_%40react-three_fiber_dist_events-156d8d12_esm_0wayoq8.js:15369:26)
    at loop (http://localhost:3000/_next/static/chunks/node_modules_%40react-three_fiber_dist_events-156d8d12_esm_0wayoq8.js:15395:23)
[ 3032822ms] ReferenceError: getFlashPeak is not defined
    at PostFX.useFrame [as current] (http://localhost:3000/_next/static/chunks/_1q8ofl-._.js?id=%255Bproject%255D/components/canvas/PostFX.jsx+%255Bapp-client%255D+(ecmascript):42:30)
    at update (http://localhost:3000/_next/static/chunks/node_modules_%40react-three_fiber_dist_events-156d8d12_esm_0wayoq8.js:15369:26)
    at loop (http://localhost:3000/_next/static/chunks/node_modules_%40react-three_fiber_dist_events-156d8d12_esm_0wayoq8.js:15395:23)
[ 3032837ms] ReferenceError: getFlashPeak is not defined
    at PostFX.useFrame [as current] (http://localhost:3000/_next/static/chunks/_1q8ofl-._.js?id=%255Bproject%255D/components/canvas/PostFX.jsx+%255Bapp-client%255D+(ecmascript):42:30)
    at update (http://localhost:3000/_next/static/chunks/node_modules_%40react-three_fiber_dist_events-156d8d12_esm_0wayoq8.js:15369:26)
    at loop (http://localhost:3000/_next/static/chunks/node_modules_%40react-three_fiber_dist_events-156d8d12_esm_0wayoq8.js:15395:23)
[ 3032854ms] ReferenceError: getFlashPeak is not defined
    at PostFX.useFrame [as current] (http://localhost:3000/_next/static/chunks/_1q8ofl-._.js?id=%255Bproject%255D/components/canvas/PostFX.jsx+%255Bapp-client%255D+(ecmascript):42:30)
    at update (http://localhost:3000/_next/static/chunks/node_modules_%40react-three_fiber_dist_events-156d8d12_esm_0wayoq8.js:15369:26)
    at loop (http://localhost:3000/_next/static/chunks/node_modules_%40react-three_fiber_dist_events-156d8d12_esm_0wayoq8.js:15395:23)
[ 3032871ms] ReferenceError: getFlashPeak is not defined
    at PostFX.useFrame [as current] (http://localhost:3000/_next/static/chunks/_1q8ofl-._.js?id=%255Bproject%255D/components/canvas/PostFX.jsx+%255Bapp-client%255D+(ecmascript):42:30)
    at update (http://localhost:3000/_next/static/chunks/node_modules_%40react-three_fiber_dist_events-156d8d12_esm_0wayoq8.js:15369:26)
    at loop (http://localhost:3000/_next/static/chunks/node_modules_%40react-three_fiber_dist_events-156d8d12_esm_0wayoq8.js:15395:23)
[ 3032887ms] ReferenceError: getFlashPeak is not defined
    at PostFX.useFrame [as current] (http://localhost:3000/_next/static/chunks/_1q8ofl-._.js?id=%255Bproject%255D/components/canvas/PostFX.jsx+%255Bapp-client%255D+(ecmascript):42:30)
    at update (http://localhost:3000/_next/static/chunks/node_modules_%40react-three_fiber_dist_events-156d8d12_esm_0wayoq8.js:15369:26)
    at loop (http://localhost:3000/_next/static/chunks/node_modules_%40react-three_fiber_dist_events-156d8d12_esm_0wayoq8.js:15395:23)
[ 3032904ms] ReferenceError: getFlashPeak is not defined
    at PostFX.useFrame [as current] (http://localhost:3000/_next/static/chunks/_1q8ofl-._.js?id=%255Bproject%255D/components/canvas/PostFX.jsx+%255Bapp-client%255D+(ecmascript):42:30)
    at update (http://localhost:3000/_next/static/chunks/node_modules_%40react-three_fiber_dist_events-156d8d12_esm_0wayoq8.js:15369:26)
    at loop (http://localhost:3000/_next/static/chunks/node_modules_%40react-three_fiber_dist_events-156d8d12_esm_0wayoq8.js:15395:23)
[ 3032921ms] ReferenceError: getFlashPeak is not defined
    at PostFX.useFrame [as current] (http://localhost:3000/_next/static/chunks/_1q8ofl-._.js?id=%255Bproject%255D/components/canvas/PostFX.jsx+%255Bapp-client%255D+(ecmascript):42:30)
    at update (http://localhost:3000/_next/static/chunks/node_modules_%40react-three_fiber_dist_events-156d8d12_esm_0wayoq8.js:15369:26)
    at loop (http://localhost:3000/_next/static/chunks/node_modules_%40react-three_fiber_dist_events-156d8d12_esm_0wayoq8.js:15395:23)
[ 3032937ms] ReferenceError: getFlashPeak is not defined
    at PostFX.useFrame [as current] (http://localhost:3000/_next/static/chunks/_1q8ofl-._.js?id=%255Bproject%255D/components/canvas/PostFX.jsx+%255Bapp-client%255D+(ecmascript):42:30)
    at update (http://localhost:3000/_next/static/chunks/node_modules_%40react-three_fiber_dist_events-156d8d12_esm_0wayoq8.js:15369:26)
    at loop (http://localhost:3000/_next/static/chunks/node_modules_%40react-three_fiber_dist_events-156d8d12_esm_0wayoq8.js:15395:23)
[ 3032954ms] ReferenceError: getFlashPeak is not defined
    at PostFX.useFrame [as current] (http://localhost:3000/_next/static/chunks/_1q8ofl-._.js?id=%255Bproject%255D/components/canvas/PostFX.jsx+%255Bapp-client%255D+(ecmascript):42:30)
    at update (http://localhost:3000/_next/static/chunks/node_modules_%40react-three_fiber_dist_events-156d8d12_esm_0wayoq8.js:15369:26)
    at loop (http://localhost:3000/_next/static/chunks/node_modules_%40react-three_fiber_dist_events-156d8d12_esm_0wayoq8.js:15395:23)
[ 3032971ms] ReferenceError: getFlashPeak is not defined
    at PostFX.useFrame [as current] (http://localhost:3000/_next/static/chunks/_1q8ofl-._.js?id=%255Bproject%255D/components/canvas/PostFX.jsx+%255Bapp-client%255D+(ecmascript):42:30)
    at update (http://localhost:3000/_next/static/chunks/node_modules_%40react-three_fiber_dist_events-156d8d12_esm_0wayoq8.js:15369:26)
    at loop (http://localhost:3000/_next/static/chunks/node_modules_%40react-three_fiber_dist_events-156d8d12_esm_0wayoq8.js:15395:23)
[ 3032987ms] ReferenceError: getFlashPeak is not defined
    at PostFX.useFrame [as current] (http://localhost:3000/_next/static/chunks/_1q8ofl-._.js?id=%255Bproject%255D/components/canvas/PostFX.jsx+%255Bapp-client%255D+(ecmascript):42:30)
    at update (http://localhost:3000/_next/static/chunks/node_modules_%40react-three_fiber_dist_events-156d8d12_esm_0wayoq8.js:15369:26)
    at loop (http://localhost:3000/_next/static/chunks/node_modules_%40react-three_fiber_dist_events-156d8d12_esm_0wayoq8.js:15395:23)
[ 3033004ms] ReferenceError: getFlashPeak is not defined
    at PostFX.useFrame [as current] (http://localhost:3000/_next/static/chunks/_1q8ofl-._.js?id=%255Bproject%255D/components/canvas/PostFX.jsx+%255Bapp-client%255D+(ecmascript):42:30)
    at update (http://localhost:3000/_next/static/chunks/node_modules_%40react-three_fiber_dist_events-156d8d12_esm_0wayoq8.js:15369:26)
    at loop (http://localhost:3000/_next/static/chunks/node_modules_%40react-three_fiber_dist_events-156d8d12_esm_0wayoq8.js:15395:23)
[ 3033021ms] ReferenceError: getFlashPeak is not defined
    at PostFX.useFrame [as current] (http://localhost:3000/_next/static/chunks/_1q8ofl-._.js?id=%255Bproject%255D/components/canvas/PostFX.jsx+%255Bapp-client%255D+(ecmascript):42:30)
    at update (http://localhost:3000/_next/static/chunks/node_modules_%40react-three_fiber_dist_events-156d8d12_esm_0wayoq8.js:15369:26)
    at loop (http://localhost:3000/_next/static/chunks/node_modules_%40react-three_fiber_dist_events-156d8d12_esm_0wayoq8.js:15395:23)
[ 3033037ms] ReferenceError: getFlashPeak is not defined
    at PostFX.useFrame [as current] (http://localhost:3000/_next/static/chunks/_1q8ofl-._.js?id=%255Bproject%255D/components/canvas/PostFX.jsx+%255Bapp-client%255D+(ecmascript):42:30)
    at update (http://localhost:3000/_next/static/chunks/node_modules_%40react-three_fiber_dist_events-156d8d12_esm_0wayoq8.js:15369:26)
    at loop (http://localhost:3000/_next/static/chunks/node_modules_%40react-three_fiber_dist_events-156d8d12_esm_0wayoq8.js:15395:23)
[ 3033055ms] ReferenceError: getFlashPeak is not defined
    at PostFX.useFrame [as current] (http://localhost:3000/_next/static/chunks/_1q8ofl-._.js?id=%255Bproject%255D/components/canvas/PostFX.jsx+%255Bapp-client%255D+(ecmascript):42:30)
    at update (http://localhost:3000/_next/static/chunks/node_modules_%40react-three_fiber_dist_events-156d8d12_esm_0wayoq8.js:15369:26)
    at loop (http://localhost:3000/_next/static/chunks/node_modules_%40react-three_fiber_dist_events-156d8d12_esm_0wayoq8.js:15395:23)
[ 3033072ms] ReferenceError: getFlashPeak is not defined
    at PostFX.useFrame [as current] (http://localhost:3000/_next/static/chunks/_1q8ofl-._.js?id=%255Bproject%255D/components/canvas/PostFX.jsx+%255Bapp-client%255D+(ecmascript):42:30)
    at update (http://localhost:3000/_next/static/chunks/node_modules_%40react-three_fiber_dist_events-156d8d12_esm_0wayoq8.js:15369:26)
    at loop (http://localhost:3000/_next/static/chunks/node_modules_%40react-three_fiber_dist_events-156d8d12_esm_0wayoq8.js:15395:23)
[ 3033088ms] ReferenceError: getFlashPeak is not defined
    at PostFX.useFrame [as current] (http://localhost:3000/_next/static/chunks/_1q8ofl-._.js?id=%255Bproject%255D/components/canvas/PostFX.jsx+%255Bapp-client%255D+(ecmascript):42:30)
    at update (http://localhost:3000/_next/static/chunks/node_modules_%40react-three_fiber_dist_events-156d8d12_esm_0wayoq8.js:15369:26)
    at loop (http://localhost:3000/_next/static/chunks/node_modules_%40react-three_fiber_dist_events-156d8d12_esm_0wayoq8.js:15395:23)
[ 3033104ms] ReferenceError: getFlashPeak is not defined
    at PostFX.useFrame [as current] (http://localhost:3000/_next/static/chunks/_1q8ofl-._.js?id=%255Bproject%255D/components/canvas/PostFX.jsx+%255Bapp-client%255D+(ecmascript):42:30)
    at update (http://localhost:3000/_next/static/chunks/node_modules_%40react-three_fiber_dist_events-156d8d12_esm_0wayoq8.js:15369:26)
    at loop (http://localhost:3000/_next/static/chunks/node_modules_%40react-three_fiber_dist_events-156d8d12_esm_0wayoq8.js:15395:23)
[ 3033121ms] ReferenceError: getFlashPeak is not defined
    at PostFX.useFrame [as current] (http://localhost:3000/_next/static/chunks/_1q8ofl-._.js?id=%255Bproject%255D/components/canvas/PostFX.jsx+%255Bapp-client%255D+(ecmascript):42:30)
    at update (http://localhost:3000/_next/static/chunks/node_modules_%40react-three_fiber_dist_events-156d8d12_esm_0wayoq8.js:15369:26)
    at loop (http://localhost:3000/_next/static/chunks/node_modules_%40react-three_fiber_dist_events-156d8d12_esm_0wayoq8.js:15395:23)
[ 3033137ms] ReferenceError: getFlashPeak is not defined
    at PostFX.useFrame [as current] (http://localhost:3000/_next/static/chunks/_1q8ofl-._.js?id=%255Bproject%255D/components/canvas/PostFX.jsx+%255Bapp-client%255D+(ecmascript):42:30)
    at update (http://localhost:3000/_next/static/chunks/node_modules_%40react-three_fiber_dist_events-156d8d12_esm_0wayoq8.js:15369:26)
    at loop (http://localhost:3000/_next/static/chunks/node_modules_%40react-three_fiber_dist_events-156d8d12_esm_0wayoq8.js:15395:23)
[ 3033154ms] ReferenceError: getFlashPeak is not defined
    at PostFX.useFrame [as current] (http://localhost:3000/_next/static/chunks/_1q8ofl-._.js?id=%255Bproject%255D/components/canvas/PostFX.jsx+%255Bapp-client%255D+(ecmascript):42:30)
    at update (http://localhost:3000/_next/static/chunks/node_modules_%40react-three_fiber_dist_events-156d8d12_esm_0wayoq8.js:15369:26)
    at loop (http://localhost:3000/_next/static/chunks/node_modules_%40react-three_fiber_dist_events-156d8d12_esm_0wayoq8.js:15395:23)
[ 3033171ms] ReferenceError: getFlashPeak is not defined
    at PostFX.useFrame [as current] (http://localhost:3000/_next/static/chunks/_1q8ofl-._.js?id=%255Bproject%255D/components/canvas/PostFX.jsx+%255Bapp-client%255D+(ecmascript):42:30)
    at update (http://localhost:3000/_next/static/chunks/node_modules_%40react-three_fiber_dist_events-156d8d12_esm_0wayoq8.js:15369:26)
    at loop (http://localhost:3000/_next/static/chunks/node_modules_%40react-three_fiber_dist_events-156d8d12_esm_0wayoq8.js:15395:23)
[ 3033188ms] ReferenceError: getFlashPeak is not defined
    at PostFX.useFrame [as current] (http://localhost:3000/_next/static/chunks/_1q8ofl-._.js?id=%255Bproject%255D/components/canvas/PostFX.jsx+%255Bapp-client%255D+(ecmascript):42:30)
    at update (http://localhost:3000/_next/static/chunks/node_modules_%40react-three_fiber_dist_events-156d8d12_esm_0wayoq8.js:15369:26)
    at loop (http://localhost:3000/_next/static/chunks/node_modules_%40react-three_fiber_dist_events-156d8d12_esm_0wayoq8.js:15395:23)
[ 3033204ms] ReferenceError: getFlashPeak is not defined
    at PostFX.useFrame [as current] (http://localhost:3000/_next/static/chunks/_1q8ofl-._.js?id=%255Bproject%255D/components/canvas/PostFX.jsx+%255Bapp-client%255D+(ecmascript):42:30)
    at update (http://localhost:3000/_next/static/chunks/node_modules_%40react-three_fiber_dist_events-156d8d12_esm_0wayoq8.js:15369:26)
    at loop (http://localhost:3000/_next/static/chunks/node_modules_%40react-three_fiber_dist_events-156d8d12_esm_0wayoq8.js:15395:23)
[ 3033221ms] ReferenceError: getFlashPeak is not defined
    at PostFX.useFrame [as current] (http://localhost:3000/_next/static/chunks/_1q8ofl-._.js?id=%255Bproject%255D/components/canvas/PostFX.jsx+%255Bapp-client%255D+(ecmascript):42:30)
    at update (http://localhost:3000/_next/static/chunks/node_modules_%40react-three_fiber_dist_events-156d8d12_esm_0wayoq8.js:15369:26)
    at loop (http://localhost:3000/_next/static/chunks/node_modules_%40react-three_fiber_dist_events-156d8d12_esm_0wayoq8.js:15395:23)
[ 3033237ms] ReferenceError: getFlashPeak is not defined
    at PostFX.useFrame [as current] (http://localhost:3000/_next/static/chunks/_1q8ofl-._.js?id=%255Bproject%255D/components/canvas/PostFX.jsx+%255Bapp-client%255D+(ecmascript):42:30)
    at update (http://localhost:3000/_next/static/chunks/node_modules_%40react-three_fiber_dist_events-156d8d12_esm_0wayoq8.js:15369:26)
    at loop (http://localhost:3000/_next/static/chunks/node_modules_%40react-three_fiber_dist_events-156d8d12_esm_0wayoq8.js:15395:23)
[ 3033254ms] ReferenceError: getFlashPeak is not defined
    at PostFX.useFrame [as current] (http://localhost:3000/_next/static/chunks/_1q8ofl-._.js?id=%255Bproject%255D/components/canvas/PostFX.jsx+%255Bapp-client%255D+(ecmascript):42:30)
    at update (http://localhost:3000/_next/static/chunks/node_modules_%40react-three_fiber_dist_events-156d8d12_esm_0wayoq8.js:15369:26)
    at loop (http://localhost:3000/_next/static/chunks/node_modules_%40react-three_fiber_dist_events-156d8d12_esm_0wayoq8.js:15395:23)
[ 3033271ms] ReferenceError: getFlashPeak is not defined
    at PostFX.useFrame [as current] (http://localhost:3000/_next/static/chunks/_1q8ofl-._.js?id=%255Bproject%255D/components/canvas/PostFX.jsx+%255Bapp-client%255D+(ecmascript):42:30)
    at update (http://localhost:3000/_next/static/chunks/node_modules_%40react-three_fiber_dist_events-156d8d12_esm_0wayoq8.js:15369:26)
    at loop (http://localhost:3000/_next/static/chunks/node_modules_%40react-three_fiber_dist_events-156d8d12_esm_0wayoq8.js:15395:23)
[ 3033287ms] ReferenceError: getFlashPeak is not defined
    at PostFX.useFrame [as current] (http://localhost:3000/_next/static/chunks/_1q8ofl-._.js?id=%255Bproject%255D/components/canvas/PostFX.jsx+%255Bapp-client%255D+(ecmascript):42:30)
    at update (http://localhost:3000/_next/static/chunks/node_modules_%40react-three_fiber_dist_events-156d8d12_esm_0wayoq8.js:15369:26)
    at loop (http://localhost:3000/_next/static/chunks/node_modules_%40react-three_fiber_dist_events-156d8d12_esm_0wayoq8.js:15395:23)
[ 3033304ms] ReferenceError: getFlashPeak is not defined
    at PostFX.useFrame [as current] (http://localhost:3000/_next/static/chunks/_1q8ofl-._.js?id=%255Bproject%255D/components/canvas/PostFX.jsx+%255Bapp-client%255D+(ecmascript):42:30)
    at update (http://localhost:3000/_next/static/chunks/node_modules_%40react-three_fiber_dist_events-156d8d12_esm_0wayoq8.js:15369:26)
    at loop (http://localhost:3000/_next/static/chunks/node_modules_%40react-three_fiber_dist_events-156d8d12_esm_0wayoq8.js:15395:23)
[ 3033321ms] ReferenceError: getFlashPeak is not defined
    at PostFX.useFrame [as current] (http://localhost:3000/_next/static/chunks/_1q8ofl-._.js?id=%255Bproject%255D/components/canvas/PostFX.jsx+%255Bapp-client%255D+(ecmascript):42:30)
    at update (http://localhost:3000/_next/static/chunks/node_modules_%40react-three_fiber_dist_events-156d8d12_esm_0wayoq8.js:15369:26)
    at loop (http://localhost:3000/_next/static/chunks/node_modules_%40react-three_fiber_dist_events-156d8d12_esm_0wayoq8.js:15395:23)
[ 3033338ms] ReferenceError: getFlashPeak is not defined
    at PostFX.useFrame [as current] (http://localhost:3000/_next/static/chunks/_1q8ofl-._.js?id=%255Bproject%255D/components/canvas/PostFX.jsx+%255Bapp-client%255D+(ecmascript):42:30)
    at update (http://localhost:3000/_next/static/chunks/node_modules_%40react-three_fiber_dist_events-156d8d12_esm_0wayoq8.js:15369:26)
    at loop (http://localhost:3000/_next/static/chunks/node_modules_%40react-three_fiber_dist_events-156d8d12_esm_0wayoq8.js:15395:23)
[ 3033354ms] ReferenceError: getFlashPeak is not defined
    at PostFX.useFrame [as current] (http://localhost:3000/_next/static/chunks/_1q8ofl-._.js?id=%255Bproject%255D/components/canvas/PostFX.jsx+%255Bapp-client%255D+(ecmascript):42:30)
    at update (http://localhost:3000/_next/static/chunks/node_modules_%40react-three_fiber_dist_events-156d8d12_esm_0wayoq8.js:15369:26)
    at loop (http://localhost:3000/_next/static/chunks/node_modules_%40react-three_fiber_dist_events-156d8d12_esm_0wayoq8.js:15395:23)
[ 3033371ms] ReferenceError: getFlashPeak is not defined
    at PostFX.useFrame [as current] (http://localhost:3000/_next/static/chunks/_1q8ofl-._.js?id=%255Bproject%255D/components/canvas/PostFX.jsx+%255Bapp-client%255D+(ecmascript):42:30)
    at update (http://localhost:3000/_next/static/chunks/node_modules_%40react-three_fiber_dist_events-156d8d12_esm_0wayoq8.js:15369:26)
    at loop (http://localhost:3000/_next/static/chunks/node_modules_%40react-three_fiber_dist_events-156d8d12_esm_0wayoq8.js:15395:23)
[ 3033387ms] ReferenceError: getFlashPeak is not defined
    at PostFX.useFrame [as current] (http://localhost:3000/_next/static/chunks/_1q8ofl-._.js?id=%255Bproject%255D/components/canvas/PostFX.jsx+%255Bapp-client%255D+(ecmascript):42:30)
    at update (http://localhost:3000/_next/static/chunks/node_modules_%40react-three_fiber_dist_events-156d8d12_esm_0wayoq8.js:15369:26)
    at loop (http://localhost:3000/_next/static/chunks/node_modules_%40react-three_fiber_dist_events-156d8d12_esm_0wayoq8.js:15395:23)
[ 3033404ms] ReferenceError: getFlashPeak is not defined
    at PostFX.useFrame [as current] (http://localhost:3000/_next/static/chunks/_1q8ofl-._.js?id=%255Bproject%255D/components/canvas/PostFX.jsx+%255Bapp-client%255D+(ecmascript):42:30)
    at update (http://localhost:3000/_next/static/chunks/node_modules_%40react-three_fiber_dist_events-156d8d12_esm_0wayoq8.js:15369:26)
    at loop (http://localhost:3000/_next/static/chunks/node_modules_%40react-three_fiber_dist_events-156d8d12_esm_0wayoq8.js:15395:23)
[ 3033421ms] ReferenceError: getFlashPeak is not defined
    at PostFX.useFrame [as current] (http://localhost:3000/_next/static/chunks/_1q8ofl-._.js?id=%255Bproject%255D/components/canvas/PostFX.jsx+%255Bapp-client%255D+(ecmascript):42:30)
    at update (http://localhost:3000/_next/static/chunks/node_modules_%40react-three_fiber_dist_events-156d8d12_esm_0wayoq8.js:15369:26)
    at loop (http://localhost:3000/_next/static/chunks/node_modules_%40react-three_fiber_dist_events-156d8d12_esm_0wayoq8.js:15395:23)
[ 3033437ms] ReferenceError: getFlashPeak is not defined
    at PostFX.useFrame [as current] (http://localhost:3000/_next/static/chunks/_1q8ofl-._.js?id=%255Bproject%255D/components/canvas/PostFX.jsx+%255Bapp-client%255D+(ecmascript):42:30)
    at update (http://localhost:3000/_next/static/chunks/node_modules_%40react-three_fiber_dist_events-156d8d12_esm_0wayoq8.js:15369:26)
    at loop (http://localhost:3000/_next/static/chunks/node_modules_%40react-three_fiber_dist_events-156d8d12_esm_0wayoq8.js:15395:23)
[ 3033454ms] ReferenceError: getFlashPeak is not defined
    at PostFX.useFrame [as current] (http://localhost:3000/_next/static/chunks/_1q8ofl-._.js?id=%255Bproject%255D/components/canvas/PostFX.jsx+%255Bapp-client%255D+(ecmascript):42:30)
    at update (http://localhost:3000/_next/static/chunks/node_modules_%40react-three_fiber_dist_events-156d8d12_esm_0wayoq8.js:15369:26)
    at loop (http://localhost:3000/_next/static/chunks/node_modules_%40react-three_fiber_dist_events-156d8d12_esm_0wayoq8.js:15395:23)
[ 3033471ms] ReferenceError: getFlashPeak is not defined
    at PostFX.useFrame [as current] (http://localhost:3000/_next/static/chunks/_1q8ofl-._.js?id=%255Bproject%255D/components/canvas/PostFX.jsx+%255Bapp-client%255D+(ecmascript):42:30)
    at update (http://localhost:3000/_next/static/chunks/node_modules_%40react-three_fiber_dist_events-156d8d12_esm_0wayoq8.js:15369:26)
    at loop (http://localhost:3000/_next/static/chunks/node_modules_%40react-three_fiber_dist_events-156d8d12_esm_0wayoq8.js:15395:23)
[ 3033487ms] ReferenceError: getFlashPeak is not defined
    at PostFX.useFrame [as current] (http://localhost:3000/_next/static/chunks/_1q8ofl-._.js?id=%255Bproject%255D/components/canvas/PostFX.jsx+%255Bapp-client%255D+(ecmascript):42:30)
    at update (http://localhost:3000/_next/static/chunks/node_modules_%40react-three_fiber_dist_events-156d8d12_esm_0wayoq8.js:15369:26)
    at loop (http://localhost:3000/_next/static/chunks/node_modules_%40react-three_fiber_dist_events-156d8d12_esm_0wayoq8.js:15395:23)
[ 3033504ms] ReferenceError: getFlashPeak is not defined
    at PostFX.useFrame [as current] (http://localhost:3000/_next/static/chunks/_1q8ofl-._.js?id=%255Bproject%255D/components/canvas/PostFX.jsx+%255Bapp-client%255D+(ecmascript):42:30)
    at update (http://localhost:3000/_next/static/chunks/node_modules_%40react-three_fiber_dist_events-156d8d12_esm_0wayoq8.js:15369:26)
    at loop (http://localhost:3000/_next/static/chunks/node_modules_%40react-three_fiber_dist_events-156d8d12_esm_0wayoq8.js:15395:23)
[ 3033521ms] ReferenceError: getFlashPeak is not defined
    at PostFX.useFrame [as current] (http://localhost:3000/_next/static/chunks/_1q8ofl-._.js?id=%255Bproject%255D/components/canvas/PostFX.jsx+%255Bapp-client%255D+(ecmascript):42:30)
    at update (http://localhost:3000/_next/static/chunks/node_modules_%40react-three_fiber_dist_events-156d8d12_esm_0wayoq8.js:15369:26)
    at loop (http://localhost:3000/_next/static/chunks/node_modules_%40react-three_fiber_dist_events-156d8d12_esm_0wayoq8.js:15395:23)
[ 3033537ms] ReferenceError: getFlashPeak is not defined
    at PostFX.useFrame [as current] (http://localhost:3000/_next/static/chunks/_1q8ofl-._.js?id=%255Bproject%255D/components/canvas/PostFX.jsx+%255Bapp-client%255D+(ecmascript):42:30)
    at update (http://localhost:3000/_next/static/chunks/node_modules_%40react-three_fiber_dist_events-156d8d12_esm_0wayoq8.js:15369:26)
    at loop (http://localhost:3000/_next/static/chunks/node_modules_%40react-three_fiber_dist_events-156d8d12_esm_0wayoq8.js:15395:23)
[ 3033554ms] ReferenceError: getFlashPeak is not defined
    at PostFX.useFrame [as current] (http://localhost:3000/_next/static/chunks/_1q8ofl-._.js?id=%255Bproject%255D/components/canvas/PostFX.jsx+%255Bapp-client%255D+(ecmascript):42:30)
    at update (http://localhost:3000/_next/static/chunks/node_modules_%40react-three_fiber_dist_events-156d8d12_esm_0wayoq8.js:15369:26)
    at loop (http://localhost:3000/_next/static/chunks/node_modules_%40react-three_fiber_dist_events-156d8d12_esm_0wayoq8.js:15395:23)
[ 3033571ms] ReferenceError: getFlashPeak is not defined
    at PostFX.useFrame [as current] (http://localhost:3000/_next/static/chunks/_1q8ofl-._.js?id=%255Bproject%255D/components/canvas/PostFX.jsx+%255Bapp-client%255D+(ecmascript):42:30)
    at update (http://localhost:3000/_next/static/chunks/node_modules_%40react-three_fiber_dist_events-156d8d12_esm_0wayoq8.js:15369:26)
    at loop (http://localhost:3000/_next/static/chunks/node_modules_%40react-three_fiber_dist_events-156d8d12_esm_0wayoq8.js:15395:23)
[ 3033587ms] ReferenceError: getFlashPeak is not defined
    at PostFX.useFrame [as current] (http://localhost:3000/_next/static/chunks/_1q8ofl-._.js?id=%255Bproject%255D/components/canvas/PostFX.jsx+%255Bapp-client%255D+(ecmascript):42:30)
    at update (http://localhost:3000/_next/static/chunks/node_modules_%40react-three_fiber_dist_events-156d8d12_esm_0wayoq8.js:15369:26)
    at loop (http://localhost:3000/_next/static/chunks/node_modules_%40react-three_fiber_dist_events-156d8d12_esm_0wayoq8.js:15395:23)
[ 3033604ms] ReferenceError: getFlashPeak is not defined
    at PostFX.useFrame [as current] (http://localhost:3000/_next/static/chunks/_1q8ofl-._.js?id=%255Bproject%255D/components/canvas/PostFX.jsx+%255Bapp-client%255D+(ecmascript):42:30)
    at update (http://localhost:3000/_next/static/chunks/node_modules_%40react-three_fiber_dist_events-156d8d12_esm_0wayoq8.js:15369:26)
    at loop (http://localhost:3000/_next/static/chunks/node_modules_%40react-three_fiber_dist_events-156d8d12_esm_0wayoq8.js:15395:23)
[ 3033620ms] ReferenceError: getFlashPeak is not defined
    at PostFX.useFrame [as current] (http://localhost:3000/_next/static/chunks/_1q8ofl-._.js?id=%255Bproject%255D/components/canvas/PostFX.jsx+%255Bapp-client%255D+(ecmascript):42:30)
    at update (http://localhost:3000/_next/static/chunks/node_modules_%40react-three_fiber_dist_events-156d8d12_esm_0wayoq8.js:15369:26)
    at loop (http://localhost:3000/_next/static/chunks/node_modules_%40react-three_fiber_dist_events-156d8d12_esm_0wayoq8.js:15395:23)
[ 3033637ms] ReferenceError: getFlashPeak is not defined
    at PostFX.useFrame [as current] (http://localhost:3000/_next/static/chunks/_1q8ofl-._.js?id=%255Bproject%255D/components/canvas/PostFX.jsx+%255Bapp-client%255D+(ecmascript):42:30)
    at update (http://localhost:3000/_next/static/chunks/node_modules_%40react-three_fiber_dist_events-156d8d12_esm_0wayoq8.js:15369:26)
    at loop (http://localhost:3000/_next/static/chunks/node_modules_%40react-three_fiber_dist_events-156d8d12_esm_0wayoq8.js:15395:23)
[ 3033654ms] ReferenceError: getFlashPeak is not defined
    at PostFX.useFrame [as current] (http://localhost:3000/_next/static/chunks/_1q8ofl-._.js?id=%255Bproject%255D/components/canvas/PostFX.jsx+%255Bapp-client%255D+(ecmascript):42:30)
    at update (http://localhost:3000/_next/static/chunks/node_modules_%40react-three_fiber_dist_events-156d8d12_esm_0wayoq8.js:15369:26)
    at loop (http://localhost:3000/_next/static/chunks/node_modules_%40react-three_fiber_dist_events-156d8d12_esm_0wayoq8.js:15395:23)
[ 3033671ms] ReferenceError: getFlashPeak is not defined
    at PostFX.useFrame [as current] (http://localhost:3000/_next/static/chunks/_1q8ofl-._.js?id=%255Bproject%255D/components/canvas/PostFX.jsx+%255Bapp-client%255D+(ecmascript):42:30)
    at update (http://localhost:3000/_next/static/chunks/node_modules_%40react-three_fiber_dist_events-156d8d12_esm_0wayoq8.js:15369:26)
    at loop (http://localhost:3000/_next/static/chunks/node_modules_%40react-three_fiber_dist_events-156d8d12_esm_0wayoq8.js:15395:23)
[ 3033687ms] ReferenceError: getFlashPeak is not defined
    at PostFX.useFrame [as current] (http://localhost:3000/_next/static/chunks/_1q8ofl-._.js?id=%255Bproject%255D/components/canvas/PostFX.jsx+%255Bapp-client%255D+(ecmascript):42:30)
    at update (http://localhost:3000/_next/static/chunks/node_modules_%40react-three_fiber_dist_events-156d8d12_esm_0wayoq8.js:15369:26)
    at loop (http://localhost:3000/_next/static/chunks/node_modules_%40react-three_fiber_dist_events-156d8d12_esm_0wayoq8.js:15395:23)
[ 3033704ms] ReferenceError: getFlashPeak is not defined
    at PostFX.useFrame [as current] (http://localhost:3000/_next/static/chunks/_1q8ofl-._.js?id=%255Bproject%255D/components/canvas/PostFX.jsx+%255Bapp-client%255D+(ecmascript):42:30)
    at update (http://localhost:3000/_next/static/chunks/node_modules_%40react-three_fiber_dist_events-156d8d12_esm_0wayoq8.js:15369:26)
    at loop (http://localhost:3000/_next/static/chunks/node_modules_%40react-three_fiber_dist_events-156d8d12_esm_0wayoq8.js:15395:23)
[ 3033721ms] ReferenceError: getFlashPeak is not defined
    at PostFX.useFrame [as current] (http://localhost:3000/_next/static/chunks/_1q8ofl-._.js?id=%255Bproject%255D/components/canvas/PostFX.jsx+%255Bapp-client%255D+(ecmascript):42:30)
    at update (http://localhost:3000/_next/static/chunks/node_modules_%40react-three_fiber_dist_events-156d8d12_esm_0wayoq8.js:15369:26)
    at loop (http://localhost:3000/_next/static/chunks/node_modules_%40react-three_fiber_dist_events-156d8d12_esm_0wayoq8.js:15395:23)
[ 3033737ms] ReferenceError: getFlashPeak is not defined
    at PostFX.useFrame [as current] (http://localhost:3000/_next/static/chunks/_1q8ofl-._.js?id=%255Bproject%255D/components/canvas/PostFX.jsx+%255Bapp-client%255D+(ecmascript):42:30)
    at update (http://localhost:3000/_next/static/chunks/node_modules_%40react-three_fiber_dist_events-156d8d12_esm_0wayoq8.js:15369:26)
    at loop (http://localhost:3000/_next/static/chunks/node_modules_%40react-three_fiber_dist_events-156d8d12_esm_0wayoq8.js:15395:23)
[ 3033754ms] ReferenceError: getFlashPeak is not defined
    at PostFX.useFrame [as current] (http://localhost:3000/_next/static/chunks/_1q8ofl-._.js?id=%255Bproject%255D/components/canvas/PostFX.jsx+%255Bapp-client%255D+(ecmascript):42:30)
    at update (http://localhost:3000/_next/static/chunks/node_modules_%40react-three_fiber_dist_events-156d8d12_esm_0wayoq8.js:15369:26)
    at loop (http://localhost:3000/_next/static/chunks/node_modules_%40react-three_fiber_dist_events-156d8d12_esm_0wayoq8.js:15395:23)
[ 3033770ms] ReferenceError: getFlashPeak is not defined
    at PostFX.useFrame [as current] (http://localhost:3000/_next/static/chunks/_1q8ofl-._.js?id=%255Bproject%255D/components/canvas/PostFX.jsx+%255Bapp-client%255D+(ecmascript):42:30)
    at update (http://localhost:3000/_next/static/chunks/node_modules_%40react-three_fiber_dist_events-156d8d12_esm_0wayoq8.js:15369:26)
    at loop (http://localhost:3000/_next/static/chunks/node_modules_%40react-three_fiber_dist_events-156d8d12_esm_0wayoq8.js:15395:23)
[ 3033787ms] ReferenceError: getFlashPeak is not defined
    at PostFX.useFrame [as current] (http://localhost:3000/_next/static/chunks/_1q8ofl-._.js?id=%255Bproject%255D/components/canvas/PostFX.jsx+%255Bapp-client%255D+(ecmascript):42:30)
    at update (http://localhost:3000/_next/static/chunks/node_modules_%40react-three_fiber_dist_events-156d8d12_esm_0wayoq8.js:15369:26)
    at loop (http://localhost:3000/_next/static/chunks/node_modules_%40react-three_fiber_dist_events-156d8d12_esm_0wayoq8.js:15395:23)
[ 3033804ms] ReferenceError: getFlashPeak is not defined
    at PostFX.useFrame [as current] (http://localhost:3000/_next/static/chunks/_1q8ofl-._.js?id=%255Bproject%255D/components/canvas/PostFX.jsx+%255Bapp-client%255D+(ecmascript):42:30)
    at update (http://localhost:3000/_next/static/chunks/node_modules_%40react-three_fiber_dist_events-156d8d12_esm_0wayoq8.js:15369:26)
    at loop (http://localhost:3000/_next/static/chunks/node_modules_%40react-three_fiber_dist_events-156d8d12_esm_0wayoq8.js:15395:23)
[ 3033820ms] ReferenceError: getFlashPeak is not defined
    at PostFX.useFrame [as current] (http://localhost:3000/_next/static/chunks/_1q8ofl-._.js?id=%255Bproject%255D/components/canvas/PostFX.jsx+%255Bapp-client%255D+(ecmascript):42:30)
    at update (http://localhost:3000/_next/static/chunks/node_modules_%40react-three_fiber_dist_events-156d8d12_esm_0wayoq8.js:15369:26)
    at loop (http://localhost:3000/_next/static/chunks/node_modules_%40react-three_fiber_dist_events-156d8d12_esm_0wayoq8.js:15395:23)
[ 3033837ms] ReferenceError: getFlashPeak is not defined
    at PostFX.useFrame [as current] (http://localhost:3000/_next/static/chunks/_1q8ofl-._.js?id=%255Bproject%255D/components/canvas/PostFX.jsx+%255Bapp-client%255D+(ecmascript):42:30)
    at update (http://localhost:3000/_next/static/chunks/node_modules_%40react-three_fiber_dist_events-156d8d12_esm_0wayoq8.js:15369:26)
    at loop (http://localhost:3000/_next/static/chunks/node_modules_%40react-three_fiber_dist_events-156d8d12_esm_0wayoq8.js:15395:23)
[ 3033854ms] ReferenceError: getFlashPeak is not defined
    at PostFX.useFrame [as current] (http://localhost:3000/_next/static/chunks/_1q8ofl-._.js?id=%255Bproject%255D/components/canvas/PostFX.jsx+%255Bapp-client%255D+(ecmascript):42:30)
    at update (http://localhost:3000/_next/static/chunks/node_modules_%40react-three_fiber_dist_events-156d8d12_esm_0wayoq8.js:15369:26)
    at loop (http://localhost:3000/_next/static/chunks/node_modules_%40react-three_fiber_dist_events-156d8d12_esm_0wayoq8.js:15395:23)
[ 3033870ms] ReferenceError: getFlashPeak is not defined
    at PostFX.useFrame [as current] (http://localhost:3000/_next/static/chunks/_1q8ofl-._.js?id=%255Bproject%255D/components/canvas/PostFX.jsx+%255Bapp-client%255D+(ecmascript):42:30)
    at update (http://localhost:3000/_next/static/chunks/node_modules_%40react-three_fiber_dist_events-156d8d12_esm_0wayoq8.js:15369:26)
    at loop (http://localhost:3000/_next/static/chunks/node_modules_%40react-three_fiber_dist_events-156d8d12_esm_0wayoq8.js:15395:23)
[ 3033887ms] ReferenceError: getFlashPeak is not defined
    at PostFX.useFrame [as current] (http://localhost:3000/_next/static/chunks/_1q8ofl-._.js?id=%255Bproject%255D/components/canvas/PostFX.jsx+%255Bapp-client%255D+(ecmascript):42:30)
    at update (http://localhost:3000/_next/static/chunks/node_modules_%40react-three_fiber_dist_events-156d8d12_esm_0wayoq8.js:15369:26)
    at loop (http://localhost:3000/_next/static/chunks/node_modules_%40react-three_fiber_dist_events-156d8d12_esm_0wayoq8.js:15395:23)
[ 3033904ms] ReferenceError: getFlashPeak is not defined
    at PostFX.useFrame [as current] (http://localhost:3000/_next/static/chunks/_1q8ofl-._.js?id=%255Bproject%255D/components/canvas/PostFX.jsx+%255Bapp-client%255D+(ecmascript):42:30)
    at update (http://localhost:3000/_next/static/chunks/node_modules_%40react-three_fiber_dist_events-156d8d12_esm_0wayoq8.js:15369:26)
    at loop (http://localhost:3000/_next/static/chunks/node_modules_%40react-three_fiber_dist_events-156d8d12_esm_0wayoq8.js:15395:23)
[ 3033920ms] ReferenceError: getFlashPeak is not defined
    at PostFX.useFrame [as current] (http://localhost:3000/_next/static/chunks/_1q8ofl-._.js?id=%255Bproject%255D/components/canvas/PostFX.jsx+%255Bapp-client%255D+(ecmascript):42:30)
    at update (http://localhost:3000/_next/static/chunks/node_modules_%40react-three_fiber_dist_events-156d8d12_esm_0wayoq8.js:15369:26)
    at loop (http://localhost:3000/_next/static/chunks/node_modules_%40react-three_fiber_dist_events-156d8d12_esm_0wayoq8.js:15395:23)
[ 3033937ms] ReferenceError: getFlashPeak is not defined
    at PostFX.useFrame [as current] (http://localhost:3000/_next/static/chunks/_1q8ofl-._.js?id=%255Bproject%255D/components/canvas/PostFX.jsx+%255Bapp-client%255D+(ecmascript):42:30)
    at update (http://localhost:3000/_next/static/chunks/node_modules_%40react-three_fiber_dist_events-156d8d12_esm_0wayoq8.js:15369:26)
    at loop (http://localhost:3000/_next/static/chunks/node_modules_%40react-three_fiber_dist_events-156d8d12_esm_0wayoq8.js:15395:23)
[ 3033954ms] ReferenceError: getFlashPeak is not defined
    at PostFX.useFrame [as current] (http://localhost:3000/_next/static/chunks/_1q8ofl-._.js?id=%255Bproject%255D/components/canvas/PostFX.jsx+%255Bapp-client%255D+(ecmascript):42:30)
    at update (http://localhost:3000/_next/static/chunks/node_modules_%40react-three_fiber_dist_events-156d8d12_esm_0wayoq8.js:15369:26)
    at loop (http://localhost:3000/_next/static/chunks/node_modules_%40react-three_fiber_dist_events-156d8d12_esm_0wayoq8.js:15395:23)
[ 3033970ms] ReferenceError: getFlashPeak is not defined
    at PostFX.useFrame [as current] (http://localhost:3000/_next/static/chunks/_1q8ofl-._.js?id=%255Bproject%255D/components/canvas/PostFX.jsx+%255Bapp-client%255D+(ecmascript):42:30)
    at update (http://localhost:3000/_next/static/chunks/node_modules_%40react-three_fiber_dist_events-156d8d12_esm_0wayoq8.js:15369:26)
    at loop (http://localhost:3000/_next/static/chunks/node_modules_%40react-three_fiber_dist_events-156d8d12_esm_0wayoq8.js:15395:23)
[ 3033987ms] ReferenceError: getFlashPeak is not defined
    at PostFX.useFrame [as current] (http://localhost:3000/_next/static/chunks/_1q8ofl-._.js?id=%255Bproject%255D/components/canvas/PostFX.jsx+%255Bapp-client%255D+(ecmascript):42:30)
    at update (http://localhost:3000/_next/static/chunks/node_modules_%40react-three_fiber_dist_events-156d8d12_esm_0wayoq8.js:15369:26)
    at loop (http://localhost:3000/_next/static/chunks/node_modules_%40react-three_fiber_dist_events-156d8d12_esm_0wayoq8.js:15395:23)
[ 3034004ms] ReferenceError: getFlashPeak is not defined
    at PostFX.useFrame [as current] (http://localhost:3000/_next/static/chunks/_1q8ofl-._.js?id=%255Bproject%255D/components/canvas/PostFX.jsx+%255Bapp-client%255D+(ecmascript):42:30)
    at update (http://localhost:3000/_next/static/chunks/node_modules_%40react-three_fiber_dist_events-156d8d12_esm_0wayoq8.js:15369:26)
    at loop (http://localhost:3000/_next/static/chunks/node_modules_%40react-three_fiber_dist_events-156d8d12_esm_0wayoq8.js:15395:23)
[ 3034021ms] ReferenceError: getFlashPeak is not defined
    at PostFX.useFrame [as current] (http://localhost:3000/_next/static/chunks/_1q8ofl-._.js?id=%255Bproject%255D/components/canvas/PostFX.jsx+%255Bapp-client%255D+(ecmascript):42:30)
    at update (http://localhost:3000/_next/static/chunks/node_modules_%40react-three_fiber_dist_events-156d8d12_esm_0wayoq8.js:15369:26)
    at loop (http://localhost:3000/_next/static/chunks/node_modules_%40react-three_fiber_dist_events-156d8d12_esm_0wayoq8.js:15395:23)
[ 3034037ms] ReferenceError: getFlashPeak is not defined
    at PostFX.useFrame [as current] (http://localhost:3000/_next/static/chunks/_1q8ofl-._.js?id=%255Bproject%255D/components/canvas/PostFX.jsx+%255Bapp-client%255D+(ecmascript):42:30)
    at update (http://localhost:3000/_next/static/chunks/node_modules_%40react-three_fiber_dist_events-156d8d12_esm_0wayoq8.js:15369:26)
    at loop (http://localhost:3000/_next/static/chunks/node_modules_%40react-three_fiber_dist_events-156d8d12_esm_0wayoq8.js:15395:23)
[ 3034054ms] ReferenceError: getFlashPeak is not defined
    at PostFX.useFrame [as current] (http://localhost:3000/_next/static/chunks/_1q8ofl-._.js?id=%255Bproject%255D/components/canvas/PostFX.jsx+%255Bapp-client%255D+(ecmascript):42:30)
    at update (http://localhost:3000/_next/static/chunks/node_modules_%40react-three_fiber_dist_events-156d8d12_esm_0wayoq8.js:15369:26)
    at loop (http://localhost:3000/_next/static/chunks/node_modules_%40react-three_fiber_dist_events-156d8d12_esm_0wayoq8.js:15395:23)
[ 3034070ms] ReferenceError: getFlashPeak is not defined
    at PostFX.useFrame [as current] (http://localhost:3000/_next/static/chunks/_1q8ofl-._.js?id=%255Bproject%255D/components/canvas/PostFX.jsx+%255Bapp-client%255D+(ecmascript):42:30)
    at update (http://localhost:3000/_next/static/chunks/node_modules_%40react-three_fiber_dist_events-156d8d12_esm_0wayoq8.js:15369:26)
    at loop (http://localhost:3000/_next/static/chunks/node_modules_%40react-three_fiber_dist_events-156d8d12_esm_0wayoq8.js:15395:23)
[ 3034088ms] ReferenceError: getFlashPeak is not defined
    at PostFX.useFrame [as current] (http://localhost:3000/_next/static/chunks/_1q8ofl-._.js?id=%255Bproject%255D/components/canvas/PostFX.jsx+%255Bapp-client%255D+(ecmascript):42:30)
    at update (http://localhost:3000/_next/static/chunks/node_modules_%40react-three_fiber_dist_events-156d8d12_esm_0wayoq8.js:15369:26)
    at loop (http://localhost:3000/_next/static/chunks/node_modules_%40react-three_fiber_dist_events-156d8d12_esm_0wayoq8.js:15395:23)
[ 3034104ms] ReferenceError: getFlashPeak is not defined
    at PostFX.useFrame [as current] (http://localhost:3000/_next/static/chunks/_1q8ofl-._.js?id=%255Bproject%255D/components/canvas/PostFX.jsx+%255Bapp-client%255D+(ecmascript):42:30)
    at update (http://localhost:3000/_next/static/chunks/node_modules_%40react-three_fiber_dist_events-156d8d12_esm_0wayoq8.js:15369:26)
    at loop (http://localhost:3000/_next/static/chunks/node_modules_%40react-three_fiber_dist_events-156d8d12_esm_0wayoq8.js:15395:23)
[ 3034121ms] ReferenceError: getFlashPeak is not defined
    at PostFX.useFrame [as current] (http://localhost:3000/_next/static/chunks/_1q8ofl-._.js?id=%255Bproject%255D/components/canvas/PostFX.jsx+%255Bapp-client%255D+(ecmascript):42:30)
    at update (http://localhost:3000/_next/static/chunks/node_modules_%40react-three_fiber_dist_events-156d8d12_esm_0wayoq8.js:15369:26)
    at loop (http://localhost:3000/_next/static/chunks/node_modules_%40react-three_fiber_dist_events-156d8d12_esm_0wayoq8.js:15395:23)
[ 3034137ms] ReferenceError: getFlashPeak is not defined
    at PostFX.useFrame [as current] (http://localhost:3000/_next/static/chunks/_1q8ofl-._.js?id=%255Bproject%255D/components/canvas/PostFX.jsx+%255Bapp-client%255D+(ecmascript):42:30)
    at update (http://localhost:3000/_next/static/chunks/node_modules_%40react-three_fiber_dist_events-156d8d12_esm_0wayoq8.js:15369:26)
    at loop (http://localhost:3000/_next/static/chunks/node_modules_%40react-three_fiber_dist_events-156d8d12_esm_0wayoq8.js:15395:23)
[ 3034154ms] ReferenceError: getFlashPeak is not defined
    at PostFX.useFrame [as current] (http://localhost:3000/_next/static/chunks/_1q8ofl-._.js?id=%255Bproject%255D/components/canvas/PostFX.jsx+%255Bapp-client%255D+(ecmascript):42:30)
    at update (http://localhost:3000/_next/static/chunks/node_modules_%40react-three_fiber_dist_events-156d8d12_esm_0wayoq8.js:15369:26)
    at loop (http://localhost:3000/_next/static/chunks/node_modules_%40react-three_fiber_dist_events-156d8d12_esm_0wayoq8.js:15395:23)
[ 3034170ms] ReferenceError: getFlashPeak is not defined
    at PostFX.useFrame [as current] (http://localhost:3000/_next/static/chunks/_1q8ofl-._.js?id=%255Bproject%255D/components/canvas/PostFX.jsx+%255Bapp-client%255D+(ecmascript):42:30)
    at update (http://localhost:3000/_next/static/chunks/node_modules_%40react-three_fiber_dist_events-156d8d12_esm_0wayoq8.js:15369:26)
    at loop (http://localhost:3000/_next/static/chunks/node_modules_%40react-three_fiber_dist_events-156d8d12_esm_0wayoq8.js:15395:23)
[ 3034187ms] ReferenceError: getFlashPeak is not defined
    at PostFX.useFrame [as current] (http://localhost:3000/_next/static/chunks/_1q8ofl-._.js?id=%255Bproject%255D/components/canvas/PostFX.jsx+%255Bapp-client%255D+(ecmascript):42:30)
    at update (http://localhost:3000/_next/static/chunks/node_modules_%40react-three_fiber_dist_events-156d8d12_esm_0wayoq8.js:15369:26)
    at loop (http://localhost:3000/_next/static/chunks/node_modules_%40react-three_fiber_dist_events-156d8d12_esm_0wayoq8.js:15395:23)
[ 3034204ms] ReferenceError: getFlashPeak is not defined
    at PostFX.useFrame [as current] (http://localhost:3000/_next/static/chunks/_1q8ofl-._.js?id=%255Bproject%255D/components/canvas/PostFX.jsx+%255Bapp-client%255D+(ecmascript):42:30)
    at update (http://localhost:3000/_next/static/chunks/node_modules_%40react-three_fiber_dist_events-156d8d12_esm_0wayoq8.js:15369:26)
    at loop (http://localhost:3000/_next/static/chunks/node_modules_%40react-three_fiber_dist_events-156d8d12_esm_0wayoq8.js:15395:23)
[ 3034220ms] ReferenceError: getFlashPeak is not defined
    at PostFX.useFrame [as current] (http://localhost:3000/_next/static/chunks/_1q8ofl-._.js?id=%255Bproject%255D/components/canvas/PostFX.jsx+%255Bapp-client%255D+(ecmascript):42:30)
    at update (http://localhost:3000/_next/static/chunks/node_modules_%40react-three_fiber_dist_events-156d8d12_esm_0wayoq8.js:15369:26)
    at loop (http://localhost:3000/_next/static/chunks/node_modules_%40react-three_fiber_dist_events-156d8d12_esm_0wayoq8.js:15395:23)
[ 3034237ms] ReferenceError: getFlashPeak is not defined
    at PostFX.useFrame [as current] (http://localhost:3000/_next/static/chunks/_1q8ofl-._.js?id=%255Bproject%255D/components/canvas/PostFX.jsx+%255Bapp-client%255D+(ecmascript):42:30)
    at update (http://localhost:3000/_next/static/chunks/node_modules_%40react-three_fiber_dist_events-156d8d12_esm_0wayoq8.js:15369:26)
    at loop (http://localhost:3000/_next/static/chunks/node_modules_%40react-three_fiber_dist_events-156d8d12_esm_0wayoq8.js:15395:23)
[ 3034254ms] ReferenceError: getFlashPeak is not defined
    at PostFX.useFrame [as current] (http://localhost:3000/_next/static/chunks/_1q8ofl-._.js?id=%255Bproject%255D/components/canvas/PostFX.jsx+%255Bapp-client%255D+(ecmascript):42:30)
    at update (http://localhost:3000/_next/static/chunks/node_modules_%40react-three_fiber_dist_events-156d8d12_esm_0wayoq8.js:15369:26)
    at loop (http://localhost:3000/_next/static/chunks/node_modules_%40react-three_fiber_dist_events-156d8d12_esm_0wayoq8.js:15395:23)
[ 3034270ms] ReferenceError: getFlashPeak is not defined
    at PostFX.useFrame [as current] (http://localhost:3000/_next/static/chunks/_1q8ofl-._.js?id=%255Bproject%255D/components/canvas/PostFX.jsx+%255Bapp-client%255D+(ecmascript):42:30)
    at update (http://localhost:3000/_next/static/chunks/node_modules_%40react-three_fiber_dist_events-156d8d12_esm_0wayoq8.js:15369:26)
    at loop (http://localhost:3000/_next/static/chunks/node_modules_%40react-three_fiber_dist_events-156d8d12_esm_0wayoq8.js:15395:23)
[ 3034287ms] ReferenceError: getFlashPeak is not defined
    at PostFX.useFrame [as current] (http://localhost:3000/_next/static/chunks/_1q8ofl-._.js?id=%255Bproject%255D/components/canvas/PostFX.jsx+%255Bapp-client%255D+(ecmascript):42:30)
    at update (http://localhost:3000/_next/static/chunks/node_modules_%40react-three_fiber_dist_events-156d8d12_esm_0wayoq8.js:15369:26)
    at loop (http://localhost:3000/_next/static/chunks/node_modules_%40react-three_fiber_dist_events-156d8d12_esm_0wayoq8.js:15395:23)
[ 3034304ms] ReferenceError: getFlashPeak is not defined
    at PostFX.useFrame [as current] (http://localhost:3000/_next/static/chunks/_1q8ofl-._.js?id=%255Bproject%255D/components/canvas/PostFX.jsx+%255Bapp-client%255D+(ecmascript):42:30)
    at update (http://localhost:3000/_next/static/chunks/node_modules_%40react-three_fiber_dist_events-156d8d12_esm_0wayoq8.js:15369:26)
    at loop (http://localhost:3000/_next/static/chunks/node_modules_%40react-three_fiber_dist_events-156d8d12_esm_0wayoq8.js:15395:23)
[ 3034320ms] ReferenceError: getFlashPeak is not defined
    at PostFX.useFrame [as current] (http://localhost:3000/_next/static/chunks/_1q8ofl-._.js?id=%255Bproject%255D/components/canvas/PostFX.jsx+%255Bapp-client%255D+(ecmascript):42:30)
    at update (http://localhost:3000/_next/static/chunks/node_modules_%40react-three_fiber_dist_events-156d8d12_esm_0wayoq8.js:15369:26)
    at loop (http://localhost:3000/_next/static/chunks/node_modules_%40react-three_fiber_dist_events-156d8d12_esm_0wayoq8.js:15395:23)
[ 3034337ms] ReferenceError: getFlashPeak is not defined
    at PostFX.useFrame [as current] (http://localhost:3000/_next/static/chunks/_1q8ofl-._.js?id=%255Bproject%255D/components/canvas/PostFX.jsx+%255Bapp-client%255D+(ecmascript):42:30)
    at update (http://localhost:3000/_next/static/chunks/node_modules_%40react-three_fiber_dist_events-156d8d12_esm_0wayoq8.js:15369:26)
    at loop (http://localhost:3000/_next/static/chunks/node_modules_%40react-three_fiber_dist_events-156d8d12_esm_0wayoq8.js:15395:23)
[ 3034354ms] ReferenceError: getFlashPeak is not defined
    at PostFX.useFrame [as current] (http://localhost:3000/_next/static/chunks/_1q8ofl-._.js?id=%255Bproject%255D/components/canvas/PostFX.jsx+%255Bapp-client%255D+(ecmascript):42:30)
    at update (http://localhost:3000/_next/static/chunks/node_modules_%40react-three_fiber_dist_events-156d8d12_esm_0wayoq8.js:15369:26)
    at loop (http://localhost:3000/_next/static/chunks/node_modules_%40react-three_fiber_dist_events-156d8d12_esm_0wayoq8.js:15395:23)
[ 3034371ms] ReferenceError: getFlashPeak is not defined
    at PostFX.useFrame [as current] (http://localhost:3000/_next/static/chunks/_1q8ofl-._.js?id=%255Bproject%255D/components/canvas/PostFX.jsx+%255Bapp-client%255D+(ecmascript):42:30)
    at update (http://localhost:3000/_next/static/chunks/node_modules_%40react-three_fiber_dist_events-156d8d12_esm_0wayoq8.js:15369:26)
    at loop (http://localhost:3000/_next/static/chunks/node_modules_%40react-three_fiber_dist_events-156d8d12_esm_0wayoq8.js:15395:23)
[ 3034387ms] ReferenceError: getFlashPeak is not defined
    at PostFX.useFrame [as current] (http://localhost:3000/_next/static/chunks/_1q8ofl-._.js?id=%255Bproject%255D/components/canvas/PostFX.jsx+%255Bapp-client%255D+(ecmascript):42:30)
    at update (http://localhost:3000/_next/static/chunks/node_modules_%40react-three_fiber_dist_events-156d8d12_esm_0wayoq8.js:15369:26)
    at loop (http://localhost:3000/_next/static/chunks/node_modules_%40react-three_fiber_dist_events-156d8d12_esm_0wayoq8.js:15395:23)
[ 3034404ms] ReferenceError: getFlashPeak is not defined
    at PostFX.useFrame [as current] (http://localhost:3000/_next/static/chunks/_1q8ofl-._.js?id=%255Bproject%255D/components/canvas/PostFX.jsx+%255Bapp-client%255D+(ecmascript):42:30)
    at update (http://localhost:3000/_next/static/chunks/node_modules_%40react-three_fiber_dist_events-156d8d12_esm_0wayoq8.js:15369:26)
    at loop (http://localhost:3000/_next/static/chunks/node_modules_%40react-three_fiber_dist_events-156d8d12_esm_0wayoq8.js:15395:23)
[ 3034420ms] ReferenceError: getFlashPeak is not defined
    at PostFX.useFrame [as current] (http://localhost:3000/_next/static/chunks/_1q8ofl-._.js?id=%255Bproject%255D/components/canvas/PostFX.jsx+%255Bapp-client%255D+(ecmascript):42:30)
    at update (http://localhost:3000/_next/static/chunks/node_modules_%40react-three_fiber_dist_events-156d8d12_esm_0wayoq8.js:15369:26)
    at loop (http://localhost:3000/_next/static/chunks/node_modules_%40react-three_fiber_dist_events-156d8d12_esm_0wayoq8.js:15395:23)
[ 3034437ms] ReferenceError: getFlashPeak is not defined
    at PostFX.useFrame [as current] (http://localhost:3000/_next/static/chunks/_1q8ofl-._.js?id=%255Bproject%255D/components/canvas/PostFX.jsx+%255Bapp-client%255D+(ecmascript):42:30)
    at update (http://localhost:3000/_next/static/chunks/node_modules_%40react-three_fiber_dist_events-156d8d12_esm_0wayoq8.js:15369:26)
    at loop (http://localhost:3000/_next/static/chunks/node_modules_%40react-three_fiber_dist_events-156d8d12_esm_0wayoq8.js:15395:23)
[ 3034454ms] ReferenceError: getFlashPeak is not defined
    at PostFX.useFrame [as current] (http://localhost:3000/_next/static/chunks/_1q8ofl-._.js?id=%255Bproject%255D/components/canvas/PostFX.jsx+%255Bapp-client%255D+(ecmascript):42:30)
    at update (http://localhost:3000/_next/static/chunks/node_modules_%40react-three_fiber_dist_events-156d8d12_esm_0wayoq8.js:15369:26)
    at loop (http://localhost:3000/_next/static/chunks/node_modules_%40react-three_fiber_dist_events-156d8d12_esm_0wayoq8.js:15395:23)
[ 3034470ms] ReferenceError: getFlashPeak is not defined
    at PostFX.useFrame [as current] (http://localhost:3000/_next/static/chunks/_1q8ofl-._.js?id=%255Bproject%255D/components/canvas/PostFX.jsx+%255Bapp-client%255D+(ecmascript):42:30)
    at update (http://localhost:3000/_next/static/chunks/node_modules_%40react-three_fiber_dist_events-156d8d12_esm_0wayoq8.js:15369:26)
    at loop (http://localhost:3000/_next/static/chunks/node_modules_%40react-three_fiber_dist_events-156d8d12_esm_0wayoq8.js:15395:23)
[ 3034487ms] ReferenceError: getFlashPeak is not defined
    at PostFX.useFrame [as current] (http://localhost:3000/_next/static/chunks/_1q8ofl-._.js?id=%255Bproject%255D/components/canvas/PostFX.jsx+%255Bapp-client%255D+(ecmascript):42:30)
    at update (http://localhost:3000/_next/static/chunks/node_modules_%40react-three_fiber_dist_events-156d8d12_esm_0wayoq8.js:15369:26)
    at loop (http://localhost:3000/_next/static/chunks/node_modules_%40react-three_fiber_dist_events-156d8d12_esm_0wayoq8.js:15395:23)
[ 3034504ms] ReferenceError: getFlashPeak is not defined
    at PostFX.useFrame [as current] (http://localhost:3000/_next/static/chunks/_1q8ofl-._.js?id=%255Bproject%255D/components/canvas/PostFX.jsx+%255Bapp-client%255D+(ecmascript):42:30)
    at update (http://localhost:3000/_next/static/chunks/node_modules_%40react-three_fiber_dist_events-156d8d12_esm_0wayoq8.js:15369:26)
    at loop (http://localhost:3000/_next/static/chunks/node_modules_%40react-three_fiber_dist_events-156d8d12_esm_0wayoq8.js:15395:23)
[ 3034521ms] ReferenceError: getFlashPeak is not defined
    at PostFX.useFrame [as current] (http://localhost:3000/_next/static/chunks/_1q8ofl-._.js?id=%255Bproject%255D/components/canvas/PostFX.jsx+%255Bapp-client%255D+(ecmascript):42:30)
    at update (http://localhost:3000/_next/static/chunks/node_modules_%40react-three_fiber_dist_events-156d8d12_esm_0wayoq8.js:15369:26)
    at loop (http://localhost:3000/_next/static/chunks/node_modules_%40react-three_fiber_dist_events-156d8d12_esm_0wayoq8.js:15395:23)
[ 3034537ms] ReferenceError: getFlashPeak is not defined
    at PostFX.useFrame [as current] (http://localhost:3000/_next/static/chunks/_1q8ofl-._.js?id=%255Bproject%255D/components/canvas/PostFX.jsx+%255Bapp-client%255D+(ecmascript):42:30)
    at update (http://localhost:3000/_next/static/chunks/node_modules_%40react-three_fiber_dist_events-156d8d12_esm_0wayoq8.js:15369:26)
    at loop (http://localhost:3000/_next/static/chunks/node_modules_%40react-three_fiber_dist_events-156d8d12_esm_0wayoq8.js:15395:23)
[ 3034554ms] ReferenceError: getFlashPeak is not defined
    at PostFX.useFrame [as current] (http://localhost:3000/_next/static/chunks/_1q8ofl-._.js?id=%255Bproject%255D/components/canvas/PostFX.jsx+%255Bapp-client%255D+(ecmascript):42:30)
    at update (http://localhost:3000/_next/static/chunks/node_modules_%40react-three_fiber_dist_events-156d8d12_esm_0wayoq8.js:15369:26)
    at loop (http://localhost:3000/_next/static/chunks/node_modules_%40react-three_fiber_dist_events-156d8d12_esm_0wayoq8.js:15395:23)
[ 3034570ms] ReferenceError: getFlashPeak is not defined
    at PostFX.useFrame [as current] (http://localhost:3000/_next/static/chunks/_1q8ofl-._.js?id=%255Bproject%255D/components/canvas/PostFX.jsx+%255Bapp-client%255D+(ecmascript):42:30)
    at update (http://localhost:3000/_next/static/chunks/node_modules_%40react-three_fiber_dist_events-156d8d12_esm_0wayoq8.js:15369:26)
    at loop (http://localhost:3000/_next/static/chunks/node_modules_%40react-three_fiber_dist_events-156d8d12_esm_0wayoq8.js:15395:23)
[ 3034587ms] ReferenceError: getFlashPeak is not defined
    at PostFX.useFrame [as current] (http://localhost:3000/_next/static/chunks/_1q8ofl-._.js?id=%255Bproject%255D/components/canvas/PostFX.jsx+%255Bapp-client%255D+(ecmascript):42:30)
    at update (http://localhost:3000/_next/static/chunks/node_modules_%40react-three_fiber_dist_events-156d8d12_esm_0wayoq8.js:15369:26)
    at loop (http://localhost:3000/_next/static/chunks/node_modules_%40react-three_fiber_dist_events-156d8d12_esm_0wayoq8.js:15395:23)
[ 3034604ms] ReferenceError: getFlashPeak is not defined
    at PostFX.useFrame [as current] (http://localhost:3000/_next/static/chunks/_1q8ofl-._.js?id=%255Bproject%255D/components/canvas/PostFX.jsx+%255Bapp-client%255D+(ecmascript):42:30)
    at update (http://localhost:3000/_next/static/chunks/node_modules_%40react-three_fiber_dist_events-156d8d12_esm_0wayoq8.js:15369:26)
    at loop (http://localhost:3000/_next/static/chunks/node_modules_%40react-three_fiber_dist_events-156d8d12_esm_0wayoq8.js:15395:23)
[ 3034620ms] ReferenceError: getFlashPeak is not defined
    at PostFX.useFrame [as current] (http://localhost:3000/_next/static/chunks/_1q8ofl-._.js?id=%255Bproject%255D/components/canvas/PostFX.jsx+%255Bapp-client%255D+(ecmascript):42:30)
    at update (http://localhost:3000/_next/static/chunks/node_modules_%40react-three_fiber_dist_events-156d8d12_esm_0wayoq8.js:15369:26)
    at loop (http://localhost:3000/_next/static/chunks/node_modules_%40react-three_fiber_dist_events-156d8d12_esm_0wayoq8.js:15395:23)
[ 3034637ms] ReferenceError: getFlashPeak is not defined
    at PostFX.useFrame [as current] (http://localhost:3000/_next/static/chunks/_1q8ofl-._.js?id=%255Bproject%255D/components/canvas/PostFX.jsx+%255Bapp-client%255D+(ecmascript):42:30)
    at update (http://localhost:3000/_next/static/chunks/node_modules_%40react-three_fiber_dist_events-156d8d12_esm_0wayoq8.js:15369:26)
    at loop (http://localhost:3000/_next/static/chunks/node_modules_%40react-three_fiber_dist_events-156d8d12_esm_0wayoq8.js:15395:23)
[ 3034654ms] ReferenceError: getFlashPeak is not defined
    at PostFX.useFrame [as current] (http://localhost:3000/_next/static/chunks/_1q8ofl-._.js?id=%255Bproject%255D/components/canvas/PostFX.jsx+%255Bapp-client%255D+(ecmascript):42:30)
    at update (http://localhost:3000/_next/static/chunks/node_modules_%40react-three_fiber_dist_events-156d8d12_esm_0wayoq8.js:15369:26)
    at loop (http://localhost:3000/_next/static/chunks/node_modules_%40react-three_fiber_dist_events-156d8d12_esm_0wayoq8.js:15395:23)
[ 3034671ms] ReferenceError: getFlashPeak is not defined
    at PostFX.useFrame [as current] (http://localhost:3000/_next/static/chunks/_1q8ofl-._.js?id=%255Bproject%255D/components/canvas/PostFX.jsx+%255Bapp-client%255D+(ecmascript):42:30)
    at update (http://localhost:3000/_next/static/chunks/node_modules_%40react-three_fiber_dist_events-156d8d12_esm_0wayoq8.js:15369:26)
    at loop (http://localhost:3000/_next/static/chunks/node_modules_%40react-three_fiber_dist_events-156d8d12_esm_0wayoq8.js:15395:23)
[ 3034687ms] ReferenceError: getFlashPeak is not defined
    at PostFX.useFrame [as current] (http://localhost:3000/_next/static/chunks/_1q8ofl-._.js?id=%255Bproject%255D/components/canvas/PostFX.jsx+%255Bapp-client%255D+(ecmascript):42:30)
    at update (http://localhost:3000/_next/static/chunks/node_modules_%40react-three_fiber_dist_events-156d8d12_esm_0wayoq8.js:15369:26)
    at loop (http://localhost:3000/_next/static/chunks/node_modules_%40react-three_fiber_dist_events-156d8d12_esm_0wayoq8.js:15395:23)
[ 3034704ms] ReferenceError: getFlashPeak is not defined
    at PostFX.useFrame [as current] (http://localhost:3000/_next/static/chunks/_1q8ofl-._.js?id=%255Bproject%255D/components/canvas/PostFX.jsx+%255Bapp-client%255D+(ecmascript):42:30)
    at update (http://localhost:3000/_next/static/chunks/node_modules_%40react-three_fiber_dist_events-156d8d12_esm_0wayoq8.js:15369:26)
    at loop (http://localhost:3000/_next/static/chunks/node_modules_%40react-three_fiber_dist_events-156d8d12_esm_0wayoq8.js:15395:23)
[ 3034721ms] ReferenceError: getFlashPeak is not defined
    at PostFX.useFrame [as current] (http://localhost:3000/_next/static/chunks/_1q8ofl-._.js?id=%255Bproject%255D/components/canvas/PostFX.jsx+%255Bapp-client%255D+(ecmascript):42:30)
    at update (http://localhost:3000/_next/static/chunks/node_modules_%40react-three_fiber_dist_events-156d8d12_esm_0wayoq8.js:15369:26)
    at loop (http://localhost:3000/_next/static/chunks/node_modules_%40react-three_fiber_dist_events-156d8d12_esm_0wayoq8.js:15395:23)
[ 3034737ms] ReferenceError: getFlashPeak is not defined
    at PostFX.useFrame [as current] (http://localhost:3000/_next/static/chunks/_1q8ofl-._.js?id=%255Bproject%255D/components/canvas/PostFX.jsx+%255Bapp-client%255D+(ecmascript):42:30)
    at update (http://localhost:3000/_next/static/chunks/node_modules_%40react-three_fiber_dist_events-156d8d12_esm_0wayoq8.js:15369:26)
    at loop (http://localhost:3000/_next/static/chunks/node_modules_%40react-three_fiber_dist_events-156d8d12_esm_0wayoq8.js:15395:23)
[ 3034754ms] ReferenceError: getFlashPeak is not defined
    at PostFX.useFrame [as current] (http://localhost:3000/_next/static/chunks/_1q8ofl-._.js?id=%255Bproject%255D/components/canvas/PostFX.jsx+%255Bapp-client%255D+(ecmascript):42:30)
    at update (http://localhost:3000/_next/static/chunks/node_modules_%40react-three_fiber_dist_events-156d8d12_esm_0wayoq8.js:15369:26)
    at loop (http://localhost:3000/_next/static/chunks/node_modules_%40react-three_fiber_dist_events-156d8d12_esm_0wayoq8.js:15395:23)
[ 3034771ms] ReferenceError: getFlashPeak is not defined
    at PostFX.useFrame [as current] (http://localhost:3000/_next/static/chunks/_1q8ofl-._.js?id=%255Bproject%255D/components/canvas/PostFX.jsx+%255Bapp-client%255D+(ecmascript):42:30)
    at update (http://localhost:3000/_next/static/chunks/node_modules_%40react-three_fiber_dist_events-156d8d12_esm_0wayoq8.js:15369:26)
    at loop (http://localhost:3000/_next/static/chunks/node_modules_%40react-three_fiber_dist_events-156d8d12_esm_0wayoq8.js:15395:23)
[ 3034787ms] ReferenceError: getFlashPeak is not defined
    at PostFX.useFrame [as current] (http://localhost:3000/_next/static/chunks/_1q8ofl-._.js?id=%255Bproject%255D/components/canvas/PostFX.jsx+%255Bapp-client%255D+(ecmascript):42:30)
    at update (http://localhost:3000/_next/static/chunks/node_modules_%40react-three_fiber_dist_events-156d8d12_esm_0wayoq8.js:15369:26)
    at loop (http://localhost:3000/_next/static/chunks/node_modules_%40react-three_fiber_dist_events-156d8d12_esm_0wayoq8.js:15395:23)
[ 3034804ms] ReferenceError: getFlashPeak is not defined
    at PostFX.useFrame [as current] (http://localhost:3000/_next/static/chunks/_1q8ofl-._.js?id=%255Bproject%255D/components/canvas/PostFX.jsx+%255Bapp-client%255D+(ecmascript):42:30)
    at update (http://localhost:3000/_next/static/chunks/node_modules_%40react-three_fiber_dist_events-156d8d12_esm_0wayoq8.js:15369:26)
    at loop (http://localhost:3000/_next/static/chunks/node_modules_%40react-three_fiber_dist_events-156d8d12_esm_0wayoq8.js:15395:23)
[ 3034820ms] ReferenceError: getFlashPeak is not defined
    at PostFX.useFrame [as current] (http://localhost:3000/_next/static/chunks/_1q8ofl-._.js?id=%255Bproject%255D/components/canvas/PostFX.jsx+%255Bapp-client%255D+(ecmascript):42:30)
    at update (http://localhost:3000/_next/static/chunks/node_modules_%40react-three_fiber_dist_events-156d8d12_esm_0wayoq8.js:15369:26)
    at loop (http://localhost:3000/_next/static/chunks/node_modules_%40react-three_fiber_dist_events-156d8d12_esm_0wayoq8.js:15395:23)
[ 3034837ms] ReferenceError: getFlashPeak is not defined
    at PostFX.useFrame [as current] (http://localhost:3000/_next/static/chunks/_1q8ofl-._.js?id=%255Bproject%255D/components/canvas/PostFX.jsx+%255Bapp-client%255D+(ecmascript):42:30)
    at update (http://localhost:3000/_next/static/chunks/node_modules_%40react-three_fiber_dist_events-156d8d12_esm_0wayoq8.js:15369:26)
    at loop (http://localhost:3000/_next/static/chunks/node_modules_%40react-three_fiber_dist_events-156d8d12_esm_0wayoq8.js:15395:23)
[ 3034854ms] ReferenceError: getFlashPeak is not defined
    at PostFX.useFrame [as current] (http://localhost:3000/_next/static/chunks/_1q8ofl-._.js?id=%255Bproject%255D/components/canvas/PostFX.jsx+%255Bapp-client%255D+(ecmascript):42:30)
    at update (http://localhost:3000/_next/static/chunks/node_modules_%40react-three_fiber_dist_events-156d8d12_esm_0wayoq8.js:15369:26)
    at loop (http://localhost:3000/_next/static/chunks/node_modules_%40react-three_fiber_dist_events-156d8d12_esm_0wayoq8.js:15395:23)
[ 3034871ms] ReferenceError: getFlashPeak is not defined
    at PostFX.useFrame [as current] (http://localhost:3000/_next/static/chunks/_1q8ofl-._.js?id=%255Bproject%255D/components/canvas/PostFX.jsx+%255Bapp-client%255D+(ecmascript):42:30)
    at update (http://localhost:3000/_next/static/chunks/node_modules_%40react-three_fiber_dist_events-156d8d12_esm_0wayoq8.js:15369:26)
    at loop (http://localhost:3000/_next/static/chunks/node_modules_%40react-three_fiber_dist_events-156d8d12_esm_0wayoq8.js:15395:23)
[ 3034887ms] ReferenceError: getFlashPeak is not defined
    at PostFX.useFrame [as current] (http://localhost:3000/_next/static/chunks/_1q8ofl-._.js?id=%255Bproject%255D/components/canvas/PostFX.jsx+%255Bapp-client%255D+(ecmascript):42:30)
    at update (http://localhost:3000/_next/static/chunks/node_modules_%40react-three_fiber_dist_events-156d8d12_esm_0wayoq8.js:15369:26)
    at loop (http://localhost:3000/_next/static/chunks/node_modules_%40react-three_fiber_dist_events-156d8d12_esm_0wayoq8.js:15395:23)
[ 3034904ms] ReferenceError: getFlashPeak is not defined
    at PostFX.useFrame [as current] (http://localhost:3000/_next/static/chunks/_1q8ofl-._.js?id=%255Bproject%255D/components/canvas/PostFX.jsx+%255Bapp-client%255D+(ecmascript):42:30)
    at update (http://localhost:3000/_next/static/chunks/node_modules_%40react-three_fiber_dist_events-156d8d12_esm_0wayoq8.js:15369:26)
    at loop (http://localhost:3000/_next/static/chunks/node_modules_%40react-three_fiber_dist_events-156d8d12_esm_0wayoq8.js:15395:23)
[ 3034921ms] ReferenceError: getFlashPeak is not defined
    at PostFX.useFrame [as current] (http://localhost:3000/_next/static/chunks/_1q8ofl-._.js?id=%255Bproject%255D/components/canvas/PostFX.jsx+%255Bapp-client%255D+(ecmascript):42:30)
    at update (http://localhost:3000/_next/static/chunks/node_modules_%40react-three_fiber_dist_events-156d8d12_esm_0wayoq8.js:15369:26)
    at loop (http://localhost:3000/_next/static/chunks/node_modules_%40react-three_fiber_dist_events-156d8d12_esm_0wayoq8.js:15395:23)
[ 3034937ms] ReferenceError: getFlashPeak is not defined
    at PostFX.useFrame [as current] (http://localhost:3000/_next/static/chunks/_1q8ofl-._.js?id=%255Bproject%255D/components/canvas/PostFX.jsx+%255Bapp-client%255D+(ecmascript):42:30)
    at update (http://localhost:3000/_next/static/chunks/node_modules_%40react-three_fiber_dist_events-156d8d12_esm_0wayoq8.js:15369:26)
    at loop (http://localhost:3000/_next/static/chunks/node_modules_%40react-three_fiber_dist_events-156d8d12_esm_0wayoq8.js:15395:23)
[ 3034954ms] ReferenceError: getFlashPeak is not defined
    at PostFX.useFrame [as current] (http://localhost:3000/_next/static/chunks/_1q8ofl-._.js?id=%255Bproject%255D/components/canvas/PostFX.jsx+%255Bapp-client%255D+(ecmascript):42:30)
    at update (http://localhost:3000/_next/static/chunks/node_modules_%40react-three_fiber_dist_events-156d8d12_esm_0wayoq8.js:15369:26)
    at loop (http://localhost:3000/_next/static/chunks/node_modules_%40react-three_fiber_dist_events-156d8d12_esm_0wayoq8.js:15395:23)
[ 3034970ms] ReferenceError: getFlashPeak is not defined
    at PostFX.useFrame [as current] (http://localhost:3000/_next/static/chunks/_1q8ofl-._.js?id=%255Bproject%255D/components/canvas/PostFX.jsx+%255Bapp-client%255D+(ecmascript):42:30)
    at update (http://localhost:3000/_next/static/chunks/node_modules_%40react-three_fiber_dist_events-156d8d12_esm_0wayoq8.js:15369:26)
    at loop (http://localhost:3000/_next/static/chunks/node_modules_%40react-three_fiber_dist_events-156d8d12_esm_0wayoq8.js:15395:23)
[ 3034987ms] ReferenceError: getFlashPeak is not defined
    at PostFX.useFrame [as current] (http://localhost:3000/_next/static/chunks/_1q8ofl-._.js?id=%255Bproject%255D/components/canvas/PostFX.jsx+%255Bapp-client%255D+(ecmascript):42:30)
    at update (http://localhost:3000/_next/static/chunks/node_modules_%40react-three_fiber_dist_events-156d8d12_esm_0wayoq8.js:15369:26)
    at loop (http://localhost:3000/_next/static/chunks/node_modules_%40react-three_fiber_dist_events-156d8d12_esm_0wayoq8.js:15395:23)
[ 3035004ms] ReferenceError: getFlashPeak is not defined
    at PostFX.useFrame [as current] (http://localhost:3000/_next/static/chunks/_1q8ofl-._.js?id=%255Bproject%255D/components/canvas/PostFX.jsx+%255Bapp-client%255D+(ecmascript):42:30)
    at update (http://localhost:3000/_next/static/chunks/node_modules_%40react-three_fiber_dist_events-156d8d12_esm_0wayoq8.js:15369:26)
    at loop (http://localhost:3000/_next/static/chunks/node_modules_%40react-three_fiber_dist_events-156d8d12_esm_0wayoq8.js:15395:23)
[ 3035020ms] ReferenceError: getFlashPeak is not defined
    at PostFX.useFrame [as current] (http://localhost:3000/_next/static/chunks/_1q8ofl-._.js?id=%255Bproject%255D/components/canvas/PostFX.jsx+%255Bapp-client%255D+(ecmascript):42:30)
    at update (http://localhost:3000/_next/static/chunks/node_modules_%40react-three_fiber_dist_events-156d8d12_esm_0wayoq8.js:15369:26)
    at loop (http://localhost:3000/_next/static/chunks/node_modules_%40react-three_fiber_dist_events-156d8d12_esm_0wayoq8.js:15395:23)
[ 3035037ms] ReferenceError: getFlashPeak is not defined
    at PostFX.useFrame [as current] (http://localhost:3000/_next/static/chunks/_1q8ofl-._.js?id=%255Bproject%255D/components/canvas/PostFX.jsx+%255Bapp-client%255D+(ecmascript):42:30)
    at update (http://localhost:3000/_next/static/chunks/node_modules_%40react-three_fiber_dist_events-156d8d12_esm_0wayoq8.js:15369:26)
    at loop (http://localhost:3000/_next/static/chunks/node_modules_%40react-three_fiber_dist_events-156d8d12_esm_0wayoq8.js:15395:23)
[ 3035054ms] ReferenceError: getFlashPeak is not defined
    at PostFX.useFrame [as current] (http://localhost:3000/_next/static/chunks/_1q8ofl-._.js?id=%255Bproject%255D/components/canvas/PostFX.jsx+%255Bapp-client%255D+(ecmascript):42:30)
    at update (http://localhost:3000/_next/static/chunks/node_modules_%40react-three_fiber_dist_events-156d8d12_esm_0wayoq8.js:15369:26)
    at loop (http://localhost:3000/_next/static/chunks/node_modules_%40react-three_fiber_dist_events-156d8d12_esm_0wayoq8.js:15395:23)
[ 3035070ms] ReferenceError: getFlashPeak is not defined
    at PostFX.useFrame [as current] (http://localhost:3000/_next/static/chunks/_1q8ofl-._.js?id=%255Bproject%255D/components/canvas/PostFX.jsx+%255Bapp-client%255D+(ecmascript):42:30)
    at update (http://localhost:3000/_next/static/chunks/node_modules_%40react-three_fiber_dist_events-156d8d12_esm_0wayoq8.js:15369:26)
    at loop (http://localhost:3000/_next/static/chunks/node_modules_%40react-three_fiber_dist_events-156d8d12_esm_0wayoq8.js:15395:23)
[ 3035087ms] ReferenceError: getFlashPeak is not defined
    at PostFX.useFrame [as current] (http://localhost:3000/_next/static/chunks/_1q8ofl-._.js?id=%255Bproject%255D/components/canvas/PostFX.jsx+%255Bapp-client%255D+(ecmascript):42:30)
    at update (http://localhost:3000/_next/static/chunks/node_modules_%40react-three_fiber_dist_events-156d8d12_esm_0wayoq8.js:15369:26)
    at loop (http://localhost:3000/_next/static/chunks/node_modules_%40react-three_fiber_dist_events-156d8d12_esm_0wayoq8.js:15395:23)
[ 3035104ms] ReferenceError: getFlashPeak is not defined
    at PostFX.useFrame [as current] (http://localhost:3000/_next/static/chunks/_1q8ofl-._.js?id=%255Bproject%255D/components/canvas/PostFX.jsx+%255Bapp-client%255D+(ecmascript):42:30)
    at update (http://localhost:3000/_next/static/chunks/node_modules_%40react-three_fiber_dist_events-156d8d12_esm_0wayoq8.js:15369:26)
    at loop (http://localhost:3000/_next/static/chunks/node_modules_%40react-three_fiber_dist_events-156d8d12_esm_0wayoq8.js:15395:23)
[ 3035121ms] ReferenceError: getFlashPeak is not defined
    at PostFX.useFrame [as current] (http://localhost:3000/_next/static/chunks/_1q8ofl-._.js?id=%255Bproject%255D/components/canvas/PostFX.jsx+%255Bapp-client%255D+(ecmascript):42:30)
    at update (http://localhost:3000/_next/static/chunks/node_modules_%40react-three_fiber_dist_events-156d8d12_esm_0wayoq8.js:15369:26)
    at loop (http://localhost:3000/_next/static/chunks/node_modules_%40react-three_fiber_dist_events-156d8d12_esm_0wayoq8.js:15395:23)
[ 3035137ms] ReferenceError: getFlashPeak is not defined
    at PostFX.useFrame [as current] (http://localhost:3000/_next/static/chunks/_1q8ofl-._.js?id=%255Bproject%255D/components/canvas/PostFX.jsx+%255Bapp-client%255D+(ecmascript):42:30)
    at update (http://localhost:3000/_next/static/chunks/node_modules_%40react-three_fiber_dist_events-156d8d12_esm_0wayoq8.js:15369:26)
    at loop (http://localhost:3000/_next/static/chunks/node_modules_%40react-three_fiber_dist_events-156d8d12_esm_0wayoq8.js:15395:23)
[ 3035154ms] ReferenceError: getFlashPeak is not defined
    at PostFX.useFrame [as current] (http://localhost:3000/_next/static/chunks/_1q8ofl-._.js?id=%255Bproject%255D/components/canvas/PostFX.jsx+%255Bapp-client%255D+(ecmascript):42:30)
    at update (http://localhost:3000/_next/static/chunks/node_modules_%40react-three_fiber_dist_events-156d8d12_esm_0wayoq8.js:15369:26)
    at loop (http://localhost:3000/_next/static/chunks/node_modules_%40react-three_fiber_dist_events-156d8d12_esm_0wayoq8.js:15395:23)
[ 3035170ms] ReferenceError: getFlashPeak is not defined
    at PostFX.useFrame [as current] (http://localhost:3000/_next/static/chunks/_1q8ofl-._.js?id=%255Bproject%255D/components/canvas/PostFX.jsx+%255Bapp-client%255D+(ecmascript):42:30)
    at update (http://localhost:3000/_next/static/chunks/node_modules_%40react-three_fiber_dist_events-156d8d12_esm_0wayoq8.js:15369:26)
    at loop (http://localhost:3000/_next/static/chunks/node_modules_%40react-three_fiber_dist_events-156d8d12_esm_0wayoq8.js:15395:23)
[ 3035187ms] ReferenceError: getFlashPeak is not defined
    at PostFX.useFrame [as current] (http://localhost:3000/_next/static/chunks/_1q8ofl-._.js?id=%255Bproject%255D/components/canvas/PostFX.jsx+%255Bapp-client%255D+(ecmascript):42:30)
    at update (http://localhost:3000/_next/static/chunks/node_modules_%40react-three_fiber_dist_events-156d8d12_esm_0wayoq8.js:15369:26)
    at loop (http://localhost:3000/_next/static/chunks/node_modules_%40react-three_fiber_dist_events-156d8d12_esm_0wayoq8.js:15395:23)
[ 3035204ms] ReferenceError: getFlashPeak is not defined
    at PostFX.useFrame [as current] (http://localhost:3000/_next/static/chunks/_1q8ofl-._.js?id=%255Bproject%255D/components/canvas/PostFX.jsx+%255Bapp-client%255D+(ecmascript):42:30)
    at update (http://localhost:3000/_next/static/chunks/node_modules_%40react-three_fiber_dist_events-156d8d12_esm_0wayoq8.js:15369:26)
    at loop (http://localhost:3000/_next/static/chunks/node_modules_%40react-three_fiber_dist_events-156d8d12_esm_0wayoq8.js:15395:23)
[ 3035221ms] ReferenceError: getFlashPeak is not defined
    at PostFX.useFrame [as current] (http://localhost:3000/_next/static/chunks/_1q8ofl-._.js?id=%255Bproject%255D/components/canvas/PostFX.jsx+%255Bapp-client%255D+(ecmascript):42:30)
    at update (http://localhost:3000/_next/static/chunks/node_modules_%40react-three_fiber_dist_events-156d8d12_esm_0wayoq8.js:15369:26)
    at loop (http://localhost:3000/_next/static/chunks/node_modules_%40react-three_fiber_dist_events-156d8d12_esm_0wayoq8.js:15395:23)
[ 3035237ms] ReferenceError: getFlashPeak is not defined
    at PostFX.useFrame [as current] (http://localhost:3000/_next/static/chunks/_1q8ofl-._.js?id=%255Bproject%255D/components/canvas/PostFX.jsx+%255Bapp-client%255D+(ecmascript):42:30)
    at update (http://localhost:3000/_next/static/chunks/node_modules_%40react-three_fiber_dist_events-156d8d12_esm_0wayoq8.js:15369:26)
    at loop (http://localhost:3000/_next/static/chunks/node_modules_%40react-three_fiber_dist_events-156d8d12_esm_0wayoq8.js:15395:23)
[ 3035254ms] ReferenceError: getFlashPeak is not defined
    at PostFX.useFrame [as current] (http://localhost:3000/_next/static/chunks/_1q8ofl-._.js?id=%255Bproject%255D/components/canvas/PostFX.jsx+%255Bapp-client%255D+(ecmascript):42:30)
    at update (http://localhost:3000/_next/static/chunks/node_modules_%40react-three_fiber_dist_events-156d8d12_esm_0wayoq8.js:15369:26)
    at loop (http://localhost:3000/_next/static/chunks/node_modules_%40react-three_fiber_dist_events-156d8d12_esm_0wayoq8.js:15395:23)
[ 3035270ms] ReferenceError: getFlashPeak is not defined
    at PostFX.useFrame [as current] (http://localhost:3000/_next/static/chunks/_1q8ofl-._.js?id=%255Bproject%255D/components/canvas/PostFX.jsx+%255Bapp-client%255D+(ecmascript):42:30)
    at update (http://localhost:3000/_next/static/chunks/node_modules_%40react-three_fiber_dist_events-156d8d12_esm_0wayoq8.js:15369:26)
    at loop (http://localhost:3000/_next/static/chunks/node_modules_%40react-three_fiber_dist_events-156d8d12_esm_0wayoq8.js:15395:23)
[ 3035287ms] ReferenceError: getFlashPeak is not defined
    at PostFX.useFrame [as current] (http://localhost:3000/_next/static/chunks/_1q8ofl-._.js?id=%255Bproject%255D/components/canvas/PostFX.jsx+%255Bapp-client%255D+(ecmascript):42:30)
    at update (http://localhost:3000/_next/static/chunks/node_modules_%40react-three_fiber_dist_events-156d8d12_esm_0wayoq8.js:15369:26)
    at loop (http://localhost:3000/_next/static/chunks/node_modules_%40react-three_fiber_dist_events-156d8d12_esm_0wayoq8.js:15395:23)
[ 3035304ms] ReferenceError: getFlashPeak is not defined
    at PostFX.useFrame [as current] (http://localhost:3000/_next/static/chunks/_1q8ofl-._.js?id=%255Bproject%255D/components/canvas/PostFX.jsx+%255Bapp-client%255D+(ecmascript):42:30)
    at update (http://localhost:3000/_next/static/chunks/node_modules_%40react-three_fiber_dist_events-156d8d12_esm_0wayoq8.js:15369:26)
    at loop (http://localhost:3000/_next/static/chunks/node_modules_%40react-three_fiber_dist_events-156d8d12_esm_0wayoq8.js:15395:23)
[ 3035321ms] ReferenceError: getFlashPeak is not defined
    at PostFX.useFrame [as current] (http://localhost:3000/_next/static/chunks/_1q8ofl-._.js?id=%255Bproject%255D/components/canvas/PostFX.jsx+%255Bapp-client%255D+(ecmascript):42:30)
    at update (http://localhost:3000/_next/static/chunks/node_modules_%40react-three_fiber_dist_events-156d8d12_esm_0wayoq8.js:15369:26)
    at loop (http://localhost:3000/_next/static/chunks/node_modules_%40react-three_fiber_dist_events-156d8d12_esm_0wayoq8.js:15395:23)
[ 3035337ms] ReferenceError: getFlashPeak is not defined
    at PostFX.useFrame [as current] (http://localhost:3000/_next/static/chunks/_1q8ofl-._.js?id=%255Bproject%255D/components/canvas/PostFX.jsx+%255Bapp-client%255D+(ecmascript):42:30)
    at update (http://localhost:3000/_next/static/chunks/node_modules_%40react-three_fiber_dist_events-156d8d12_esm_0wayoq8.js:15369:26)
    at loop (http://localhost:3000/_next/static/chunks/node_modules_%40react-three_fiber_dist_events-156d8d12_esm_0wayoq8.js:15395:23)
[ 3035354ms] ReferenceError: getFlashPeak is not defined
    at PostFX.useFrame [as current] (http://localhost:3000/_next/static/chunks/_1q8ofl-._.js?id=%255Bproject%255D/components/canvas/PostFX.jsx+%255Bapp-client%255D+(ecmascript):42:30)
    at update (http://localhost:3000/_next/static/chunks/node_modules_%40react-three_fiber_dist_events-156d8d12_esm_0wayoq8.js:15369:26)
    at loop (http://localhost:3000/_next/static/chunks/node_modules_%40react-three_fiber_dist_events-156d8d12_esm_0wayoq8.js:15395:23)
[ 3035371ms] ReferenceError: getFlashPeak is not defined
    at PostFX.useFrame [as current] (http://localhost:3000/_next/static/chunks/_1q8ofl-._.js?id=%255Bproject%255D/components/canvas/PostFX.jsx+%255Bapp-client%255D+(ecmascript):42:30)
    at update (http://localhost:3000/_next/static/chunks/node_modules_%40react-three_fiber_dist_events-156d8d12_esm_0wayoq8.js:15369:26)
    at loop (http://localhost:3000/_next/static/chunks/node_modules_%40react-three_fiber_dist_events-156d8d12_esm_0wayoq8.js:15395:23)
[ 3035387ms] ReferenceError: getFlashPeak is not defined
    at PostFX.useFrame [as current] (http://localhost:3000/_next/static/chunks/_1q8ofl-._.js?id=%255Bproject%255D/components/canvas/PostFX.jsx+%255Bapp-client%255D+(ecmascript):42:30)
    at update (http://localhost:3000/_next/static/chunks/node_modules_%40react-three_fiber_dist_events-156d8d12_esm_0wayoq8.js:15369:26)
    at loop (http://localhost:3000/_next/static/chunks/node_modules_%40react-three_fiber_dist_events-156d8d12_esm_0wayoq8.js:15395:23)
[ 3035404ms] ReferenceError: getFlashPeak is not defined
    at PostFX.useFrame [as current] (http://localhost:3000/_next/static/chunks/_1q8ofl-._.js?id=%255Bproject%255D/components/canvas/PostFX.jsx+%255Bapp-client%255D+(ecmascript):42:30)
    at update (http://localhost:3000/_next/static/chunks/node_modules_%40react-three_fiber_dist_events-156d8d12_esm_0wayoq8.js:15369:26)
    at loop (http://localhost:3000/_next/static/chunks/node_modules_%40react-three_fiber_dist_events-156d8d12_esm_0wayoq8.js:15395:23)
[ 3035420ms] ReferenceError: getFlashPeak is not defined
    at PostFX.useFrame [as current] (http://localhost:3000/_next/static/chunks/_1q8ofl-._.js?id=%255Bproject%255D/components/canvas/PostFX.jsx+%255Bapp-client%255D+(ecmascript):42:30)
    at update (http://localhost:3000/_next/static/chunks/node_modules_%40react-three_fiber_dist_events-156d8d12_esm_0wayoq8.js:15369:26)
    at loop (http://localhost:3000/_next/static/chunks/node_modules_%40react-three_fiber_dist_events-156d8d12_esm_0wayoq8.js:15395:23)
[ 3035437ms] ReferenceError: getFlashPeak is not defined
    at PostFX.useFrame [as current] (http://localhost:3000/_next/static/chunks/_1q8ofl-._.js?id=%255Bproject%255D/components/canvas/PostFX.jsx+%255Bapp-client%255D+(ecmascript):42:30)
    at update (http://localhost:3000/_next/static/chunks/node_modules_%40react-three_fiber_dist_events-156d8d12_esm_0wayoq8.js:15369:26)
    at loop (http://localhost:3000/_next/static/chunks/node_modules_%40react-three_fiber_dist_events-156d8d12_esm_0wayoq8.js:15395:23)
[ 3035454ms] ReferenceError: getFlashPeak is not defined
    at PostFX.useFrame [as current] (http://localhost:3000/_next/static/chunks/_1q8ofl-._.js?id=%255Bproject%255D/components/canvas/PostFX.jsx+%255Bapp-client%255D+(ecmascript):42:30)
    at update (http://localhost:3000/_next/static/chunks/node_modules_%40react-three_fiber_dist_events-156d8d12_esm_0wayoq8.js:15369:26)
    at loop (http://localhost:3000/_next/static/chunks/node_modules_%40react-three_fiber_dist_events-156d8d12_esm_0wayoq8.js:15395:23)
[ 3035470ms] ReferenceError: getFlashPeak is not defined
    at PostFX.useFrame [as current] (http://localhost:3000/_next/static/chunks/_1q8ofl-._.js?id=%255Bproject%255D/components/canvas/PostFX.jsx+%255Bapp-client%255D+(ecmascript):42:30)
    at update (http://localhost:3000/_next/static/chunks/node_modules_%40react-three_fiber_dist_events-156d8d12_esm_0wayoq8.js:15369:26)
    at loop (http://localhost:3000/_next/static/chunks/node_modules_%40react-three_fiber_dist_events-156d8d12_esm_0wayoq8.js:15395:23)
[ 3035487ms] ReferenceError: getFlashPeak is not defined
    at PostFX.useFrame [as current] (http://localhost:3000/_next/static/chunks/_1q8ofl-._.js?id=%255Bproject%255D/components/canvas/PostFX.jsx+%255Bapp-client%255D+(ecmascript):42:30)
    at update (http://localhost:3000/_next/static/chunks/node_modules_%40react-three_fiber_dist_events-156d8d12_esm_0wayoq8.js:15369:26)
    at loop (http://localhost:3000/_next/static/chunks/node_modules_%40react-three_fiber_dist_events-156d8d12_esm_0wayoq8.js:15395:23)
[ 3035504ms] ReferenceError: getFlashPeak is not defined
    at PostFX.useFrame [as current] (http://localhost:3000/_next/static/chunks/_1q8ofl-._.js?id=%255Bproject%255D/components/canvas/PostFX.jsx+%255Bapp-client%255D+(ecmascript):42:30)
    at update (http://localhost:3000/_next/static/chunks/node_modules_%40react-three_fiber_dist_events-156d8d12_esm_0wayoq8.js:15369:26)
    at loop (http://localhost:3000/_next/static/chunks/node_modules_%40react-three_fiber_dist_events-156d8d12_esm_0wayoq8.js:15395:23)
[ 3035521ms] ReferenceError: getFlashPeak is not defined
    at PostFX.useFrame [as current] (http://localhost:3000/_next/static/chunks/_1q8ofl-._.js?id=%255Bproject%255D/components/canvas/PostFX.jsx+%255Bapp-client%255D+(ecmascript):42:30)
    at update (http://localhost:3000/_next/static/chunks/node_modules_%40react-three_fiber_dist_events-156d8d12_esm_0wayoq8.js:15369:26)
    at loop (http://localhost:3000/_next/static/chunks/node_modules_%40react-three_fiber_dist_events-156d8d12_esm_0wayoq8.js:15395:23)
[ 3035537ms] ReferenceError: getFlashPeak is not defined
    at PostFX.useFrame [as current] (http://localhost:3000/_next/static/chunks/_1q8ofl-._.js?id=%255Bproject%255D/components/canvas/PostFX.jsx+%255Bapp-client%255D+(ecmascript):42:30)
    at update (http://localhost:3000/_next/static/chunks/node_modules_%40react-three_fiber_dist_events-156d8d12_esm_0wayoq8.js:15369:26)
    at loop (http://localhost:3000/_next/static/chunks/node_modules_%40react-three_fiber_dist_events-156d8d12_esm_0wayoq8.js:15395:23)
[ 3035554ms] ReferenceError: getFlashPeak is not defined
    at PostFX.useFrame [as current] (http://localhost:3000/_next/static/chunks/_1q8ofl-._.js?id=%255Bproject%255D/components/canvas/PostFX.jsx+%255Bapp-client%255D+(ecmascript):42:30)
    at update (http://localhost:3000/_next/static/chunks/node_modules_%40react-three_fiber_dist_events-156d8d12_esm_0wayoq8.js:15369:26)
    at loop (http://localhost:3000/_next/static/chunks/node_modules_%40react-three_fiber_dist_events-156d8d12_esm_0wayoq8.js:15395:23)
[ 3035570ms] ReferenceError: getFlashPeak is not defined
    at PostFX.useFrame [as current] (http://localhost:3000/_next/static/chunks/_1q8ofl-._.js?id=%255Bproject%255D/components/canvas/PostFX.jsx+%255Bapp-client%255D+(ecmascript):42:30)
    at update (http://localhost:3000/_next/static/chunks/node_modules_%40react-three_fiber_dist_events-156d8d12_esm_0wayoq8.js:15369:26)
    at loop (http://localhost:3000/_next/static/chunks/node_modules_%40react-three_fiber_dist_events-156d8d12_esm_0wayoq8.js:15395:23)
[ 3035587ms] ReferenceError: getFlashPeak is not defined
    at PostFX.useFrame [as current] (http://localhost:3000/_next/static/chunks/_1q8ofl-._.js?id=%255Bproject%255D/components/canvas/PostFX.jsx+%255Bapp-client%255D+(ecmascript):42:30)
    at update (http://localhost:3000/_next/static/chunks/node_modules_%40react-three_fiber_dist_events-156d8d12_esm_0wayoq8.js:15369:26)
    at loop (http://localhost:3000/_next/static/chunks/node_modules_%40react-three_fiber_dist_events-156d8d12_esm_0wayoq8.js:15395:23)
[ 3035604ms] ReferenceError: getFlashPeak is not defined
    at PostFX.useFrame [as current] (http://localhost:3000/_next/static/chunks/_1q8ofl-._.js?id=%255Bproject%255D/components/canvas/PostFX.jsx+%255Bapp-client%255D+(ecmascript):42:30)
    at update (http://localhost:3000/_next/static/chunks/node_modules_%40react-three_fiber_dist_events-156d8d12_esm_0wayoq8.js:15369:26)
    at loop (http://localhost:3000/_next/static/chunks/node_modules_%40react-three_fiber_dist_events-156d8d12_esm_0wayoq8.js:15395:23)
[ 3035620ms] ReferenceError: getFlashPeak is not defined
    at PostFX.useFrame [as current] (http://localhost:3000/_next/static/chunks/_1q8ofl-._.js?id=%255Bproject%255D/components/canvas/PostFX.jsx+%255Bapp-client%255D+(ecmascript):42:30)
    at update (http://localhost:3000/_next/static/chunks/node_modules_%40react-three_fiber_dist_events-156d8d12_esm_0wayoq8.js:15369:26)
    at loop (http://localhost:3000/_next/static/chunks/node_modules_%40react-three_fiber_dist_events-156d8d12_esm_0wayoq8.js:15395:23)
[ 3035637ms] ReferenceError: getFlashPeak is not defined
    at PostFX.useFrame [as current] (http://localhost:3000/_next/static/chunks/_1q8ofl-._.js?id=%255Bproject%255D/components/canvas/PostFX.jsx+%255Bapp-client%255D+(ecmascript):42:30)
    at update (http://localhost:3000/_next/static/chunks/node_modules_%40react-three_fiber_dist_events-156d8d12_esm_0wayoq8.js:15369:26)
    at loop (http://localhost:3000/_next/static/chunks/node_modules_%40react-three_fiber_dist_events-156d8d12_esm_0wayoq8.js:15395:23)
[ 3035654ms] ReferenceError: getFlashPeak is not defined
    at PostFX.useFrame [as current] (http://localhost:3000/_next/static/chunks/_1q8ofl-._.js?id=%255Bproject%255D/components/canvas/PostFX.jsx+%255Bapp-client%255D+(ecmascript):42:30)
    at update (http://localhost:3000/_next/static/chunks/node_modules_%40react-three_fiber_dist_events-156d8d12_esm_0wayoq8.js:15369:26)
    at loop (http://localhost:3000/_next/static/chunks/node_modules_%40react-three_fiber_dist_events-156d8d12_esm_0wayoq8.js:15395:23)
[ 3035670ms] ReferenceError: getFlashPeak is not defined
    at PostFX.useFrame [as current] (http://localhost:3000/_next/static/chunks/_1q8ofl-._.js?id=%255Bproject%255D/components/canvas/PostFX.jsx+%255Bapp-client%255D+(ecmascript):42:30)
    at update (http://localhost:3000/_next/static/chunks/node_modules_%40react-three_fiber_dist_events-156d8d12_esm_0wayoq8.js:15369:26)
    at loop (http://localhost:3000/_next/static/chunks/node_modules_%40react-three_fiber_dist_events-156d8d12_esm_0wayoq8.js:15395:23)
[ 3035687ms] ReferenceError: getFlashPeak is not defined
    at PostFX.useFrame [as current] (http://localhost:3000/_next/static/chunks/_1q8ofl-._.js?id=%255Bproject%255D/components/canvas/PostFX.jsx+%255Bapp-client%255D+(ecmascript):42:30)
    at update (http://localhost:3000/_next/static/chunks/node_modules_%40react-three_fiber_dist_events-156d8d12_esm_0wayoq8.js:15369:26)
    at loop (http://localhost:3000/_next/static/chunks/node_modules_%40react-three_fiber_dist_events-156d8d12_esm_0wayoq8.js:15395:23)
[ 3035704ms] ReferenceError: getFlashPeak is not defined
    at PostFX.useFrame [as current] (http://localhost:3000/_next/static/chunks/_1q8ofl-._.js?id=%255Bproject%255D/components/canvas/PostFX.jsx+%255Bapp-client%255D+(ecmascript):42:30)
    at update (http://localhost:3000/_next/static/chunks/node_modules_%40react-three_fiber_dist_events-156d8d12_esm_0wayoq8.js:15369:26)
    at loop (http://localhost:3000/_next/static/chunks/node_modules_%40react-three_fiber_dist_events-156d8d12_esm_0wayoq8.js:15395:23)
[ 3035721ms] ReferenceError: getFlashPeak is not defined
    at PostFX.useFrame [as current] (http://localhost:3000/_next/static/chunks/_1q8ofl-._.js?id=%255Bproject%255D/components/canvas/PostFX.jsx+%255Bapp-client%255D+(ecmascript):42:30)
    at update (http://localhost:3000/_next/static/chunks/node_modules_%40react-three_fiber_dist_events-156d8d12_esm_0wayoq8.js:15369:26)
    at loop (http://localhost:3000/_next/static/chunks/node_modules_%40react-three_fiber_dist_events-156d8d12_esm_0wayoq8.js:15395:23)
[ 3035737ms] ReferenceError: getFlashPeak is not defined
    at PostFX.useFrame [as current] (http://localhost:3000/_next/static/chunks/_1q8ofl-._.js?id=%255Bproject%255D/components/canvas/PostFX.jsx+%255Bapp-client%255D+(ecmascript):42:30)
    at update (http://localhost:3000/_next/static/chunks/node_modules_%40react-three_fiber_dist_events-156d8d12_esm_0wayoq8.js:15369:26)
    at loop (http://localhost:3000/_next/static/chunks/node_modules_%40react-three_fiber_dist_events-156d8d12_esm_0wayoq8.js:15395:23)
[ 3035754ms] ReferenceError: getFlashPeak is not defined
    at PostFX.useFrame [as current] (http://localhost:3000/_next/static/chunks/_1q8ofl-._.js?id=%255Bproject%255D/components/canvas/PostFX.jsx+%255Bapp-client%255D+(ecmascript):42:30)
    at update (http://localhost:3000/_next/static/chunks/node_modules_%40react-three_fiber_dist_events-156d8d12_esm_0wayoq8.js:15369:26)
    at loop (http://localhost:3000/_next/static/chunks/node_modules_%40react-three_fiber_dist_events-156d8d12_esm_0wayoq8.js:15395:23)
[ 3035770ms] ReferenceError: getFlashPeak is not defined
    at PostFX.useFrame [as current] (http://localhost:3000/_next/static/chunks/_1q8ofl-._.js?id=%255Bproject%255D/components/canvas/PostFX.jsx+%255Bapp-client%255D+(ecmascript):42:30)
    at update (http://localhost:3000/_next/static/chunks/node_modules_%40react-three_fiber_dist_events-156d8d12_esm_0wayoq8.js:15369:26)
    at loop (http://localhost:3000/_next/static/chunks/node_modules_%40react-three_fiber_dist_events-156d8d12_esm_0wayoq8.js:15395:23)
[ 3035787ms] ReferenceError: getFlashPeak is not defined
    at PostFX.useFrame [as current] (http://localhost:3000/_next/static/chunks/_1q8ofl-._.js?id=%255Bproject%255D/components/canvas/PostFX.jsx+%255Bapp-client%255D+(ecmascript):42:30)
    at update (http://localhost:3000/_next/static/chunks/node_modules_%40react-three_fiber_dist_events-156d8d12_esm_0wayoq8.js:15369:26)
    at loop (http://localhost:3000/_next/static/chunks/node_modules_%40react-three_fiber_dist_events-156d8d12_esm_0wayoq8.js:15395:23)
[ 3035804ms] ReferenceError: getFlashPeak is not defined
    at PostFX.useFrame [as current] (http://localhost:3000/_next/static/chunks/_1q8ofl-._.js?id=%255Bproject%255D/components/canvas/PostFX.jsx+%255Bapp-client%255D+(ecmascript):42:30)
    at update (http://localhost:3000/_next/static/chunks/node_modules_%40react-three_fiber_dist_events-156d8d12_esm_0wayoq8.js:15369:26)
    at loop (http://localhost:3000/_next/static/chunks/node_modules_%40react-three_fiber_dist_events-156d8d12_esm_0wayoq8.js:15395:23)
[ 3035821ms] ReferenceError: getFlashPeak is not defined
    at PostFX.useFrame [as current] (http://localhost:3000/_next/static/chunks/_1q8ofl-._.js?id=%255Bproject%255D/components/canvas/PostFX.jsx+%255Bapp-client%255D+(ecmascript):42:30)
    at update (http://localhost:3000/_next/static/chunks/node_modules_%40react-three_fiber_dist_events-156d8d12_esm_0wayoq8.js:15369:26)
    at loop (http://localhost:3000/_next/static/chunks/node_modules_%40react-three_fiber_dist_events-156d8d12_esm_0wayoq8.js:15395:23)
[ 3035837ms] ReferenceError: getFlashPeak is not defined
    at PostFX.useFrame [as current] (http://localhost:3000/_next/static/chunks/_1q8ofl-._.js?id=%255Bproject%255D/components/canvas/PostFX.jsx+%255Bapp-client%255D+(ecmascript):42:30)
    at update (http://localhost:3000/_next/static/chunks/node_modules_%40react-three_fiber_dist_events-156d8d12_esm_0wayoq8.js:15369:26)
    at loop (http://localhost:3000/_next/static/chunks/node_modules_%40react-three_fiber_dist_events-156d8d12_esm_0wayoq8.js:15395:23)
[ 3035854ms] ReferenceError: getFlashPeak is not defined
    at PostFX.useFrame [as current] (http://localhost:3000/_next/static/chunks/_1q8ofl-._.js?id=%255Bproject%255D/components/canvas/PostFX.jsx+%255Bapp-client%255D+(ecmascript):42:30)
    at update (http://localhost:3000/_next/static/chunks/node_modules_%40react-three_fiber_dist_events-156d8d12_esm_0wayoq8.js:15369:26)
    at loop (http://localhost:3000/_next/static/chunks/node_modules_%40react-three_fiber_dist_events-156d8d12_esm_0wayoq8.js:15395:23)
[ 3035871ms] ReferenceError: getFlashPeak is not defined
    at PostFX.useFrame [as current] (http://localhost:3000/_next/static/chunks/_1q8ofl-._.js?id=%255Bproject%255D/components/canvas/PostFX.jsx+%255Bapp-client%255D+(ecmascript):42:30)
    at update (http://localhost:3000/_next/static/chunks/node_modules_%40react-three_fiber_dist_events-156d8d12_esm_0wayoq8.js:15369:26)
    at loop (http://localhost:3000/_next/static/chunks/node_modules_%40react-three_fiber_dist_events-156d8d12_esm_0wayoq8.js:15395:23)
[ 3035887ms] ReferenceError: getFlashPeak is not defined
    at PostFX.useFrame [as current] (http://localhost:3000/_next/static/chunks/_1q8ofl-._.js?id=%255Bproject%255D/components/canvas/PostFX.jsx+%255Bapp-client%255D+(ecmascript):42:30)
    at update (http://localhost:3000/_next/static/chunks/node_modules_%40react-three_fiber_dist_events-156d8d12_esm_0wayoq8.js:15369:26)
    at loop (http://localhost:3000/_next/static/chunks/node_modules_%40react-three_fiber_dist_events-156d8d12_esm_0wayoq8.js:15395:23)
[ 3035904ms] ReferenceError: getFlashPeak is not defined
    at PostFX.useFrame [as current] (http://localhost:3000/_next/static/chunks/_1q8ofl-._.js?id=%255Bproject%255D/components/canvas/PostFX.jsx+%255Bapp-client%255D+(ecmascript):42:30)
    at update (http://localhost:3000/_next/static/chunks/node_modules_%40react-three_fiber_dist_events-156d8d12_esm_0wayoq8.js:15369:26)
    at loop (http://localhost:3000/_next/static/chunks/node_modules_%40react-three_fiber_dist_events-156d8d12_esm_0wayoq8.js:15395:23)
[ 3035920ms] ReferenceError: getFlashPeak is not defined
    at PostFX.useFrame [as current] (http://localhost:3000/_next/static/chunks/_1q8ofl-._.js?id=%255Bproject%255D/components/canvas/PostFX.jsx+%255Bapp-client%255D+(ecmascript):42:30)
    at update (http://localhost:3000/_next/static/chunks/node_modules_%40react-three_fiber_dist_events-156d8d12_esm_0wayoq8.js:15369:26)
    at loop (http://localhost:3000/_next/static/chunks/node_modules_%40react-three_fiber_dist_events-156d8d12_esm_0wayoq8.js:15395:23)
[ 3035937ms] ReferenceError: getFlashPeak is not defined
    at PostFX.useFrame [as current] (http://localhost:3000/_next/static/chunks/_1q8ofl-._.js?id=%255Bproject%255D/components/canvas/PostFX.jsx+%255Bapp-client%255D+(ecmascript):42:30)
    at update (http://localhost:3000/_next/static/chunks/node_modules_%40react-three_fiber_dist_events-156d8d12_esm_0wayoq8.js:15369:26)
    at loop (http://localhost:3000/_next/static/chunks/node_modules_%40react-three_fiber_dist_events-156d8d12_esm_0wayoq8.js:15395:23)
[ 3035954ms] ReferenceError: getFlashPeak is not defined
    at PostFX.useFrame [as current] (http://localhost:3000/_next/static/chunks/_1q8ofl-._.js?id=%255Bproject%255D/components/canvas/PostFX.jsx+%255Bapp-client%255D+(ecmascript):42:30)
    at update (http://localhost:3000/_next/static/chunks/node_modules_%40react-three_fiber_dist_events-156d8d12_esm_0wayoq8.js:15369:26)
    at loop (http://localhost:3000/_next/static/chunks/node_modules_%40react-three_fiber_dist_events-156d8d12_esm_0wayoq8.js:15395:23)
[ 3035970ms] ReferenceError: getFlashPeak is not defined
    at PostFX.useFrame [as current] (http://localhost:3000/_next/static/chunks/_1q8ofl-._.js?id=%255Bproject%255D/components/canvas/PostFX.jsx+%255Bapp-client%255D+(ecmascript):42:30)
    at update (http://localhost:3000/_next/static/chunks/node_modules_%40react-three_fiber_dist_events-156d8d12_esm_0wayoq8.js:15369:26)
    at loop (http://localhost:3000/_next/static/chunks/node_modules_%40react-three_fiber_dist_events-156d8d12_esm_0wayoq8.js:15395:23)
[ 3035987ms] ReferenceError: getFlashPeak is not defined
    at PostFX.useFrame [as current] (http://localhost:3000/_next/static/chunks/_1q8ofl-._.js?id=%255Bproject%255D/components/canvas/PostFX.jsx+%255Bapp-client%255D+(ecmascript):42:30)
    at update (http://localhost:3000/_next/static/chunks/node_modules_%40react-three_fiber_dist_events-156d8d12_esm_0wayoq8.js:15369:26)
    at loop (http://localhost:3000/_next/static/chunks/node_modules_%40react-three_fiber_dist_events-156d8d12_esm_0wayoq8.js:15395:23)
[ 3036004ms] ReferenceError: getFlashPeak is not defined
    at PostFX.useFrame [as current] (http://localhost:3000/_next/static/chunks/_1q8ofl-._.js?id=%255Bproject%255D/components/canvas/PostFX.jsx+%255Bapp-client%255D+(ecmascript):42:30)
    at update (http://localhost:3000/_next/static/chunks/node_modules_%40react-three_fiber_dist_events-156d8d12_esm_0wayoq8.js:15369:26)
    at loop (http://localhost:3000/_next/static/chunks/node_modules_%40react-three_fiber_dist_events-156d8d12_esm_0wayoq8.js:15395:23)
[ 3036021ms] ReferenceError: getFlashPeak is not defined
    at PostFX.useFrame [as current] (http://localhost:3000/_next/static/chunks/_1q8ofl-._.js?id=%255Bproject%255D/components/canvas/PostFX.jsx+%255Bapp-client%255D+(ecmascript):42:30)
    at update (http://localhost:3000/_next/static/chunks/node_modules_%40react-three_fiber_dist_events-156d8d12_esm_0wayoq8.js:15369:26)
    at loop (http://localhost:3000/_next/static/chunks/node_modules_%40react-three_fiber_dist_events-156d8d12_esm_0wayoq8.js:15395:23)
[ 3036038ms] ReferenceError: getFlashPeak is not defined
    at PostFX.useFrame [as current] (http://localhost:3000/_next/static/chunks/_1q8ofl-._.js?id=%255Bproject%255D/components/canvas/PostFX.jsx+%255Bapp-client%255D+(ecmascript):42:30)
    at update (http://localhost:3000/_next/static/chunks/node_modules_%40react-three_fiber_dist_events-156d8d12_esm_0wayoq8.js:15369:26)
    at loop (http://localhost:3000/_next/static/chunks/node_modules_%40react-three_fiber_dist_events-156d8d12_esm_0wayoq8.js:15395:23)
[ 3036054ms] ReferenceError: getFlashPeak is not defined
    at PostFX.useFrame [as current] (http://localhost:3000/_next/static/chunks/_1q8ofl-._.js?id=%255Bproject%255D/components/canvas/PostFX.jsx+%255Bapp-client%255D+(ecmascript):42:30)
    at update (http://localhost:3000/_next/static/chunks/node_modules_%40react-three_fiber_dist_events-156d8d12_esm_0wayoq8.js:15369:26)
    at loop (http://localhost:3000/_next/static/chunks/node_modules_%40react-three_fiber_dist_events-156d8d12_esm_0wayoq8.js:15395:23)
[ 3036070ms] ReferenceError: getFlashPeak is not defined
    at PostFX.useFrame [as current] (http://localhost:3000/_next/static/chunks/_1q8ofl-._.js?id=%255Bproject%255D/components/canvas/PostFX.jsx+%255Bapp-client%255D+(ecmascript):42:30)
    at update (http://localhost:3000/_next/static/chunks/node_modules_%40react-three_fiber_dist_events-156d8d12_esm_0wayoq8.js:15369:26)
    at loop (http://localhost:3000/_next/static/chunks/node_modules_%40react-three_fiber_dist_events-156d8d12_esm_0wayoq8.js:15395:23)
[ 3036087ms] ReferenceError: getFlashPeak is not defined
    at PostFX.useFrame [as current] (http://localhost:3000/_next/static/chunks/_1q8ofl-._.js?id=%255Bproject%255D/components/canvas/PostFX.jsx+%255Bapp-client%255D+(ecmascript):42:30)
    at update (http://localhost:3000/_next/static/chunks/node_modules_%40react-three_fiber_dist_events-156d8d12_esm_0wayoq8.js:15369:26)
    at loop (http://localhost:3000/_next/static/chunks/node_modules_%40react-three_fiber_dist_events-156d8d12_esm_0wayoq8.js:15395:23)
[ 3036104ms] ReferenceError: getFlashPeak is not defined
    at PostFX.useFrame [as current] (http://localhost:3000/_next/static/chunks/_1q8ofl-._.js?id=%255Bproject%255D/components/canvas/PostFX.jsx+%255Bapp-client%255D+(ecmascript):42:30)
    at update (http://localhost:3000/_next/static/chunks/node_modules_%40react-three_fiber_dist_events-156d8d12_esm_0wayoq8.js:15369:26)
    at loop (http://localhost:3000/_next/static/chunks/node_modules_%40react-three_fiber_dist_events-156d8d12_esm_0wayoq8.js:15395:23)
[ 3036121ms] ReferenceError: getFlashPeak is not defined
    at PostFX.useFrame [as current] (http://localhost:3000/_next/static/chunks/_1q8ofl-._.js?id=%255Bproject%255D/components/canvas/PostFX.jsx+%255Bapp-client%255D+(ecmascript):42:30)
    at update (http://localhost:3000/_next/static/chunks/node_modules_%40react-three_fiber_dist_events-156d8d12_esm_0wayoq8.js:15369:26)
    at loop (http://localhost:3000/_next/static/chunks/node_modules_%40react-three_fiber_dist_events-156d8d12_esm_0wayoq8.js:15395:23)
[ 3036137ms] ReferenceError: getFlashPeak is not defined
    at PostFX.useFrame [as current] (http://localhost:3000/_next/static/chunks/_1q8ofl-._.js?id=%255Bproject%255D/components/canvas/PostFX.jsx+%255Bapp-client%255D+(ecmascript):42:30)
    at update (http://localhost:3000/_next/static/chunks/node_modules_%40react-three_fiber_dist_events-156d8d12_esm_0wayoq8.js:15369:26)
    at loop (http://localhost:3000/_next/static/chunks/node_modules_%40react-three_fiber_dist_events-156d8d12_esm_0wayoq8.js:15395:23)
[ 3036154ms] ReferenceError: getFlashPeak is not defined
    at PostFX.useFrame [as current] (http://localhost:3000/_next/static/chunks/_1q8ofl-._.js?id=%255Bproject%255D/components/canvas/PostFX.jsx+%255Bapp-client%255D+(ecmascript):42:30)
    at update (http://localhost:3000/_next/static/chunks/node_modules_%40react-three_fiber_dist_events-156d8d12_esm_0wayoq8.js:15369:26)
    at loop (http://localhost:3000/_next/static/chunks/node_modules_%40react-three_fiber_dist_events-156d8d12_esm_0wayoq8.js:15395:23)
[ 3036170ms] ReferenceError: getFlashPeak is not defined
    at PostFX.useFrame [as current] (http://localhost:3000/_next/static/chunks/_1q8ofl-._.js?id=%255Bproject%255D/components/canvas/PostFX.jsx+%255Bapp-client%255D+(ecmascript):42:30)
    at update (http://localhost:3000/_next/static/chunks/node_modules_%40react-three_fiber_dist_events-156d8d12_esm_0wayoq8.js:15369:26)
    at loop (http://localhost:3000/_next/static/chunks/node_modules_%40react-three_fiber_dist_events-156d8d12_esm_0wayoq8.js:15395:23)
[ 3036187ms] ReferenceError: getFlashPeak is not defined
    at PostFX.useFrame [as current] (http://localhost:3000/_next/static/chunks/_1q8ofl-._.js?id=%255Bproject%255D/components/canvas/PostFX.jsx+%255Bapp-client%255D+(ecmascript):42:30)
    at update (http://localhost:3000/_next/static/chunks/node_modules_%40react-three_fiber_dist_events-156d8d12_esm_0wayoq8.js:15369:26)
    at loop (http://localhost:3000/_next/static/chunks/node_modules_%40react-three_fiber_dist_events-156d8d12_esm_0wayoq8.js:15395:23)
[ 3036204ms] ReferenceError: getFlashPeak is not defined
    at PostFX.useFrame [as current] (http://localhost:3000/_next/static/chunks/_1q8ofl-._.js?id=%255Bproject%255D/components/canvas/PostFX.jsx+%255Bapp-client%255D+(ecmascript):42:30)
    at update (http://localhost:3000/_next/static/chunks/node_modules_%40react-three_fiber_dist_events-156d8d12_esm_0wayoq8.js:15369:26)
    at loop (http://localhost:3000/_next/static/chunks/node_modules_%40react-three_fiber_dist_events-156d8d12_esm_0wayoq8.js:15395:23)
[ 3036221ms] ReferenceError: getFlashPeak is not defined
    at PostFX.useFrame [as current] (http://localhost:3000/_next/static/chunks/_1q8ofl-._.js?id=%255Bproject%255D/components/canvas/PostFX.jsx+%255Bapp-client%255D+(ecmascript):42:30)
    at update (http://localhost:3000/_next/static/chunks/node_modules_%40react-three_fiber_dist_events-156d8d12_esm_0wayoq8.js:15369:26)
    at loop (http://localhost:3000/_next/static/chunks/node_modules_%40react-three_fiber_dist_events-156d8d12_esm_0wayoq8.js:15395:23)
[ 3036237ms] ReferenceError: getFlashPeak is not defined
    at PostFX.useFrame [as current] (http://localhost:3000/_next/static/chunks/_1q8ofl-._.js?id=%255Bproject%255D/components/canvas/PostFX.jsx+%255Bapp-client%255D+(ecmascript):42:30)
    at update (http://localhost:3000/_next/static/chunks/node_modules_%40react-three_fiber_dist_events-156d8d12_esm_0wayoq8.js:15369:26)
    at loop (http://localhost:3000/_next/static/chunks/node_modules_%40react-three_fiber_dist_events-156d8d12_esm_0wayoq8.js:15395:23)
[ 3036254ms] ReferenceError: getFlashPeak is not defined
    at PostFX.useFrame [as current] (http://localhost:3000/_next/static/chunks/_1q8ofl-._.js?id=%255Bproject%255D/components/canvas/PostFX.jsx+%255Bapp-client%255D+(ecmascript):42:30)
    at update (http://localhost:3000/_next/static/chunks/node_modules_%40react-three_fiber_dist_events-156d8d12_esm_0wayoq8.js:15369:26)
    at loop (http://localhost:3000/_next/static/chunks/node_modules_%40react-three_fiber_dist_events-156d8d12_esm_0wayoq8.js:15395:23)
[ 3036271ms] ReferenceError: getFlashPeak is not defined
    at PostFX.useFrame [as current] (http://localhost:3000/_next/static/chunks/_1q8ofl-._.js?id=%255Bproject%255D/components/canvas/PostFX.jsx+%255Bapp-client%255D+(ecmascript):42:30)
    at update (http://localhost:3000/_next/static/chunks/node_modules_%40react-three_fiber_dist_events-156d8d12_esm_0wayoq8.js:15369:26)
    at loop (http://localhost:3000/_next/static/chunks/node_modules_%40react-three_fiber_dist_events-156d8d12_esm_0wayoq8.js:15395:23)
[ 3036288ms] ReferenceError: getFlashPeak is not defined
    at PostFX.useFrame [as current] (http://localhost:3000/_next/static/chunks/_1q8ofl-._.js?id=%255Bproject%255D/components/canvas/PostFX.jsx+%255Bapp-client%255D+(ecmascript):42:30)
    at update (http://localhost:3000/_next/static/chunks/node_modules_%40react-three_fiber_dist_events-156d8d12_esm_0wayoq8.js:15369:26)
    at loop (http://localhost:3000/_next/static/chunks/node_modules_%40react-three_fiber_dist_events-156d8d12_esm_0wayoq8.js:15395:23)
[ 3036304ms] ReferenceError: getFlashPeak is not defined
    at PostFX.useFrame [as current] (http://localhost:3000/_next/static/chunks/_1q8ofl-._.js?id=%255Bproject%255D/components/canvas/PostFX.jsx+%255Bapp-client%255D+(ecmascript):42:30)
    at update (http://localhost:3000/_next/static/chunks/node_modules_%40react-three_fiber_dist_events-156d8d12_esm_0wayoq8.js:15369:26)
    at loop (http://localhost:3000/_next/static/chunks/node_modules_%40react-three_fiber_dist_events-156d8d12_esm_0wayoq8.js:15395:23)
[ 3036321ms] ReferenceError: getFlashPeak is not defined
    at PostFX.useFrame [as current] (http://localhost:3000/_next/static/chunks/_1q8ofl-._.js?id=%255Bproject%255D/components/canvas/PostFX.jsx+%255Bapp-client%255D+(ecmascript):42:30)
    at update (http://localhost:3000/_next/static/chunks/node_modules_%40react-three_fiber_dist_events-156d8d12_esm_0wayoq8.js:15369:26)
    at loop (http://localhost:3000/_next/static/chunks/node_modules_%40react-three_fiber_dist_events-156d8d12_esm_0wayoq8.js:15395:23)
[ 3036337ms] ReferenceError: getFlashPeak is not defined
    at PostFX.useFrame [as current] (http://localhost:3000/_next/static/chunks/_1q8ofl-._.js?id=%255Bproject%255D/components/canvas/PostFX.jsx+%255Bapp-client%255D+(ecmascript):42:30)
    at update (http://localhost:3000/_next/static/chunks/node_modules_%40react-three_fiber_dist_events-156d8d12_esm_0wayoq8.js:15369:26)
    at loop (http://localhost:3000/_next/static/chunks/node_modules_%40react-three_fiber_dist_events-156d8d12_esm_0wayoq8.js:15395:23)
[ 3036354ms] ReferenceError: getFlashPeak is not defined
    at PostFX.useFrame [as current] (http://localhost:3000/_next/static/chunks/_1q8ofl-._.js?id=%255Bproject%255D/components/canvas/PostFX.jsx+%255Bapp-client%255D+(ecmascript):42:30)
    at update (http://localhost:3000/_next/static/chunks/node_modules_%40react-three_fiber_dist_events-156d8d12_esm_0wayoq8.js:15369:26)
    at loop (http://localhost:3000/_next/static/chunks/node_modules_%40react-three_fiber_dist_events-156d8d12_esm_0wayoq8.js:15395:23)
[ 3036371ms] ReferenceError: getFlashPeak is not defined
    at PostFX.useFrame [as current] (http://localhost:3000/_next/static/chunks/_1q8ofl-._.js?id=%255Bproject%255D/components/canvas/PostFX.jsx+%255Bapp-client%255D+(ecmascript):42:30)
    at update (http://localhost:3000/_next/static/chunks/node_modules_%40react-three_fiber_dist_events-156d8d12_esm_0wayoq8.js:15369:26)
    at loop (http://localhost:3000/_next/static/chunks/node_modules_%40react-three_fiber_dist_events-156d8d12_esm_0wayoq8.js:15395:23)
[ 3036387ms] ReferenceError: getFlashPeak is not defined
    at PostFX.useFrame [as current] (http://localhost:3000/_next/static/chunks/_1q8ofl-._.js?id=%255Bproject%255D/components/canvas/PostFX.jsx+%255Bapp-client%255D+(ecmascript):42:30)
    at update (http://localhost:3000/_next/static/chunks/node_modules_%40react-three_fiber_dist_events-156d8d12_esm_0wayoq8.js:15369:26)
    at loop (http://localhost:3000/_next/static/chunks/node_modules_%40react-three_fiber_dist_events-156d8d12_esm_0wayoq8.js:15395:23)
[ 3036404ms] ReferenceError: getFlashPeak is not defined
    at PostFX.useFrame [as current] (http://localhost:3000/_next/static/chunks/_1q8ofl-._.js?id=%255Bproject%255D/components/canvas/PostFX.jsx+%255Bapp-client%255D+(ecmascript):42:30)
    at update (http://localhost:3000/_next/static/chunks/node_modules_%40react-three_fiber_dist_events-156d8d12_esm_0wayoq8.js:15369:26)
    at loop (http://localhost:3000/_next/static/chunks/node_modules_%40react-three_fiber_dist_events-156d8d12_esm_0wayoq8.js:15395:23)
[ 3036420ms] ReferenceError: getFlashPeak is not defined
    at PostFX.useFrame [as current] (http://localhost:3000/_next/static/chunks/_1q8ofl-._.js?id=%255Bproject%255D/components/canvas/PostFX.jsx+%255Bapp-client%255D+(ecmascript):42:30)
    at update (http://localhost:3000/_next/static/chunks/node_modules_%40react-three_fiber_dist_events-156d8d12_esm_0wayoq8.js:15369:26)
    at loop (http://localhost:3000/_next/static/chunks/node_modules_%40react-three_fiber_dist_events-156d8d12_esm_0wayoq8.js:15395:23)
[ 3036437ms] ReferenceError: getFlashPeak is not defined
    at PostFX.useFrame [as current] (http://localhost:3000/_next/static/chunks/_1q8ofl-._.js?id=%255Bproject%255D/components/canvas/PostFX.jsx+%255Bapp-client%255D+(ecmascript):42:30)
    at update (http://localhost:3000/_next/static/chunks/node_modules_%40react-three_fiber_dist_events-156d8d12_esm_0wayoq8.js:15369:26)
    at loop (http://localhost:3000/_next/static/chunks/node_modules_%40react-three_fiber_dist_events-156d8d12_esm_0wayoq8.js:15395:23)
[ 3036454ms] ReferenceError: getFlashPeak is not defined
    at PostFX.useFrame [as current] (http://localhost:3000/_next/static/chunks/_1q8ofl-._.js?id=%255Bproject%255D/components/canvas/PostFX.jsx+%255Bapp-client%255D+(ecmascript):42:30)
    at update (http://localhost:3000/_next/static/chunks/node_modules_%40react-three_fiber_dist_events-156d8d12_esm_0wayoq8.js:15369:26)
    at loop (http://localhost:3000/_next/static/chunks/node_modules_%40react-three_fiber_dist_events-156d8d12_esm_0wayoq8.js:15395:23)
[ 3036470ms] ReferenceError: getFlashPeak is not defined
    at PostFX.useFrame [as current] (http://localhost:3000/_next/static/chunks/_1q8ofl-._.js?id=%255Bproject%255D/components/canvas/PostFX.jsx+%255Bapp-client%255D+(ecmascript):42:30)
    at update (http://localhost:3000/_next/static/chunks/node_modules_%40react-three_fiber_dist_events-156d8d12_esm_0wayoq8.js:15369:26)
    at loop (http://localhost:3000/_next/static/chunks/node_modules_%40react-three_fiber_dist_events-156d8d12_esm_0wayoq8.js:15395:23)
[ 3036487ms] ReferenceError: getFlashPeak is not defined
    at PostFX.useFrame [as current] (http://localhost:3000/_next/static/chunks/_1q8ofl-._.js?id=%255Bproject%255D/components/canvas/PostFX.jsx+%255Bapp-client%255D+(ecmascript):42:30)
    at update (http://localhost:3000/_next/static/chunks/node_modules_%40react-three_fiber_dist_events-156d8d12_esm_0wayoq8.js:15369:26)
    at loop (http://localhost:3000/_next/static/chunks/node_modules_%40react-three_fiber_dist_events-156d8d12_esm_0wayoq8.js:15395:23)
[ 3036504ms] ReferenceError: getFlashPeak is not defined
    at PostFX.useFrame [as current] (http://localhost:3000/_next/static/chunks/_1q8ofl-._.js?id=%255Bproject%255D/components/canvas/PostFX.jsx+%255Bapp-client%255D+(ecmascript):42:30)
    at update (http://localhost:3000/_next/static/chunks/node_modules_%40react-three_fiber_dist_events-156d8d12_esm_0wayoq8.js:15369:26)
    at loop (http://localhost:3000/_next/static/chunks/node_modules_%40react-three_fiber_dist_events-156d8d12_esm_0wayoq8.js:15395:23)
[ 3036521ms] ReferenceError: getFlashPeak is not defined
    at PostFX.useFrame [as current] (http://localhost:3000/_next/static/chunks/_1q8ofl-._.js?id=%255Bproject%255D/components/canvas/PostFX.jsx+%255Bapp-client%255D+(ecmascript):42:30)
    at update (http://localhost:3000/_next/static/chunks/node_modules_%40react-three_fiber_dist_events-156d8d12_esm_0wayoq8.js:15369:26)
    at loop (http://localhost:3000/_next/static/chunks/node_modules_%40react-three_fiber_dist_events-156d8d12_esm_0wayoq8.js:15395:23)
[ 3036537ms] ReferenceError: getFlashPeak is not defined
    at PostFX.useFrame [as current] (http://localhost:3000/_next/static/chunks/_1q8ofl-._.js?id=%255Bproject%255D/components/canvas/PostFX.jsx+%255Bapp-client%255D+(ecmascript):42:30)
    at update (http://localhost:3000/_next/static/chunks/node_modules_%40react-three_fiber_dist_events-156d8d12_esm_0wayoq8.js:15369:26)
    at loop (http://localhost:3000/_next/static/chunks/node_modules_%40react-three_fiber_dist_events-156d8d12_esm_0wayoq8.js:15395:23)
[ 3036554ms] ReferenceError: getFlashPeak is not defined
    at PostFX.useFrame [as current] (http://localhost:3000/_next/static/chunks/_1q8ofl-._.js?id=%255Bproject%255D/components/canvas/PostFX.jsx+%255Bapp-client%255D+(ecmascript):42:30)
    at update (http://localhost:3000/_next/static/chunks/node_modules_%40react-three_fiber_dist_events-156d8d12_esm_0wayoq8.js:15369:26)
    at loop (http://localhost:3000/_next/static/chunks/node_modules_%40react-three_fiber_dist_events-156d8d12_esm_0wayoq8.js:15395:23)
[ 3036571ms] ReferenceError: getFlashPeak is not defined
    at PostFX.useFrame [as current] (http://localhost:3000/_next/static/chunks/_1q8ofl-._.js?id=%255Bproject%255D/components/canvas/PostFX.jsx+%255Bapp-client%255D+(ecmascript):42:30)
    at update (http://localhost:3000/_next/static/chunks/node_modules_%40react-three_fiber_dist_events-156d8d12_esm_0wayoq8.js:15369:26)
    at loop (http://localhost:3000/_next/static/chunks/node_modules_%40react-three_fiber_dist_events-156d8d12_esm_0wayoq8.js:15395:23)
[ 3036587ms] ReferenceError: getFlashPeak is not defined
    at PostFX.useFrame [as current] (http://localhost:3000/_next/static/chunks/_1q8ofl-._.js?id=%255Bproject%255D/components/canvas/PostFX.jsx+%255Bapp-client%255D+(ecmascript):42:30)
    at update (http://localhost:3000/_next/static/chunks/node_modules_%40react-three_fiber_dist_events-156d8d12_esm_0wayoq8.js:15369:26)
    at loop (http://localhost:3000/_next/static/chunks/node_modules_%40react-three_fiber_dist_events-156d8d12_esm_0wayoq8.js:15395:23)
[ 3036604ms] ReferenceError: getFlashPeak is not defined
    at PostFX.useFrame [as current] (http://localhost:3000/_next/static/chunks/_1q8ofl-._.js?id=%255Bproject%255D/components/canvas/PostFX.jsx+%255Bapp-client%255D+(ecmascript):42:30)
    at update (http://localhost:3000/_next/static/chunks/node_modules_%40react-three_fiber_dist_events-156d8d12_esm_0wayoq8.js:15369:26)
    at loop (http://localhost:3000/_next/static/chunks/node_modules_%40react-three_fiber_dist_events-156d8d12_esm_0wayoq8.js:15395:23)
[ 3036620ms] ReferenceError: getFlashPeak is not defined
    at PostFX.useFrame [as current] (http://localhost:3000/_next/static/chunks/_1q8ofl-._.js?id=%255Bproject%255D/components/canvas/PostFX.jsx+%255Bapp-client%255D+(ecmascript):42:30)
    at update (http://localhost:3000/_next/static/chunks/node_modules_%40react-three_fiber_dist_events-156d8d12_esm_0wayoq8.js:15369:26)
    at loop (http://localhost:3000/_next/static/chunks/node_modules_%40react-three_fiber_dist_events-156d8d12_esm_0wayoq8.js:15395:23)
[ 3036637ms] ReferenceError: getFlashPeak is not defined
    at PostFX.useFrame [as current] (http://localhost:3000/_next/static/chunks/_1q8ofl-._.js?id=%255Bproject%255D/components/canvas/PostFX.jsx+%255Bapp-client%255D+(ecmascript):42:30)
    at update (http://localhost:3000/_next/static/chunks/node_modules_%40react-three_fiber_dist_events-156d8d12_esm_0wayoq8.js:15369:26)
    at loop (http://localhost:3000/_next/static/chunks/node_modules_%40react-three_fiber_dist_events-156d8d12_esm_0wayoq8.js:15395:23)
[ 3036654ms] ReferenceError: getFlashPeak is not defined
    at PostFX.useFrame [as current] (http://localhost:3000/_next/static/chunks/_1q8ofl-._.js?id=%255Bproject%255D/components/canvas/PostFX.jsx+%255Bapp-client%255D+(ecmascript):42:30)
    at update (http://localhost:3000/_next/static/chunks/node_modules_%40react-three_fiber_dist_events-156d8d12_esm_0wayoq8.js:15369:26)
    at loop (http://localhost:3000/_next/static/chunks/node_modules_%40react-three_fiber_dist_events-156d8d12_esm_0wayoq8.js:15395:23)
[ 3036670ms] ReferenceError: getFlashPeak is not defined
    at PostFX.useFrame [as current] (http://localhost:3000/_next/static/chunks/_1q8ofl-._.js?id=%255Bproject%255D/components/canvas/PostFX.jsx+%255Bapp-client%255D+(ecmascript):42:30)
    at update (http://localhost:3000/_next/static/chunks/node_modules_%40react-three_fiber_dist_events-156d8d12_esm_0wayoq8.js:15369:26)
    at loop (http://localhost:3000/_next/static/chunks/node_modules_%40react-three_fiber_dist_events-156d8d12_esm_0wayoq8.js:15395:23)
[ 3036687ms] ReferenceError: getFlashPeak is not defined
    at PostFX.useFrame [as current] (http://localhost:3000/_next/static/chunks/_1q8ofl-._.js?id=%255Bproject%255D/components/canvas/PostFX.jsx+%255Bapp-client%255D+(ecmascript):42:30)
    at update (http://localhost:3000/_next/static/chunks/node_modules_%40react-three_fiber_dist_events-156d8d12_esm_0wayoq8.js:15369:26)
    at loop (http://localhost:3000/_next/static/chunks/node_modules_%40react-three_fiber_dist_events-156d8d12_esm_0wayoq8.js:15395:23)
[ 3036704ms] ReferenceError: getFlashPeak is not defined
    at PostFX.useFrame [as current] (http://localhost:3000/_next/static/chunks/_1q8ofl-._.js?id=%255Bproject%255D/components/canvas/PostFX.jsx+%255Bapp-client%255D+(ecmascript):42:30)
    at update (http://localhost:3000/_next/static/chunks/node_modules_%40react-three_fiber_dist_events-156d8d12_esm_0wayoq8.js:15369:26)
    at loop (http://localhost:3000/_next/static/chunks/node_modules_%40react-three_fiber_dist_events-156d8d12_esm_0wayoq8.js:15395:23)
[ 3036720ms] ReferenceError: getFlashPeak is not defined
    at PostFX.useFrame [as current] (http://localhost:3000/_next/static/chunks/_1q8ofl-._.js?id=%255Bproject%255D/components/canvas/PostFX.jsx+%255Bapp-client%255D+(ecmascript):42:30)
    at update (http://localhost:3000/_next/static/chunks/node_modules_%40react-three_fiber_dist_events-156d8d12_esm_0wayoq8.js:15369:26)
    at loop (http://localhost:3000/_next/static/chunks/node_modules_%40react-three_fiber_dist_events-156d8d12_esm_0wayoq8.js:15395:23)
[ 3036737ms] ReferenceError: getFlashPeak is not defined
    at PostFX.useFrame [as current] (http://localhost:3000/_next/static/chunks/_1q8ofl-._.js?id=%255Bproject%255D/components/canvas/PostFX.jsx+%255Bapp-client%255D+(ecmascript):42:30)
    at update (http://localhost:3000/_next/static/chunks/node_modules_%40react-three_fiber_dist_events-156d8d12_esm_0wayoq8.js:15369:26)
    at loop (http://localhost:3000/_next/static/chunks/node_modules_%40react-three_fiber_dist_events-156d8d12_esm_0wayoq8.js:15395:23)
[ 3036754ms] ReferenceError: getFlashPeak is not defined
    at PostFX.useFrame [as current] (http://localhost:3000/_next/static/chunks/_1q8ofl-._.js?id=%255Bproject%255D/components/canvas/PostFX.jsx+%255Bapp-client%255D+(ecmascript):42:30)
    at update (http://localhost:3000/_next/static/chunks/node_modules_%40react-three_fiber_dist_events-156d8d12_esm_0wayoq8.js:15369:26)
    at loop (http://localhost:3000/_next/static/chunks/node_modules_%40react-three_fiber_dist_events-156d8d12_esm_0wayoq8.js:15395:23)
[ 3036770ms] ReferenceError: getFlashPeak is not defined
    at PostFX.useFrame [as current] (http://localhost:3000/_next/static/chunks/_1q8ofl-._.js?id=%255Bproject%255D/components/canvas/PostFX.jsx+%255Bapp-client%255D+(ecmascript):42:30)
    at update (http://localhost:3000/_next/static/chunks/node_modules_%40react-three_fiber_dist_events-156d8d12_esm_0wayoq8.js:15369:26)
    at loop (http://localhost:3000/_next/static/chunks/node_modules_%40react-three_fiber_dist_events-156d8d12_esm_0wayoq8.js:15395:23)
[ 3036787ms] ReferenceError: getFlashPeak is not defined
    at PostFX.useFrame [as current] (http://localhost:3000/_next/static/chunks/_1q8ofl-._.js?id=%255Bproject%255D/components/canvas/PostFX.jsx+%255Bapp-client%255D+(ecmascript):42:30)
    at update (http://localhost:3000/_next/static/chunks/node_modules_%40react-three_fiber_dist_events-156d8d12_esm_0wayoq8.js:15369:26)
    at loop (http://localhost:3000/_next/static/chunks/node_modules_%40react-three_fiber_dist_events-156d8d12_esm_0wayoq8.js:15395:23)
[ 3036804ms] ReferenceError: getFlashPeak is not defined
    at PostFX.useFrame [as current] (http://localhost:3000/_next/static/chunks/_1q8ofl-._.js?id=%255Bproject%255D/components/canvas/PostFX.jsx+%255Bapp-client%255D+(ecmascript):42:30)
    at update (http://localhost:3000/_next/static/chunks/node_modules_%40react-three_fiber_dist_events-156d8d12_esm_0wayoq8.js:15369:26)
    at loop (http://localhost:3000/_next/static/chunks/node_modules_%40react-three_fiber_dist_events-156d8d12_esm_0wayoq8.js:15395:23)
[ 3036821ms] ReferenceError: getFlashPeak is not defined
    at PostFX.useFrame [as current] (http://localhost:3000/_next/static/chunks/_1q8ofl-._.js?id=%255Bproject%255D/components/canvas/PostFX.jsx+%255Bapp-client%255D+(ecmascript):42:30)
    at update (http://localhost:3000/_next/static/chunks/node_modules_%40react-three_fiber_dist_events-156d8d12_esm_0wayoq8.js:15369:26)
    at loop (http://localhost:3000/_next/static/chunks/node_modules_%40react-three_fiber_dist_events-156d8d12_esm_0wayoq8.js:15395:23)
[ 3036837ms] ReferenceError: getFlashPeak is not defined
    at PostFX.useFrame [as current] (http://localhost:3000/_next/static/chunks/_1q8ofl-._.js?id=%255Bproject%255D/components/canvas/PostFX.jsx+%255Bapp-client%255D+(ecmascript):42:30)
    at update (http://localhost:3000/_next/static/chunks/node_modules_%40react-three_fiber_dist_events-156d8d12_esm_0wayoq8.js:15369:26)
    at loop (http://localhost:3000/_next/static/chunks/node_modules_%40react-three_fiber_dist_events-156d8d12_esm_0wayoq8.js:15395:23)
[ 3036854ms] ReferenceError: getFlashPeak is not defined
    at PostFX.useFrame [as current] (http://localhost:3000/_next/static/chunks/_1q8ofl-._.js?id=%255Bproject%255D/components/canvas/PostFX.jsx+%255Bapp-client%255D+(ecmascript):42:30)
    at update (http://localhost:3000/_next/static/chunks/node_modules_%40react-three_fiber_dist_events-156d8d12_esm_0wayoq8.js:15369:26)
    at loop (http://localhost:3000/_next/static/chunks/node_modules_%40react-three_fiber_dist_events-156d8d12_esm_0wayoq8.js:15395:23)
[ 3036870ms] ReferenceError: getFlashPeak is not defined
    at PostFX.useFrame [as current] (http://localhost:3000/_next/static/chunks/_1q8ofl-._.js?id=%255Bproject%255D/components/canvas/PostFX.jsx+%255Bapp-client%255D+(ecmascript):42:30)
    at update (http://localhost:3000/_next/static/chunks/node_modules_%40react-three_fiber_dist_events-156d8d12_esm_0wayoq8.js:15369:26)
    at loop (http://localhost:3000/_next/static/chunks/node_modules_%40react-three_fiber_dist_events-156d8d12_esm_0wayoq8.js:15395:23)
[ 3036887ms] ReferenceError: getFlashPeak is not defined
    at PostFX.useFrame [as current] (http://localhost:3000/_next/static/chunks/_1q8ofl-._.js?id=%255Bproject%255D/components/canvas/PostFX.jsx+%255Bapp-client%255D+(ecmascript):42:30)
    at update (http://localhost:3000/_next/static/chunks/node_modules_%40react-three_fiber_dist_events-156d8d12_esm_0wayoq8.js:15369:26)
    at loop (http://localhost:3000/_next/static/chunks/node_modules_%40react-three_fiber_dist_events-156d8d12_esm_0wayoq8.js:15395:23)
[ 3036904ms] ReferenceError: getFlashPeak is not defined
    at PostFX.useFrame [as current] (http://localhost:3000/_next/static/chunks/_1q8ofl-._.js?id=%255Bproject%255D/components/canvas/PostFX.jsx+%255Bapp-client%255D+(ecmascript):42:30)
    at update (http://localhost:3000/_next/static/chunks/node_modules_%40react-three_fiber_dist_events-156d8d12_esm_0wayoq8.js:15369:26)
    at loop (http://localhost:3000/_next/static/chunks/node_modules_%40react-three_fiber_dist_events-156d8d12_esm_0wayoq8.js:15395:23)
[ 3036920ms] ReferenceError: getFlashPeak is not defined
    at PostFX.useFrame [as current] (http://localhost:3000/_next/static/chunks/_1q8ofl-._.js?id=%255Bproject%255D/components/canvas/PostFX.jsx+%255Bapp-client%255D+(ecmascript):42:30)
    at update (http://localhost:3000/_next/static/chunks/node_modules_%40react-three_fiber_dist_events-156d8d12_esm_0wayoq8.js:15369:26)
    at loop (http://localhost:3000/_next/static/chunks/node_modules_%40react-three_fiber_dist_events-156d8d12_esm_0wayoq8.js:15395:23)
[ 3036937ms] ReferenceError: getFlashPeak is not defined
    at PostFX.useFrame [as current] (http://localhost:3000/_next/static/chunks/_1q8ofl-._.js?id=%255Bproject%255D/components/canvas/PostFX.jsx+%255Bapp-client%255D+(ecmascript):42:30)
    at update (http://localhost:3000/_next/static/chunks/node_modules_%40react-three_fiber_dist_events-156d8d12_esm_0wayoq8.js:15369:26)
    at loop (http://localhost:3000/_next/static/chunks/node_modules_%40react-three_fiber_dist_events-156d8d12_esm_0wayoq8.js:15395:23)
[ 3036954ms] ReferenceError: getFlashPeak is not defined
    at PostFX.useFrame [as current] (http://localhost:3000/_next/static/chunks/_1q8ofl-._.js?id=%255Bproject%255D/components/canvas/PostFX.jsx+%255Bapp-client%255D+(ecmascript):42:30)
    at update (http://localhost:3000/_next/static/chunks/node_modules_%40react-three_fiber_dist_events-156d8d12_esm_0wayoq8.js:15369:26)
    at loop (http://localhost:3000/_next/static/chunks/node_modules_%40react-three_fiber_dist_events-156d8d12_esm_0wayoq8.js:15395:23)
[ 3036970ms] ReferenceError: getFlashPeak is not defined
    at PostFX.useFrame [as current] (http://localhost:3000/_next/static/chunks/_1q8ofl-._.js?id=%255Bproject%255D/components/canvas/PostFX.jsx+%255Bapp-client%255D+(ecmascript):42:30)
    at update (http://localhost:3000/_next/static/chunks/node_modules_%40react-three_fiber_dist_events-156d8d12_esm_0wayoq8.js:15369:26)
    at loop (http://localhost:3000/_next/static/chunks/node_modules_%40react-three_fiber_dist_events-156d8d12_esm_0wayoq8.js:15395:23)
[ 3036987ms] ReferenceError: getFlashPeak is not defined
    at PostFX.useFrame [as current] (http://localhost:3000/_next/static/chunks/_1q8ofl-._.js?id=%255Bproject%255D/components/canvas/PostFX.jsx+%255Bapp-client%255D+(ecmascript):42:30)
    at update (http://localhost:3000/_next/static/chunks/node_modules_%40react-three_fiber_dist_events-156d8d12_esm_0wayoq8.js:15369:26)
    at loop (http://localhost:3000/_next/static/chunks/node_modules_%40react-three_fiber_dist_events-156d8d12_esm_0wayoq8.js:15395:23)
[ 3037004ms] ReferenceError: getFlashPeak is not defined
    at PostFX.useFrame [as current] (http://localhost:3000/_next/static/chunks/_1q8ofl-._.js?id=%255Bproject%255D/components/canvas/PostFX.jsx+%255Bapp-client%255D+(ecmascript):42:30)
    at update (http://localhost:3000/_next/static/chunks/node_modules_%40react-three_fiber_dist_events-156d8d12_esm_0wayoq8.js:15369:26)
    at loop (http://localhost:3000/_next/static/chunks/node_modules_%40react-three_fiber_dist_events-156d8d12_esm_0wayoq8.js:15395:23)
[ 3037021ms] ReferenceError: getFlashPeak is not defined
    at PostFX.useFrame [as current] (http://localhost:3000/_next/static/chunks/_1q8ofl-._.js?id=%255Bproject%255D/components/canvas/PostFX.jsx+%255Bapp-client%255D+(ecmascript):42:30)
    at update (http://localhost:3000/_next/static/chunks/node_modules_%40react-three_fiber_dist_events-156d8d12_esm_0wayoq8.js:15369:26)
    at loop (http://localhost:3000/_next/static/chunks/node_modules_%40react-three_fiber_dist_events-156d8d12_esm_0wayoq8.js:15395:23)
[ 3037037ms] ReferenceError: getFlashPeak is not defined
    at PostFX.useFrame [as current] (http://localhost:3000/_next/static/chunks/_1q8ofl-._.js?id=%255Bproject%255D/components/canvas/PostFX.jsx+%255Bapp-client%255D+(ecmascript):42:30)
    at update (http://localhost:3000/_next/static/chunks/node_modules_%40react-three_fiber_dist_events-156d8d12_esm_0wayoq8.js:15369:26)
    at loop (http://localhost:3000/_next/static/chunks/node_modules_%40react-three_fiber_dist_events-156d8d12_esm_0wayoq8.js:15395:23)
[ 3037054ms] ReferenceError: getFlashPeak is not defined
    at PostFX.useFrame [as current] (http://localhost:3000/_next/static/chunks/_1q8ofl-._.js?id=%255Bproject%255D/components/canvas/PostFX.jsx+%255Bapp-client%255D+(ecmascript):42:30)
    at update (http://localhost:3000/_next/static/chunks/node_modules_%40react-three_fiber_dist_events-156d8d12_esm_0wayoq8.js:15369:26)
    at loop (http://localhost:3000/_next/static/chunks/node_modules_%40react-three_fiber_dist_events-156d8d12_esm_0wayoq8.js:15395:23)
[ 3037070ms] ReferenceError: getFlashPeak is not defined
    at PostFX.useFrame [as current] (http://localhost:3000/_next/static/chunks/_1q8ofl-._.js?id=%255Bproject%255D/components/canvas/PostFX.jsx+%255Bapp-client%255D+(ecmascript):42:30)
    at update (http://localhost:3000/_next/static/chunks/node_modules_%40react-three_fiber_dist_events-156d8d12_esm_0wayoq8.js:15369:26)
    at loop (http://localhost:3000/_next/static/chunks/node_modules_%40react-three_fiber_dist_events-156d8d12_esm_0wayoq8.js:15395:23)
[ 3037087ms] ReferenceError: getFlashPeak is not defined
    at PostFX.useFrame [as current] (http://localhost:3000/_next/static/chunks/_1q8ofl-._.js?id=%255Bproject%255D/components/canvas/PostFX.jsx+%255Bapp-client%255D+(ecmascript):42:30)
    at update (http://localhost:3000/_next/static/chunks/node_modules_%40react-three_fiber_dist_events-156d8d12_esm_0wayoq8.js:15369:26)
    at loop (http://localhost:3000/_next/static/chunks/node_modules_%40react-three_fiber_dist_events-156d8d12_esm_0wayoq8.js:15395:23)
[ 3037104ms] ReferenceError: getFlashPeak is not defined
    at PostFX.useFrame [as current] (http://localhost:3000/_next/static/chunks/_1q8ofl-._.js?id=%255Bproject%255D/components/canvas/PostFX.jsx+%255Bapp-client%255D+(ecmascript):42:30)
    at update (http://localhost:3000/_next/static/chunks/node_modules_%40react-three_fiber_dist_events-156d8d12_esm_0wayoq8.js:15369:26)
    at loop (http://localhost:3000/_next/static/chunks/node_modules_%40react-three_fiber_dist_events-156d8d12_esm_0wayoq8.js:15395:23)
[ 3037121ms] ReferenceError: getFlashPeak is not defined
    at PostFX.useFrame [as current] (http://localhost:3000/_next/static/chunks/_1q8ofl-._.js?id=%255Bproject%255D/components/canvas/PostFX.jsx+%255Bapp-client%255D+(ecmascript):42:30)
    at update (http://localhost:3000/_next/static/chunks/node_modules_%40react-three_fiber_dist_events-156d8d12_esm_0wayoq8.js:15369:26)
    at loop (http://localhost:3000/_next/static/chunks/node_modules_%40react-three_fiber_dist_events-156d8d12_esm_0wayoq8.js:15395:23)
[ 3037137ms] ReferenceError: getFlashPeak is not defined
    at PostFX.useFrame [as current] (http://localhost:3000/_next/static/chunks/_1q8ofl-._.js?id=%255Bproject%255D/components/canvas/PostFX.jsx+%255Bapp-client%255D+(ecmascript):42:30)
    at update (http://localhost:3000/_next/static/chunks/node_modules_%40react-three_fiber_dist_events-156d8d12_esm_0wayoq8.js:15369:26)
    at loop (http://localhost:3000/_next/static/chunks/node_modules_%40react-three_fiber_dist_events-156d8d12_esm_0wayoq8.js:15395:23)
[ 3037154ms] ReferenceError: getFlashPeak is not defined
    at PostFX.useFrame [as current] (http://localhost:3000/_next/static/chunks/_1q8ofl-._.js?id=%255Bproject%255D/components/canvas/PostFX.jsx+%255Bapp-client%255D+(ecmascript):42:30)
    at update (http://localhost:3000/_next/static/chunks/node_modules_%40react-three_fiber_dist_events-156d8d12_esm_0wayoq8.js:15369:26)
    at loop (http://localhost:3000/_next/static/chunks/node_modules_%40react-three_fiber_dist_events-156d8d12_esm_0wayoq8.js:15395:23)
[ 3037171ms] ReferenceError: getFlashPeak is not defined
    at PostFX.useFrame [as current] (http://localhost:3000/_next/static/chunks/_1q8ofl-._.js?id=%255Bproject%255D/components/canvas/PostFX.jsx+%255Bapp-client%255D+(ecmascript):42:30)
    at update (http://localhost:3000/_next/static/chunks/node_modules_%40react-three_fiber_dist_events-156d8d12_esm_0wayoq8.js:15369:26)
    at loop (http://localhost:3000/_next/static/chunks/node_modules_%40react-three_fiber_dist_events-156d8d12_esm_0wayoq8.js:15395:23)
[ 3037187ms] ReferenceError: getFlashPeak is not defined
    at PostFX.useFrame [as current] (http://localhost:3000/_next/static/chunks/_1q8ofl-._.js?id=%255Bproject%255D/components/canvas/PostFX.jsx+%255Bapp-client%255D+(ecmascript):42:30)
    at update (http://localhost:3000/_next/static/chunks/node_modules_%40react-three_fiber_dist_events-156d8d12_esm_0wayoq8.js:15369:26)
    at loop (http://localhost:3000/_next/static/chunks/node_modules_%40react-three_fiber_dist_events-156d8d12_esm_0wayoq8.js:15395:23)
[ 3037204ms] ReferenceError: getFlashPeak is not defined
    at PostFX.useFrame [as current] (http://localhost:3000/_next/static/chunks/_1q8ofl-._.js?id=%255Bproject%255D/components/canvas/PostFX.jsx+%255Bapp-client%255D+(ecmascript):42:30)
    at update (http://localhost:3000/_next/static/chunks/node_modules_%40react-three_fiber_dist_events-156d8d12_esm_0wayoq8.js:15369:26)
    at loop (http://localhost:3000/_next/static/chunks/node_modules_%40react-three_fiber_dist_events-156d8d12_esm_0wayoq8.js:15395:23)
[ 3037220ms] ReferenceError: getFlashPeak is not defined
    at PostFX.useFrame [as current] (http://localhost:3000/_next/static/chunks/_1q8ofl-._.js?id=%255Bproject%255D/components/canvas/PostFX.jsx+%255Bapp-client%255D+(ecmascript):42:30)
    at update (http://localhost:3000/_next/static/chunks/node_modules_%40react-three_fiber_dist_events-156d8d12_esm_0wayoq8.js:15369:26)
    at loop (http://localhost:3000/_next/static/chunks/node_modules_%40react-three_fiber_dist_events-156d8d12_esm_0wayoq8.js:15395:23)
[ 3037237ms] ReferenceError: getFlashPeak is not defined
    at PostFX.useFrame [as current] (http://localhost:3000/_next/static/chunks/_1q8ofl-._.js?id=%255Bproject%255D/components/canvas/PostFX.jsx+%255Bapp-client%255D+(ecmascript):42:30)
    at update (http://localhost:3000/_next/static/chunks/node_modules_%40react-three_fiber_dist_events-156d8d12_esm_0wayoq8.js:15369:26)
    at loop (http://localhost:3000/_next/static/chunks/node_modules_%40react-three_fiber_dist_events-156d8d12_esm_0wayoq8.js:15395:23)
[ 3037254ms] ReferenceError: getFlashPeak is not defined
    at PostFX.useFrame [as current] (http://localhost:3000/_next/static/chunks/_1q8ofl-._.js?id=%255Bproject%255D/components/canvas/PostFX.jsx+%255Bapp-client%255D+(ecmascript):42:30)
    at update (http://localhost:3000/_next/static/chunks/node_modules_%40react-three_fiber_dist_events-156d8d12_esm_0wayoq8.js:15369:26)
    at loop (http://localhost:3000/_next/static/chunks/node_modules_%40react-three_fiber_dist_events-156d8d12_esm_0wayoq8.js:15395:23)
[ 3037270ms] ReferenceError: getFlashPeak is not defined
    at PostFX.useFrame [as current] (http://localhost:3000/_next/static/chunks/_1q8ofl-._.js?id=%255Bproject%255D/components/canvas/PostFX.jsx+%255Bapp-client%255D+(ecmascript):42:30)
    at update (http://localhost:3000/_next/static/chunks/node_modules_%40react-three_fiber_dist_events-156d8d12_esm_0wayoq8.js:15369:26)
    at loop (http://localhost:3000/_next/static/chunks/node_modules_%40react-three_fiber_dist_events-156d8d12_esm_0wayoq8.js:15395:23)
[ 3037287ms] ReferenceError: getFlashPeak is not defined
    at PostFX.useFrame [as current] (http://localhost:3000/_next/static/chunks/_1q8ofl-._.js?id=%255Bproject%255D/components/canvas/PostFX.jsx+%255Bapp-client%255D+(ecmascript):42:30)
    at update (http://localhost:3000/_next/static/chunks/node_modules_%40react-three_fiber_dist_events-156d8d12_esm_0wayoq8.js:15369:26)
    at loop (http://localhost:3000/_next/static/chunks/node_modules_%40react-three_fiber_dist_events-156d8d12_esm_0wayoq8.js:15395:23)
[ 3037304ms] ReferenceError: getFlashPeak is not defined
    at PostFX.useFrame [as current] (http://localhost:3000/_next/static/chunks/_1q8ofl-._.js?id=%255Bproject%255D/components/canvas/PostFX.jsx+%255Bapp-client%255D+(ecmascript):42:30)
    at update (http://localhost:3000/_next/static/chunks/node_modules_%40react-three_fiber_dist_events-156d8d12_esm_0wayoq8.js:15369:26)
    at loop (http://localhost:3000/_next/static/chunks/node_modules_%40react-three_fiber_dist_events-156d8d12_esm_0wayoq8.js:15395:23)
[ 3037321ms] ReferenceError: getFlashPeak is not defined
    at PostFX.useFrame [as current] (http://localhost:3000/_next/static/chunks/_1q8ofl-._.js?id=%255Bproject%255D/components/canvas/PostFX.jsx+%255Bapp-client%255D+(ecmascript):42:30)
    at update (http://localhost:3000/_next/static/chunks/node_modules_%40react-three_fiber_dist_events-156d8d12_esm_0wayoq8.js:15369:26)
    at loop (http://localhost:3000/_next/static/chunks/node_modules_%40react-three_fiber_dist_events-156d8d12_esm_0wayoq8.js:15395:23)
[ 3037337ms] ReferenceError: getFlashPeak is not defined
    at PostFX.useFrame [as current] (http://localhost:3000/_next/static/chunks/_1q8ofl-._.js?id=%255Bproject%255D/components/canvas/PostFX.jsx+%255Bapp-client%255D+(ecmascript):42:30)
    at update (http://localhost:3000/_next/static/chunks/node_modules_%40react-three_fiber_dist_events-156d8d12_esm_0wayoq8.js:15369:26)
    at loop (http://localhost:3000/_next/static/chunks/node_modules_%40react-three_fiber_dist_events-156d8d12_esm_0wayoq8.js:15395:23)
[ 3037354ms] ReferenceError: getFlashPeak is not defined
    at PostFX.useFrame [as current] (http://localhost:3000/_next/static/chunks/_1q8ofl-._.js?id=%255Bproject%255D/components/canvas/PostFX.jsx+%255Bapp-client%255D+(ecmascript):42:30)
    at update (http://localhost:3000/_next/static/chunks/node_modules_%40react-three_fiber_dist_events-156d8d12_esm_0wayoq8.js:15369:26)
    at loop (http://localhost:3000/_next/static/chunks/node_modules_%40react-three_fiber_dist_events-156d8d12_esm_0wayoq8.js:15395:23)
[ 3037370ms] ReferenceError: getFlashPeak is not defined
    at PostFX.useFrame [as current] (http://localhost:3000/_next/static/chunks/_1q8ofl-._.js?id=%255Bproject%255D/components/canvas/PostFX.jsx+%255Bapp-client%255D+(ecmascript):42:30)
    at update (http://localhost:3000/_next/static/chunks/node_modules_%40react-three_fiber_dist_events-156d8d12_esm_0wayoq8.js:15369:26)
    at loop (http://localhost:3000/_next/static/chunks/node_modules_%40react-three_fiber_dist_events-156d8d12_esm_0wayoq8.js:15395:23)
[ 3037387ms] ReferenceError: getFlashPeak is not defined
    at PostFX.useFrame [as current] (http://localhost:3000/_next/static/chunks/_1q8ofl-._.js?id=%255Bproject%255D/components/canvas/PostFX.jsx+%255Bapp-client%255D+(ecmascript):42:30)
    at update (http://localhost:3000/_next/static/chunks/node_modules_%40react-three_fiber_dist_events-156d8d12_esm_0wayoq8.js:15369:26)
    at loop (http://localhost:3000/_next/static/chunks/node_modules_%40react-three_fiber_dist_events-156d8d12_esm_0wayoq8.js:15395:23)
[ 3037404ms] ReferenceError: getFlashPeak is not defined
    at PostFX.useFrame [as current] (http://localhost:3000/_next/static/chunks/_1q8ofl-._.js?id=%255Bproject%255D/components/canvas/PostFX.jsx+%255Bapp-client%255D+(ecmascript):42:30)
    at update (http://localhost:3000/_next/static/chunks/node_modules_%40react-three_fiber_dist_events-156d8d12_esm_0wayoq8.js:15369:26)
    at loop (http://localhost:3000/_next/static/chunks/node_modules_%40react-three_fiber_dist_events-156d8d12_esm_0wayoq8.js:15395:23)
[ 3037421ms] ReferenceError: getFlashPeak is not defined
    at PostFX.useFrame [as current] (http://localhost:3000/_next/static/chunks/_1q8ofl-._.js?id=%255Bproject%255D/components/canvas/PostFX.jsx+%255Bapp-client%255D+(ecmascript):42:30)
    at update (http://localhost:3000/_next/static/chunks/node_modules_%40react-three_fiber_dist_events-156d8d12_esm_0wayoq8.js:15369:26)
    at loop (http://localhost:3000/_next/static/chunks/node_modules_%40react-three_fiber_dist_events-156d8d12_esm_0wayoq8.js:15395:23)
[ 3037437ms] ReferenceError: getFlashPeak is not defined
    at PostFX.useFrame [as current] (http://localhost:3000/_next/static/chunks/_1q8ofl-._.js?id=%255Bproject%255D/components/canvas/PostFX.jsx+%255Bapp-client%255D+(ecmascript):42:30)
    at update (http://localhost:3000/_next/static/chunks/node_modules_%40react-three_fiber_dist_events-156d8d12_esm_0wayoq8.js:15369:26)
    at loop (http://localhost:3000/_next/static/chunks/node_modules_%40react-three_fiber_dist_events-156d8d12_esm_0wayoq8.js:15395:23)
[ 3037454ms] ReferenceError: getFlashPeak is not defined
    at PostFX.useFrame [as current] (http://localhost:3000/_next/static/chunks/_1q8ofl-._.js?id=%255Bproject%255D/components/canvas/PostFX.jsx+%255Bapp-client%255D+(ecmascript):42:30)
    at update (http://localhost:3000/_next/static/chunks/node_modules_%40react-three_fiber_dist_events-156d8d12_esm_0wayoq8.js:15369:26)
    at loop (http://localhost:3000/_next/static/chunks/node_modules_%40react-three_fiber_dist_events-156d8d12_esm_0wayoq8.js:15395:23)
[ 3037471ms] ReferenceError: getFlashPeak is not defined
    at PostFX.useFrame [as current] (http://localhost:3000/_next/static/chunks/_1q8ofl-._.js?id=%255Bproject%255D/components/canvas/PostFX.jsx+%255Bapp-client%255D+(ecmascript):42:30)
    at update (http://localhost:3000/_next/static/chunks/node_modules_%40react-three_fiber_dist_events-156d8d12_esm_0wayoq8.js:15369:26)
    at loop (http://localhost:3000/_next/static/chunks/node_modules_%40react-three_fiber_dist_events-156d8d12_esm_0wayoq8.js:15395:23)
[ 3037487ms] ReferenceError: getFlashPeak is not defined
    at PostFX.useFrame [as current] (http://localhost:3000/_next/static/chunks/_1q8ofl-._.js?id=%255Bproject%255D/components/canvas/PostFX.jsx+%255Bapp-client%255D+(ecmascript):42:30)
    at update (http://localhost:3000/_next/static/chunks/node_modules_%40react-three_fiber_dist_events-156d8d12_esm_0wayoq8.js:15369:26)
    at loop (http://localhost:3000/_next/static/chunks/node_modules_%40react-three_fiber_dist_events-156d8d12_esm_0wayoq8.js:15395:23)
[ 3037504ms] ReferenceError: getFlashPeak is not defined
    at PostFX.useFrame [as current] (http://localhost:3000/_next/static/chunks/_1q8ofl-._.js?id=%255Bproject%255D/components/canvas/PostFX.jsx+%255Bapp-client%255D+(ecmascript):42:30)
    at update (http://localhost:3000/_next/static/chunks/node_modules_%40react-three_fiber_dist_events-156d8d12_esm_0wayoq8.js:15369:26)
    at loop (http://localhost:3000/_next/static/chunks/node_modules_%40react-three_fiber_dist_events-156d8d12_esm_0wayoq8.js:15395:23)
[ 3037520ms] ReferenceError: getFlashPeak is not defined
    at PostFX.useFrame [as current] (http://localhost:3000/_next/static/chunks/_1q8ofl-._.js?id=%255Bproject%255D/components/canvas/PostFX.jsx+%255Bapp-client%255D+(ecmascript):42:30)
    at update (http://localhost:3000/_next/static/chunks/node_modules_%40react-three_fiber_dist_events-156d8d12_esm_0wayoq8.js:15369:26)
    at loop (http://localhost:3000/_next/static/chunks/node_modules_%40react-three_fiber_dist_events-156d8d12_esm_0wayoq8.js:15395:23)
[ 3037537ms] ReferenceError: getFlashPeak is not defined
    at PostFX.useFrame [as current] (http://localhost:3000/_next/static/chunks/_1q8ofl-._.js?id=%255Bproject%255D/components/canvas/PostFX.jsx+%255Bapp-client%255D+(ecmascript):42:30)
    at update (http://localhost:3000/_next/static/chunks/node_modules_%40react-three_fiber_dist_events-156d8d12_esm_0wayoq8.js:15369:26)
    at loop (http://localhost:3000/_next/static/chunks/node_modules_%40react-three_fiber_dist_events-156d8d12_esm_0wayoq8.js:15395:23)
[ 3037554ms] ReferenceError: getFlashPeak is not defined
    at PostFX.useFrame [as current] (http://localhost:3000/_next/static/chunks/_1q8ofl-._.js?id=%255Bproject%255D/components/canvas/PostFX.jsx+%255Bapp-client%255D+(ecmascript):42:30)
    at update (http://localhost:3000/_next/static/chunks/node_modules_%40react-three_fiber_dist_events-156d8d12_esm_0wayoq8.js:15369:26)
    at loop (http://localhost:3000/_next/static/chunks/node_modules_%40react-three_fiber_dist_events-156d8d12_esm_0wayoq8.js:15395:23)
[ 3037570ms] ReferenceError: getFlashPeak is not defined
    at PostFX.useFrame [as current] (http://localhost:3000/_next/static/chunks/_1q8ofl-._.js?id=%255Bproject%255D/components/canvas/PostFX.jsx+%255Bapp-client%255D+(ecmascript):42:30)
    at update (http://localhost:3000/_next/static/chunks/node_modules_%40react-three_fiber_dist_events-156d8d12_esm_0wayoq8.js:15369:26)
    at loop (http://localhost:3000/_next/static/chunks/node_modules_%40react-three_fiber_dist_events-156d8d12_esm_0wayoq8.js:15395:23)
[ 3037587ms] ReferenceError: getFlashPeak is not defined
    at PostFX.useFrame [as current] (http://localhost:3000/_next/static/chunks/_1q8ofl-._.js?id=%255Bproject%255D/components/canvas/PostFX.jsx+%255Bapp-client%255D+(ecmascript):42:30)
    at update (http://localhost:3000/_next/static/chunks/node_modules_%40react-three_fiber_dist_events-156d8d12_esm_0wayoq8.js:15369:26)
    at loop (http://localhost:3000/_next/static/chunks/node_modules_%40react-three_fiber_dist_events-156d8d12_esm_0wayoq8.js:15395:23)
[ 3037604ms] ReferenceError: getFlashPeak is not defined
    at PostFX.useFrame [as current] (http://localhost:3000/_next/static/chunks/_1q8ofl-._.js?id=%255Bproject%255D/components/canvas/PostFX.jsx+%255Bapp-client%255D+(ecmascript):42:30)
    at update (http://localhost:3000/_next/static/chunks/node_modules_%40react-three_fiber_dist_events-156d8d12_esm_0wayoq8.js:15369:26)
    at loop (http://localhost:3000/_next/static/chunks/node_modules_%40react-three_fiber_dist_events-156d8d12_esm_0wayoq8.js:15395:23)
[ 3037621ms] ReferenceError: getFlashPeak is not defined
    at PostFX.useFrame [as current] (http://localhost:3000/_next/static/chunks/_1q8ofl-._.js?id=%255Bproject%255D/components/canvas/PostFX.jsx+%255Bapp-client%255D+(ecmascript):42:30)
    at update (http://localhost:3000/_next/static/chunks/node_modules_%40react-three_fiber_dist_events-156d8d12_esm_0wayoq8.js:15369:26)
    at loop (http://localhost:3000/_next/static/chunks/node_modules_%40react-three_fiber_dist_events-156d8d12_esm_0wayoq8.js:15395:23)
[ 3037637ms] ReferenceError: getFlashPeak is not defined
    at PostFX.useFrame [as current] (http://localhost:3000/_next/static/chunks/_1q8ofl-._.js?id=%255Bproject%255D/components/canvas/PostFX.jsx+%255Bapp-client%255D+(ecmascript):42:30)
    at update (http://localhost:3000/_next/static/chunks/node_modules_%40react-three_fiber_dist_events-156d8d12_esm_0wayoq8.js:15369:26)
    at loop (http://localhost:3000/_next/static/chunks/node_modules_%40react-three_fiber_dist_events-156d8d12_esm_0wayoq8.js:15395:23)
[ 3037654ms] ReferenceError: getFlashPeak is not defined
    at PostFX.useFrame [as current] (http://localhost:3000/_next/static/chunks/_1q8ofl-._.js?id=%255Bproject%255D/components/canvas/PostFX.jsx+%255Bapp-client%255D+(ecmascript):42:30)
    at update (http://localhost:3000/_next/static/chunks/node_modules_%40react-three_fiber_dist_events-156d8d12_esm_0wayoq8.js:15369:26)
    at loop (http://localhost:3000/_next/static/chunks/node_modules_%40react-three_fiber_dist_events-156d8d12_esm_0wayoq8.js:15395:23)
[ 3037671ms] ReferenceError: getFlashPeak is not defined
    at PostFX.useFrame [as current] (http://localhost:3000/_next/static/chunks/_1q8ofl-._.js?id=%255Bproject%255D/components/canvas/PostFX.jsx+%255Bapp-client%255D+(ecmascript):42:30)
    at update (http://localhost:3000/_next/static/chunks/node_modules_%40react-three_fiber_dist_events-156d8d12_esm_0wayoq8.js:15369:26)
    at loop (http://localhost:3000/_next/static/chunks/node_modules_%40react-three_fiber_dist_events-156d8d12_esm_0wayoq8.js:15395:23)
[ 3037687ms] ReferenceError: getFlashPeak is not defined
    at PostFX.useFrame [as current] (http://localhost:3000/_next/static/chunks/_1q8ofl-._.js?id=%255Bproject%255D/components/canvas/PostFX.jsx+%255Bapp-client%255D+(ecmascript):42:30)
    at update (http://localhost:3000/_next/static/chunks/node_modules_%40react-three_fiber_dist_events-156d8d12_esm_0wayoq8.js:15369:26)
    at loop (http://localhost:3000/_next/static/chunks/node_modules_%40react-three_fiber_dist_events-156d8d12_esm_0wayoq8.js:15395:23)
[ 3037704ms] ReferenceError: getFlashPeak is not defined
    at PostFX.useFrame [as current] (http://localhost:3000/_next/static/chunks/_1q8ofl-._.js?id=%255Bproject%255D/components/canvas/PostFX.jsx+%255Bapp-client%255D+(ecmascript):42:30)
    at update (http://localhost:3000/_next/static/chunks/node_modules_%40react-three_fiber_dist_events-156d8d12_esm_0wayoq8.js:15369:26)
    at loop (http://localhost:3000/_next/static/chunks/node_modules_%40react-three_fiber_dist_events-156d8d12_esm_0wayoq8.js:15395:23)
[ 3037720ms] ReferenceError: getFlashPeak is not defined
    at PostFX.useFrame [as current] (http://localhost:3000/_next/static/chunks/_1q8ofl-._.js?id=%255Bproject%255D/components/canvas/PostFX.jsx+%255Bapp-client%255D+(ecmascript):42:30)
    at update (http://localhost:3000/_next/static/chunks/node_modules_%40react-three_fiber_dist_events-156d8d12_esm_0wayoq8.js:15369:26)
    at loop (http://localhost:3000/_next/static/chunks/node_modules_%40react-three_fiber_dist_events-156d8d12_esm_0wayoq8.js:15395:23)
[ 3037737ms] ReferenceError: getFlashPeak is not defined
    at PostFX.useFrame [as current] (http://localhost:3000/_next/static/chunks/_1q8ofl-._.js?id=%255Bproject%255D/components/canvas/PostFX.jsx+%255Bapp-client%255D+(ecmascript):42:30)
    at update (http://localhost:3000/_next/static/chunks/node_modules_%40react-three_fiber_dist_events-156d8d12_esm_0wayoq8.js:15369:26)
    at loop (http://localhost:3000/_next/static/chunks/node_modules_%40react-three_fiber_dist_events-156d8d12_esm_0wayoq8.js:15395:23)
[ 3037754ms] ReferenceError: getFlashPeak is not defined
    at PostFX.useFrame [as current] (http://localhost:3000/_next/static/chunks/_1q8ofl-._.js?id=%255Bproject%255D/components/canvas/PostFX.jsx+%255Bapp-client%255D+(ecmascript):42:30)
    at update (http://localhost:3000/_next/static/chunks/node_modules_%40react-three_fiber_dist_events-156d8d12_esm_0wayoq8.js:15369:26)
    at loop (http://localhost:3000/_next/static/chunks/node_modules_%40react-three_fiber_dist_events-156d8d12_esm_0wayoq8.js:15395:23)
[ 3037770ms] ReferenceError: getFlashPeak is not defined
    at PostFX.useFrame [as current] (http://localhost:3000/_next/static/chunks/_1q8ofl-._.js?id=%255Bproject%255D/components/canvas/PostFX.jsx+%255Bapp-client%255D+(ecmascript):42:30)
    at update (http://localhost:3000/_next/static/chunks/node_modules_%40react-three_fiber_dist_events-156d8d12_esm_0wayoq8.js:15369:26)
    at loop (http://localhost:3000/_next/static/chunks/node_modules_%40react-three_fiber_dist_events-156d8d12_esm_0wayoq8.js:15395:23)
[ 3037787ms] ReferenceError: getFlashPeak is not defined
    at PostFX.useFrame [as current] (http://localhost:3000/_next/static/chunks/_1q8ofl-._.js?id=%255Bproject%255D/components/canvas/PostFX.jsx+%255Bapp-client%255D+(ecmascript):42:30)
    at update (http://localhost:3000/_next/static/chunks/node_modules_%40react-three_fiber_dist_events-156d8d12_esm_0wayoq8.js:15369:26)
    at loop (http://localhost:3000/_next/static/chunks/node_modules_%40react-three_fiber_dist_events-156d8d12_esm_0wayoq8.js:15395:23)
[ 3037804ms] ReferenceError: getFlashPeak is not defined
    at PostFX.useFrame [as current] (http://localhost:3000/_next/static/chunks/_1q8ofl-._.js?id=%255Bproject%255D/components/canvas/PostFX.jsx+%255Bapp-client%255D+(ecmascript):42:30)
    at update (http://localhost:3000/_next/static/chunks/node_modules_%40react-three_fiber_dist_events-156d8d12_esm_0wayoq8.js:15369:26)
    at loop (http://localhost:3000/_next/static/chunks/node_modules_%40react-three_fiber_dist_events-156d8d12_esm_0wayoq8.js:15395:23)
[ 3037821ms] ReferenceError: getFlashPeak is not defined
    at PostFX.useFrame [as current] (http://localhost:3000/_next/static/chunks/_1q8ofl-._.js?id=%255Bproject%255D/components/canvas/PostFX.jsx+%255Bapp-client%255D+(ecmascript):42:30)
    at update (http://localhost:3000/_next/static/chunks/node_modules_%40react-three_fiber_dist_events-156d8d12_esm_0wayoq8.js:15369:26)
    at loop (http://localhost:3000/_next/static/chunks/node_modules_%40react-three_fiber_dist_events-156d8d12_esm_0wayoq8.js:15395:23)
[ 3037837ms] ReferenceError: getFlashPeak is not defined
    at PostFX.useFrame [as current] (http://localhost:3000/_next/static/chunks/_1q8ofl-._.js?id=%255Bproject%255D/components/canvas/PostFX.jsx+%255Bapp-client%255D+(ecmascript):42:30)
    at update (http://localhost:3000/_next/static/chunks/node_modules_%40react-three_fiber_dist_events-156d8d12_esm_0wayoq8.js:15369:26)
    at loop (http://localhost:3000/_next/static/chunks/node_modules_%40react-three_fiber_dist_events-156d8d12_esm_0wayoq8.js:15395:23)
[ 3037854ms] ReferenceError: getFlashPeak is not defined
    at PostFX.useFrame [as current] (http://localhost:3000/_next/static/chunks/_1q8ofl-._.js?id=%255Bproject%255D/components/canvas/PostFX.jsx+%255Bapp-client%255D+(ecmascript):42:30)
    at update (http://localhost:3000/_next/static/chunks/node_modules_%40react-three_fiber_dist_events-156d8d12_esm_0wayoq8.js:15369:26)
    at loop (http://localhost:3000/_next/static/chunks/node_modules_%40react-three_fiber_dist_events-156d8d12_esm_0wayoq8.js:15395:23)
[ 3037870ms] ReferenceError: getFlashPeak is not defined
    at PostFX.useFrame [as current] (http://localhost:3000/_next/static/chunks/_1q8ofl-._.js?id=%255Bproject%255D/components/canvas/PostFX.jsx+%255Bapp-client%255D+(ecmascript):42:30)
    at update (http://localhost:3000/_next/static/chunks/node_modules_%40react-three_fiber_dist_events-156d8d12_esm_0wayoq8.js:15369:26)
    at loop (http://localhost:3000/_next/static/chunks/node_modules_%40react-three_fiber_dist_events-156d8d12_esm_0wayoq8.js:15395:23)
[ 3037887ms] ReferenceError: getFlashPeak is not defined
    at PostFX.useFrame [as current] (http://localhost:3000/_next/static/chunks/_1q8ofl-._.js?id=%255Bproject%255D/components/canvas/PostFX.jsx+%255Bapp-client%255D+(ecmascript):42:30)
    at update (http://localhost:3000/_next/static/chunks/node_modules_%40react-three_fiber_dist_events-156d8d12_esm_0wayoq8.js:15369:26)
    at loop (http://localhost:3000/_next/static/chunks/node_modules_%40react-three_fiber_dist_events-156d8d12_esm_0wayoq8.js:15395:23)
[ 3037904ms] ReferenceError: getFlashPeak is not defined
    at PostFX.useFrame [as current] (http://localhost:3000/_next/static/chunks/_1q8ofl-._.js?id=%255Bproject%255D/components/canvas/PostFX.jsx+%255Bapp-client%255D+(ecmascript):42:30)
    at update (http://localhost:3000/_next/static/chunks/node_modules_%40react-three_fiber_dist_events-156d8d12_esm_0wayoq8.js:15369:26)
    at loop (http://localhost:3000/_next/static/chunks/node_modules_%40react-three_fiber_dist_events-156d8d12_esm_0wayoq8.js:15395:23)
[ 3037921ms] ReferenceError: getFlashPeak is not defined
    at PostFX.useFrame [as current] (http://localhost:3000/_next/static/chunks/_1q8ofl-._.js?id=%255Bproject%255D/components/canvas/PostFX.jsx+%255Bapp-client%255D+(ecmascript):42:30)
    at update (http://localhost:3000/_next/static/chunks/node_modules_%40react-three_fiber_dist_events-156d8d12_esm_0wayoq8.js:15369:26)
    at loop (http://localhost:3000/_next/static/chunks/node_modules_%40react-three_fiber_dist_events-156d8d12_esm_0wayoq8.js:15395:23)
[ 3037937ms] ReferenceError: getFlashPeak is not defined
    at PostFX.useFrame [as current] (http://localhost:3000/_next/static/chunks/_1q8ofl-._.js?id=%255Bproject%255D/components/canvas/PostFX.jsx+%255Bapp-client%255D+(ecmascript):42:30)
    at update (http://localhost:3000/_next/static/chunks/node_modules_%40react-three_fiber_dist_events-156d8d12_esm_0wayoq8.js:15369:26)
    at loop (http://localhost:3000/_next/static/chunks/node_modules_%40react-three_fiber_dist_events-156d8d12_esm_0wayoq8.js:15395:23)
[ 3037954ms] ReferenceError: getFlashPeak is not defined
    at PostFX.useFrame [as current] (http://localhost:3000/_next/static/chunks/_1q8ofl-._.js?id=%255Bproject%255D/components/canvas/PostFX.jsx+%255Bapp-client%255D+(ecmascript):42:30)
    at update (http://localhost:3000/_next/static/chunks/node_modules_%40react-three_fiber_dist_events-156d8d12_esm_0wayoq8.js:15369:26)
    at loop (http://localhost:3000/_next/static/chunks/node_modules_%40react-three_fiber_dist_events-156d8d12_esm_0wayoq8.js:15395:23)
[ 3037971ms] ReferenceError: getFlashPeak is not defined
    at PostFX.useFrame [as current] (http://localhost:3000/_next/static/chunks/_1q8ofl-._.js?id=%255Bproject%255D/components/canvas/PostFX.jsx+%255Bapp-client%255D+(ecmascript):42:30)
    at update (http://localhost:3000/_next/static/chunks/node_modules_%40react-three_fiber_dist_events-156d8d12_esm_0wayoq8.js:15369:26)
    at loop (http://localhost:3000/_next/static/chunks/node_modules_%40react-three_fiber_dist_events-156d8d12_esm_0wayoq8.js:15395:23)
[ 3037987ms] ReferenceError: getFlashPeak is not defined
    at PostFX.useFrame [as current] (http://localhost:3000/_next/static/chunks/_1q8ofl-._.js?id=%255Bproject%255D/components/canvas/PostFX.jsx+%255Bapp-client%255D+(ecmascript):42:30)
    at update (http://localhost:3000/_next/static/chunks/node_modules_%40react-three_fiber_dist_events-156d8d12_esm_0wayoq8.js:15369:26)
    at loop (http://localhost:3000/_next/static/chunks/node_modules_%40react-three_fiber_dist_events-156d8d12_esm_0wayoq8.js:15395:23)
[ 3038023ms] ReferenceError: getFlashPeak is not defined
    at PostFX.useFrame [as current] (http://localhost:3000/_next/static/chunks/_1q8ofl-._.js?id=%255Bproject%255D/components/canvas/PostFX.jsx+%255Bapp-client%255D+(ecmascript):42:30)
    at update (http://localhost:3000/_next/static/chunks/node_modules_%40react-three_fiber_dist_events-156d8d12_esm_0wayoq8.js:15369:26)
    at loop (http://localhost:3000/_next/static/chunks/node_modules_%40react-three_fiber_dist_events-156d8d12_esm_0wayoq8.js:15395:23)
[ 3038024ms] ReferenceError: getFlashPeak is not defined
    at PostFX.useFrame [as current] (http://localhost:3000/_next/static/chunks/_1q8ofl-._.js?id=%255Bproject%255D/components/canvas/PostFX.jsx+%255Bapp-client%255D+(ecmascript):42:30)
    at update (http://localhost:3000/_next/static/chunks/node_modules_%40react-three_fiber_dist_events-156d8d12_esm_0wayoq8.js:15369:26)
    at loop (http://localhost:3000/_next/static/chunks/node_modules_%40react-three_fiber_dist_events-156d8d12_esm_0wayoq8.js:15395:23)
[ 3038037ms] ReferenceError: getFlashPeak is not defined
    at PostFX.useFrame [as current] (http://localhost:3000/_next/static/chunks/_1q8ofl-._.js?id=%255Bproject%255D/components/canvas/PostFX.jsx+%255Bapp-client%255D+(ecmascript):42:30)
    at update (http://localhost:3000/_next/static/chunks/node_modules_%40react-three_fiber_dist_events-156d8d12_esm_0wayoq8.js:15369:26)
    at loop (http://localhost:3000/_next/static/chunks/node_modules_%40react-three_fiber_dist_events-156d8d12_esm_0wayoq8.js:15395:23)
[ 3038054ms] ReferenceError: getFlashPeak is not defined
    at PostFX.useFrame [as current] (http://localhost:3000/_next/static/chunks/_1q8ofl-._.js?id=%255Bproject%255D/components/canvas/PostFX.jsx+%255Bapp-client%255D+(ecmascript):42:30)
    at update (http://localhost:3000/_next/static/chunks/node_modules_%40react-three_fiber_dist_events-156d8d12_esm_0wayoq8.js:15369:26)
    at loop (http://localhost:3000/_next/static/chunks/node_modules_%40react-three_fiber_dist_events-156d8d12_esm_0wayoq8.js:15395:23)
[ 3038071ms] ReferenceError: getFlashPeak is not defined
    at PostFX.useFrame [as current] (http://localhost:3000/_next/static/chunks/_1q8ofl-._.js?id=%255Bproject%255D/components/canvas/PostFX.jsx+%255Bapp-client%255D+(ecmascript):42:30)
    at update (http://localhost:3000/_next/static/chunks/node_modules_%40react-three_fiber_dist_events-156d8d12_esm_0wayoq8.js:15369:26)
    at loop (http://localhost:3000/_next/static/chunks/node_modules_%40react-three_fiber_dist_events-156d8d12_esm_0wayoq8.js:15395:23)
[ 3038087ms] ReferenceError: getFlashPeak is not defined
    at PostFX.useFrame [as current] (http://localhost:3000/_next/static/chunks/_1q8ofl-._.js?id=%255Bproject%255D/components/canvas/PostFX.jsx+%255Bapp-client%255D+(ecmascript):42:30)
    at update (http://localhost:3000/_next/static/chunks/node_modules_%40react-three_fiber_dist_events-156d8d12_esm_0wayoq8.js:15369:26)
    at loop (http://localhost:3000/_next/static/chunks/node_modules_%40react-three_fiber_dist_events-156d8d12_esm_0wayoq8.js:15395:23)
[ 3038104ms] ReferenceError: getFlashPeak is not defined
    at PostFX.useFrame [as current] (http://localhost:3000/_next/static/chunks/_1q8ofl-._.js?id=%255Bproject%255D/components/canvas/PostFX.jsx+%255Bapp-client%255D+(ecmascript):42:30)
    at update (http://localhost:3000/_next/static/chunks/node_modules_%40react-three_fiber_dist_events-156d8d12_esm_0wayoq8.js:15369:26)
    at loop (http://localhost:3000/_next/static/chunks/node_modules_%40react-three_fiber_dist_events-156d8d12_esm_0wayoq8.js:15395:23)
[ 3038121ms] ReferenceError: getFlashPeak is not defined
    at PostFX.useFrame [as current] (http://localhost:3000/_next/static/chunks/_1q8ofl-._.js?id=%255Bproject%255D/components/canvas/PostFX.jsx+%255Bapp-client%255D+(ecmascript):42:30)
    at update (http://localhost:3000/_next/static/chunks/node_modules_%40react-three_fiber_dist_events-156d8d12_esm_0wayoq8.js:15369:26)
    at loop (http://localhost:3000/_next/static/chunks/node_modules_%40react-three_fiber_dist_events-156d8d12_esm_0wayoq8.js:15395:23)
[ 3038137ms] ReferenceError: getFlashPeak is not defined
    at PostFX.useFrame [as current] (http://localhost:3000/_next/static/chunks/_1q8ofl-._.js?id=%255Bproject%255D/components/canvas/PostFX.jsx+%255Bapp-client%255D+(ecmascript):42:30)
    at update (http://localhost:3000/_next/static/chunks/node_modules_%40react-three_fiber_dist_events-156d8d12_esm_0wayoq8.js:15369:26)
    at loop (http://localhost:3000/_next/static/chunks/node_modules_%40react-three_fiber_dist_events-156d8d12_esm_0wayoq8.js:15395:23)
[ 3038154ms] ReferenceError: getFlashPeak is not defined
    at PostFX.useFrame [as current] (http://localhost:3000/_next/static/chunks/_1q8ofl-._.js?id=%255Bproject%255D/components/canvas/PostFX.jsx+%255Bapp-client%255D+(ecmascript):42:30)
    at update (http://localhost:3000/_next/static/chunks/node_modules_%40react-three_fiber_dist_events-156d8d12_esm_0wayoq8.js:15369:26)
    at loop (http://localhost:3000/_next/static/chunks/node_modules_%40react-three_fiber_dist_events-156d8d12_esm_0wayoq8.js:15395:23)
[ 3038171ms] ReferenceError: getFlashPeak is not defined
    at PostFX.useFrame [as current] (http://localhost:3000/_next/static/chunks/_1q8ofl-._.js?id=%255Bproject%255D/components/canvas/PostFX.jsx+%255Bapp-client%255D+(ecmascript):42:30)
    at update (http://localhost:3000/_next/static/chunks/node_modules_%40react-three_fiber_dist_events-156d8d12_esm_0wayoq8.js:15369:26)
    at loop (http://localhost:3000/_next/static/chunks/node_modules_%40react-three_fiber_dist_events-156d8d12_esm_0wayoq8.js:15395:23)
[ 3038187ms] ReferenceError: getFlashPeak is not defined
    at PostFX.useFrame [as current] (http://localhost:3000/_next/static/chunks/_1q8ofl-._.js?id=%255Bproject%255D/components/canvas/PostFX.jsx+%255Bapp-client%255D+(ecmascript):42:30)
    at update (http://localhost:3000/_next/static/chunks/node_modules_%40react-three_fiber_dist_events-156d8d12_esm_0wayoq8.js:15369:26)
    at loop (http://localhost:3000/_next/static/chunks/node_modules_%40react-three_fiber_dist_events-156d8d12_esm_0wayoq8.js:15395:23)
[ 3038204ms] ReferenceError: getFlashPeak is not defined
    at PostFX.useFrame [as current] (http://localhost:3000/_next/static/chunks/_1q8ofl-._.js?id=%255Bproject%255D/components/canvas/PostFX.jsx+%255Bapp-client%255D+(ecmascript):42:30)
    at update (http://localhost:3000/_next/static/chunks/node_modules_%40react-three_fiber_dist_events-156d8d12_esm_0wayoq8.js:15369:26)
    at loop (http://localhost:3000/_next/static/chunks/node_modules_%40react-three_fiber_dist_events-156d8d12_esm_0wayoq8.js:15395:23)
[ 3038220ms] ReferenceError: getFlashPeak is not defined
    at PostFX.useFrame [as current] (http://localhost:3000/_next/static/chunks/_1q8ofl-._.js?id=%255Bproject%255D/components/canvas/PostFX.jsx+%255Bapp-client%255D+(ecmascript):42:30)
    at update (http://localhost:3000/_next/static/chunks/node_modules_%40react-three_fiber_dist_events-156d8d12_esm_0wayoq8.js:15369:26)
    at loop (http://localhost:3000/_next/static/chunks/node_modules_%40react-three_fiber_dist_events-156d8d12_esm_0wayoq8.js:15395:23)
[ 3038237ms] ReferenceError: getFlashPeak is not defined
    at PostFX.useFrame [as current] (http://localhost:3000/_next/static/chunks/_1q8ofl-._.js?id=%255Bproject%255D/components/canvas/PostFX.jsx+%255Bapp-client%255D+(ecmascript):42:30)
    at update (http://localhost:3000/_next/static/chunks/node_modules_%40react-three_fiber_dist_events-156d8d12_esm_0wayoq8.js:15369:26)
    at loop (http://localhost:3000/_next/static/chunks/node_modules_%40react-three_fiber_dist_events-156d8d12_esm_0wayoq8.js:15395:23)
[ 3038254ms] ReferenceError: getFlashPeak is not defined
    at PostFX.useFrame [as current] (http://localhost:3000/_next/static/chunks/_1q8ofl-._.js?id=%255Bproject%255D/components/canvas/PostFX.jsx+%255Bapp-client%255D+(ecmascript):42:30)
    at update (http://localhost:3000/_next/static/chunks/node_modules_%40react-three_fiber_dist_events-156d8d12_esm_0wayoq8.js:15369:26)
    at loop (http://localhost:3000/_next/static/chunks/node_modules_%40react-three_fiber_dist_events-156d8d12_esm_0wayoq8.js:15395:23)
[ 3038271ms] ReferenceError: getFlashPeak is not defined
    at PostFX.useFrame [as current] (http://localhost:3000/_next/static/chunks/_1q8ofl-._.js?id=%255Bproject%255D/components/canvas/PostFX.jsx+%255Bapp-client%255D+(ecmascript):42:30)
    at update (http://localhost:3000/_next/static/chunks/node_modules_%40react-three_fiber_dist_events-156d8d12_esm_0wayoq8.js:15369:26)
    at loop (http://localhost:3000/_next/static/chunks/node_modules_%40react-three_fiber_dist_events-156d8d12_esm_0wayoq8.js:15395:23)
[ 3038287ms] ReferenceError: getFlashPeak is not defined
    at PostFX.useFrame [as current] (http://localhost:3000/_next/static/chunks/_1q8ofl-._.js?id=%255Bproject%255D/components/canvas/PostFX.jsx+%255Bapp-client%255D+(ecmascript):42:30)
    at update (http://localhost:3000/_next/static/chunks/node_modules_%40react-three_fiber_dist_events-156d8d12_esm_0wayoq8.js:15369:26)
    at loop (http://localhost:3000/_next/static/chunks/node_modules_%40react-three_fiber_dist_events-156d8d12_esm_0wayoq8.js:15395:23)
[ 3038304ms] ReferenceError: getFlashPeak is not defined
    at PostFX.useFrame [as current] (http://localhost:3000/_next/static/chunks/_1q8ofl-._.js?id=%255Bproject%255D/components/canvas/PostFX.jsx+%255Bapp-client%255D+(ecmascript):42:30)
    at update (http://localhost:3000/_next/static/chunks/node_modules_%40react-three_fiber_dist_events-156d8d12_esm_0wayoq8.js:15369:26)
    at loop (http://localhost:3000/_next/static/chunks/node_modules_%40react-three_fiber_dist_events-156d8d12_esm_0wayoq8.js:15395:23)
[ 3038321ms] ReferenceError: getFlashPeak is not defined
    at PostFX.useFrame [as current] (http://localhost:3000/_next/static/chunks/_1q8ofl-._.js?id=%255Bproject%255D/components/canvas/PostFX.jsx+%255Bapp-client%255D+(ecmascript):42:30)
    at update (http://localhost:3000/_next/static/chunks/node_modules_%40react-three_fiber_dist_events-156d8d12_esm_0wayoq8.js:15369:26)
    at loop (http://localhost:3000/_next/static/chunks/node_modules_%40react-three_fiber_dist_events-156d8d12_esm_0wayoq8.js:15395:23)
[ 3038338ms] ReferenceError: getFlashPeak is not defined
    at PostFX.useFrame [as current] (http://localhost:3000/_next/static/chunks/_1q8ofl-._.js?id=%255Bproject%255D/components/canvas/PostFX.jsx+%255Bapp-client%255D+(ecmascript):42:30)
    at update (http://localhost:3000/_next/static/chunks/node_modules_%40react-three_fiber_dist_events-156d8d12_esm_0wayoq8.js:15369:26)
    at loop (http://localhost:3000/_next/static/chunks/node_modules_%40react-three_fiber_dist_events-156d8d12_esm_0wayoq8.js:15395:23)
[ 3038354ms] ReferenceError: getFlashPeak is not defined
    at PostFX.useFrame [as current] (http://localhost:3000/_next/static/chunks/_1q8ofl-._.js?id=%255Bproject%255D/components/canvas/PostFX.jsx+%255Bapp-client%255D+(ecmascript):42:30)
    at update (http://localhost:3000/_next/static/chunks/node_modules_%40react-three_fiber_dist_events-156d8d12_esm_0wayoq8.js:15369:26)
    at loop (http://localhost:3000/_next/static/chunks/node_modules_%40react-three_fiber_dist_events-156d8d12_esm_0wayoq8.js:15395:23)
[ 3038370ms] ReferenceError: getFlashPeak is not defined
    at PostFX.useFrame [as current] (http://localhost:3000/_next/static/chunks/_1q8ofl-._.js?id=%255Bproject%255D/components/canvas/PostFX.jsx+%255Bapp-client%255D+(ecmascript):42:30)
    at update (http://localhost:3000/_next/static/chunks/node_modules_%40react-three_fiber_dist_events-156d8d12_esm_0wayoq8.js:15369:26)
    at loop (http://localhost:3000/_next/static/chunks/node_modules_%40react-three_fiber_dist_events-156d8d12_esm_0wayoq8.js:15395:23)
[ 3038387ms] ReferenceError: getFlashPeak is not defined
    at PostFX.useFrame [as current] (http://localhost:3000/_next/static/chunks/_1q8ofl-._.js?id=%255Bproject%255D/components/canvas/PostFX.jsx+%255Bapp-client%255D+(ecmascript):42:30)
    at update (http://localhost:3000/_next/static/chunks/node_modules_%40react-three_fiber_dist_events-156d8d12_esm_0wayoq8.js:15369:26)
    at loop (http://localhost:3000/_next/static/chunks/node_modules_%40react-three_fiber_dist_events-156d8d12_esm_0wayoq8.js:15395:23)
[ 3038404ms] ReferenceError: getFlashPeak is not defined
    at PostFX.useFrame [as current] (http://localhost:3000/_next/static/chunks/_1q8ofl-._.js?id=%255Bproject%255D/components/canvas/PostFX.jsx+%255Bapp-client%255D+(ecmascript):42:30)
    at update (http://localhost:3000/_next/static/chunks/node_modules_%40react-three_fiber_dist_events-156d8d12_esm_0wayoq8.js:15369:26)
    at loop (http://localhost:3000/_next/static/chunks/node_modules_%40react-three_fiber_dist_events-156d8d12_esm_0wayoq8.js:15395:23)
[ 3038420ms] ReferenceError: getFlashPeak is not defined
    at PostFX.useFrame [as current] (http://localhost:3000/_next/static/chunks/_1q8ofl-._.js?id=%255Bproject%255D/components/canvas/PostFX.jsx+%255Bapp-client%255D+(ecmascript):42:30)
    at update (http://localhost:3000/_next/static/chunks/node_modules_%40react-three_fiber_dist_events-156d8d12_esm_0wayoq8.js:15369:26)
    at loop (http://localhost:3000/_next/static/chunks/node_modules_%40react-three_fiber_dist_events-156d8d12_esm_0wayoq8.js:15395:23)
[ 3038437ms] ReferenceError: getFlashPeak is not defined
    at PostFX.useFrame [as current] (http://localhost:3000/_next/static/chunks/_1q8ofl-._.js?id=%255Bproject%255D/components/canvas/PostFX.jsx+%255Bapp-client%255D+(ecmascript):42:30)
    at update (http://localhost:3000/_next/static/chunks/node_modules_%40react-three_fiber_dist_events-156d8d12_esm_0wayoq8.js:15369:26)
    at loop (http://localhost:3000/_next/static/chunks/node_modules_%40react-three_fiber_dist_events-156d8d12_esm_0wayoq8.js:15395:23)
[ 3038454ms] ReferenceError: getFlashPeak is not defined
    at PostFX.useFrame [as current] (http://localhost:3000/_next/static/chunks/_1q8ofl-._.js?id=%255Bproject%255D/components/canvas/PostFX.jsx+%255Bapp-client%255D+(ecmascript):42:30)
    at update (http://localhost:3000/_next/static/chunks/node_modules_%40react-three_fiber_dist_events-156d8d12_esm_0wayoq8.js:15369:26)
    at loop (http://localhost:3000/_next/static/chunks/node_modules_%40react-three_fiber_dist_events-156d8d12_esm_0wayoq8.js:15395:23)
[ 3038470ms] ReferenceError: getFlashPeak is not defined
    at PostFX.useFrame [as current] (http://localhost:3000/_next/static/chunks/_1q8ofl-._.js?id=%255Bproject%255D/components/canvas/PostFX.jsx+%255Bapp-client%255D+(ecmascript):42:30)
    at update (http://localhost:3000/_next/static/chunks/node_modules_%40react-three_fiber_dist_events-156d8d12_esm_0wayoq8.js:15369:26)
    at loop (http://localhost:3000/_next/static/chunks/node_modules_%40react-three_fiber_dist_events-156d8d12_esm_0wayoq8.js:15395:23)
[ 3038487ms] ReferenceError: getFlashPeak is not defined
    at PostFX.useFrame [as current] (http://localhost:3000/_next/static/chunks/_1q8ofl-._.js?id=%255Bproject%255D/components/canvas/PostFX.jsx+%255Bapp-client%255D+(ecmascript):42:30)
    at update (http://localhost:3000/_next/static/chunks/node_modules_%40react-three_fiber_dist_events-156d8d12_esm_0wayoq8.js:15369:26)
    at loop (http://localhost:3000/_next/static/chunks/node_modules_%40react-three_fiber_dist_events-156d8d12_esm_0wayoq8.js:15395:23)
[ 3038504ms] ReferenceError: getFlashPeak is not defined
    at PostFX.useFrame [as current] (http://localhost:3000/_next/static/chunks/_1q8ofl-._.js?id=%255Bproject%255D/components/canvas/PostFX.jsx+%255Bapp-client%255D+(ecmascript):42:30)
    at update (http://localhost:3000/_next/static/chunks/node_modules_%40react-three_fiber_dist_events-156d8d12_esm_0wayoq8.js:15369:26)
    at loop (http://localhost:3000/_next/static/chunks/node_modules_%40react-three_fiber_dist_events-156d8d12_esm_0wayoq8.js:15395:23)
[ 3038520ms] ReferenceError: getFlashPeak is not defined
    at PostFX.useFrame [as current] (http://localhost:3000/_next/static/chunks/_1q8ofl-._.js?id=%255Bproject%255D/components/canvas/PostFX.jsx+%255Bapp-client%255D+(ecmascript):42:30)
    at update (http://localhost:3000/_next/static/chunks/node_modules_%40react-three_fiber_dist_events-156d8d12_esm_0wayoq8.js:15369:26)
    at loop (http://localhost:3000/_next/static/chunks/node_modules_%40react-three_fiber_dist_events-156d8d12_esm_0wayoq8.js:15395:23)
[ 3038537ms] ReferenceError: getFlashPeak is not defined
    at PostFX.useFrame [as current] (http://localhost:3000/_next/static/chunks/_1q8ofl-._.js?id=%255Bproject%255D/components/canvas/PostFX.jsx+%255Bapp-client%255D+(ecmascript):42:30)
    at update (http://localhost:3000/_next/static/chunks/node_modules_%40react-three_fiber_dist_events-156d8d12_esm_0wayoq8.js:15369:26)
    at loop (http://localhost:3000/_next/static/chunks/node_modules_%40react-three_fiber_dist_events-156d8d12_esm_0wayoq8.js:15395:23)
[ 3038554ms] ReferenceError: getFlashPeak is not defined
    at PostFX.useFrame [as current] (http://localhost:3000/_next/static/chunks/_1q8ofl-._.js?id=%255Bproject%255D/components/canvas/PostFX.jsx+%255Bapp-client%255D+(ecmascript):42:30)
    at update (http://localhost:3000/_next/static/chunks/node_modules_%40react-three_fiber_dist_events-156d8d12_esm_0wayoq8.js:15369:26)
    at loop (http://localhost:3000/_next/static/chunks/node_modules_%40react-three_fiber_dist_events-156d8d12_esm_0wayoq8.js:15395:23)
[ 3038570ms] ReferenceError: getFlashPeak is not defined
    at PostFX.useFrame [as current] (http://localhost:3000/_next/static/chunks/_1q8ofl-._.js?id=%255Bproject%255D/components/canvas/PostFX.jsx+%255Bapp-client%255D+(ecmascript):42:30)
    at update (http://localhost:3000/_next/static/chunks/node_modules_%40react-three_fiber_dist_events-156d8d12_esm_0wayoq8.js:15369:26)
    at loop (http://localhost:3000/_next/static/chunks/node_modules_%40react-three_fiber_dist_events-156d8d12_esm_0wayoq8.js:15395:23)
[ 3038587ms] ReferenceError: getFlashPeak is not defined
    at PostFX.useFrame [as current] (http://localhost:3000/_next/static/chunks/_1q8ofl-._.js?id=%255Bproject%255D/components/canvas/PostFX.jsx+%255Bapp-client%255D+(ecmascript):42:30)
    at update (http://localhost:3000/_next/static/chunks/node_modules_%40react-three_fiber_dist_events-156d8d12_esm_0wayoq8.js:15369:26)
    at loop (http://localhost:3000/_next/static/chunks/node_modules_%40react-three_fiber_dist_events-156d8d12_esm_0wayoq8.js:15395:23)
[ 3038604ms] ReferenceError: getFlashPeak is not defined
    at PostFX.useFrame [as current] (http://localhost:3000/_next/static/chunks/_1q8ofl-._.js?id=%255Bproject%255D/components/canvas/PostFX.jsx+%255Bapp-client%255D+(ecmascript):42:30)
    at update (http://localhost:3000/_next/static/chunks/node_modules_%40react-three_fiber_dist_events-156d8d12_esm_0wayoq8.js:15369:26)
    at loop (http://localhost:3000/_next/static/chunks/node_modules_%40react-three_fiber_dist_events-156d8d12_esm_0wayoq8.js:15395:23)
[ 3038621ms] ReferenceError: getFlashPeak is not defined
    at PostFX.useFrame [as current] (http://localhost:3000/_next/static/chunks/_1q8ofl-._.js?id=%255Bproject%255D/components/canvas/PostFX.jsx+%255Bapp-client%255D+(ecmascript):42:30)
    at update (http://localhost:3000/_next/static/chunks/node_modules_%40react-three_fiber_dist_events-156d8d12_esm_0wayoq8.js:15369:26)
    at loop (http://localhost:3000/_next/static/chunks/node_modules_%40react-three_fiber_dist_events-156d8d12_esm_0wayoq8.js:15395:23)
[ 3038637ms] ReferenceError: getFlashPeak is not defined
    at PostFX.useFrame [as current] (http://localhost:3000/_next/static/chunks/_1q8ofl-._.js?id=%255Bproject%255D/components/canvas/PostFX.jsx+%255Bapp-client%255D+(ecmascript):42:30)
    at update (http://localhost:3000/_next/static/chunks/node_modules_%40react-three_fiber_dist_events-156d8d12_esm_0wayoq8.js:15369:26)
    at loop (http://localhost:3000/_next/static/chunks/node_modules_%40react-three_fiber_dist_events-156d8d12_esm_0wayoq8.js:15395:23)
[ 3038654ms] ReferenceError: getFlashPeak is not defined
    at PostFX.useFrame [as current] (http://localhost:3000/_next/static/chunks/_1q8ofl-._.js?id=%255Bproject%255D/components/canvas/PostFX.jsx+%255Bapp-client%255D+(ecmascript):42:30)
    at update (http://localhost:3000/_next/static/chunks/node_modules_%40react-three_fiber_dist_events-156d8d12_esm_0wayoq8.js:15369:26)
    at loop (http://localhost:3000/_next/static/chunks/node_modules_%40react-three_fiber_dist_events-156d8d12_esm_0wayoq8.js:15395:23)
[ 3038671ms] ReferenceError: getFlashPeak is not defined
    at PostFX.useFrame [as current] (http://localhost:3000/_next/static/chunks/_1q8ofl-._.js?id=%255Bproject%255D/components/canvas/PostFX.jsx+%255Bapp-client%255D+(ecmascript):42:30)
    at update (http://localhost:3000/_next/static/chunks/node_modules_%40react-three_fiber_dist_events-156d8d12_esm_0wayoq8.js:15369:26)
    at loop (http://localhost:3000/_next/static/chunks/node_modules_%40react-three_fiber_dist_events-156d8d12_esm_0wayoq8.js:15395:23)
[ 3038687ms] ReferenceError: getFlashPeak is not defined
    at PostFX.useFrame [as current] (http://localhost:3000/_next/static/chunks/_1q8ofl-._.js?id=%255Bproject%255D/components/canvas/PostFX.jsx+%255Bapp-client%255D+(ecmascript):42:30)
    at update (http://localhost:3000/_next/static/chunks/node_modules_%40react-three_fiber_dist_events-156d8d12_esm_0wayoq8.js:15369:26)
    at loop (http://localhost:3000/_next/static/chunks/node_modules_%40react-three_fiber_dist_events-156d8d12_esm_0wayoq8.js:15395:23)
[ 3038704ms] ReferenceError: getFlashPeak is not defined
    at PostFX.useFrame [as current] (http://localhost:3000/_next/static/chunks/_1q8ofl-._.js?id=%255Bproject%255D/components/canvas/PostFX.jsx+%255Bapp-client%255D+(ecmascript):42:30)
    at update (http://localhost:3000/_next/static/chunks/node_modules_%40react-three_fiber_dist_events-156d8d12_esm_0wayoq8.js:15369:26)
    at loop (http://localhost:3000/_next/static/chunks/node_modules_%40react-three_fiber_dist_events-156d8d12_esm_0wayoq8.js:15395:23)
[ 3038720ms] ReferenceError: getFlashPeak is not defined
    at PostFX.useFrame [as current] (http://localhost:3000/_next/static/chunks/_1q8ofl-._.js?id=%255Bproject%255D/components/canvas/PostFX.jsx+%255Bapp-client%255D+(ecmascript):42:30)
    at update (http://localhost:3000/_next/static/chunks/node_modules_%40react-three_fiber_dist_events-156d8d12_esm_0wayoq8.js:15369:26)
    at loop (http://localhost:3000/_next/static/chunks/node_modules_%40react-three_fiber_dist_events-156d8d12_esm_0wayoq8.js:15395:23)
[ 3038738ms] ReferenceError: getFlashPeak is not defined
    at PostFX.useFrame [as current] (http://localhost:3000/_next/static/chunks/_1q8ofl-._.js?id=%255Bproject%255D/components/canvas/PostFX.jsx+%255Bapp-client%255D+(ecmascript):42:30)
    at update (http://localhost:3000/_next/static/chunks/node_modules_%40react-three_fiber_dist_events-156d8d12_esm_0wayoq8.js:15369:26)
    at loop (http://localhost:3000/_next/static/chunks/node_modules_%40react-three_fiber_dist_events-156d8d12_esm_0wayoq8.js:15395:23)
[ 3038754ms] ReferenceError: getFlashPeak is not defined
    at PostFX.useFrame [as current] (http://localhost:3000/_next/static/chunks/_1q8ofl-._.js?id=%255Bproject%255D/components/canvas/PostFX.jsx+%255Bapp-client%255D+(ecmascript):42:30)
    at update (http://localhost:3000/_next/static/chunks/node_modules_%40react-three_fiber_dist_events-156d8d12_esm_0wayoq8.js:15369:26)
    at loop (http://localhost:3000/_next/static/chunks/node_modules_%40react-three_fiber_dist_events-156d8d12_esm_0wayoq8.js:15395:23)
[ 3038770ms] ReferenceError: getFlashPeak is not defined
    at PostFX.useFrame [as current] (http://localhost:3000/_next/static/chunks/_1q8ofl-._.js?id=%255Bproject%255D/components/canvas/PostFX.jsx+%255Bapp-client%255D+(ecmascript):42:30)
    at update (http://localhost:3000/_next/static/chunks/node_modules_%40react-three_fiber_dist_events-156d8d12_esm_0wayoq8.js:15369:26)
    at loop (http://localhost:3000/_next/static/chunks/node_modules_%40react-three_fiber_dist_events-156d8d12_esm_0wayoq8.js:15395:23)
[ 3038787ms] ReferenceError: getFlashPeak is not defined
    at PostFX.useFrame [as current] (http://localhost:3000/_next/static/chunks/_1q8ofl-._.js?id=%255Bproject%255D/components/canvas/PostFX.jsx+%255Bapp-client%255D+(ecmascript):42:30)
    at update (http://localhost:3000/_next/static/chunks/node_modules_%40react-three_fiber_dist_events-156d8d12_esm_0wayoq8.js:15369:26)
    at loop (http://localhost:3000/_next/static/chunks/node_modules_%40react-three_fiber_dist_events-156d8d12_esm_0wayoq8.js:15395:23)
[ 3038804ms] ReferenceError: getFlashPeak is not defined
    at PostFX.useFrame [as current] (http://localhost:3000/_next/static/chunks/_1q8ofl-._.js?id=%255Bproject%255D/components/canvas/PostFX.jsx+%255Bapp-client%255D+(ecmascript):42:30)
    at update (http://localhost:3000/_next/static/chunks/node_modules_%40react-three_fiber_dist_events-156d8d12_esm_0wayoq8.js:15369:26)
    at loop (http://localhost:3000/_next/static/chunks/node_modules_%40react-three_fiber_dist_events-156d8d12_esm_0wayoq8.js:15395:23)
[ 3038821ms] ReferenceError: getFlashPeak is not defined
    at PostFX.useFrame [as current] (http://localhost:3000/_next/static/chunks/_1q8ofl-._.js?id=%255Bproject%255D/components/canvas/PostFX.jsx+%255Bapp-client%255D+(ecmascript):42:30)
    at update (http://localhost:3000/_next/static/chunks/node_modules_%40react-three_fiber_dist_events-156d8d12_esm_0wayoq8.js:15369:26)
    at loop (http://localhost:3000/_next/static/chunks/node_modules_%40react-three_fiber_dist_events-156d8d12_esm_0wayoq8.js:15395:23)
[ 3038837ms] ReferenceError: getFlashPeak is not defined
    at PostFX.useFrame [as current] (http://localhost:3000/_next/static/chunks/_1q8ofl-._.js?id=%255Bproject%255D/components/canvas/PostFX.jsx+%255Bapp-client%255D+(ecmascript):42:30)
    at update (http://localhost:3000/_next/static/chunks/node_modules_%40react-three_fiber_dist_events-156d8d12_esm_0wayoq8.js:15369:26)
    at loop (http://localhost:3000/_next/static/chunks/node_modules_%40react-three_fiber_dist_events-156d8d12_esm_0wayoq8.js:15395:23)
[ 3038854ms] ReferenceError: getFlashPeak is not defined
    at PostFX.useFrame [as current] (http://localhost:3000/_next/static/chunks/_1q8ofl-._.js?id=%255Bproject%255D/components/canvas/PostFX.jsx+%255Bapp-client%255D+(ecmascript):42:30)
    at update (http://localhost:3000/_next/static/chunks/node_modules_%40react-three_fiber_dist_events-156d8d12_esm_0wayoq8.js:15369:26)
    at loop (http://localhost:3000/_next/static/chunks/node_modules_%40react-three_fiber_dist_events-156d8d12_esm_0wayoq8.js:15395:23)
[ 3038870ms] ReferenceError: getFlashPeak is not defined
    at PostFX.useFrame [as current] (http://localhost:3000/_next/static/chunks/_1q8ofl-._.js?id=%255Bproject%255D/components/canvas/PostFX.jsx+%255Bapp-client%255D+(ecmascript):42:30)
    at update (http://localhost:3000/_next/static/chunks/node_modules_%40react-three_fiber_dist_events-156d8d12_esm_0wayoq8.js:15369:26)
    at loop (http://localhost:3000/_next/static/chunks/node_modules_%40react-three_fiber_dist_events-156d8d12_esm_0wayoq8.js:15395:23)
[ 3038887ms] ReferenceError: getFlashPeak is not defined
    at PostFX.useFrame [as current] (http://localhost:3000/_next/static/chunks/_1q8ofl-._.js?id=%255Bproject%255D/components/canvas/PostFX.jsx+%255Bapp-client%255D+(ecmascript):42:30)
    at update (http://localhost:3000/_next/static/chunks/node_modules_%40react-three_fiber_dist_events-156d8d12_esm_0wayoq8.js:15369:26)
    at loop (http://localhost:3000/_next/static/chunks/node_modules_%40react-three_fiber_dist_events-156d8d12_esm_0wayoq8.js:15395:23)
[ 3038904ms] ReferenceError: getFlashPeak is not defined
    at PostFX.useFrame [as current] (http://localhost:3000/_next/static/chunks/_1q8ofl-._.js?id=%255Bproject%255D/components/canvas/PostFX.jsx+%255Bapp-client%255D+(ecmascript):42:30)
    at update (http://localhost:3000/_next/static/chunks/node_modules_%40react-three_fiber_dist_events-156d8d12_esm_0wayoq8.js:15369:26)
    at loop (http://localhost:3000/_next/static/chunks/node_modules_%40react-three_fiber_dist_events-156d8d12_esm_0wayoq8.js:15395:23)
[ 3038920ms] ReferenceError: getFlashPeak is not defined
    at PostFX.useFrame [as current] (http://localhost:3000/_next/static/chunks/_1q8ofl-._.js?id=%255Bproject%255D/components/canvas/PostFX.jsx+%255Bapp-client%255D+(ecmascript):42:30)
    at update (http://localhost:3000/_next/static/chunks/node_modules_%40react-three_fiber_dist_events-156d8d12_esm_0wayoq8.js:15369:26)
    at loop (http://localhost:3000/_next/static/chunks/node_modules_%40react-three_fiber_dist_events-156d8d12_esm_0wayoq8.js:15395:23)
[ 3038938ms] ReferenceError: getFlashPeak is not defined
    at PostFX.useFrame [as current] (http://localhost:3000/_next/static/chunks/_1q8ofl-._.js?id=%255Bproject%255D/components/canvas/PostFX.jsx+%255Bapp-client%255D+(ecmascript):42:30)
    at update (http://localhost:3000/_next/static/chunks/node_modules_%40react-three_fiber_dist_events-156d8d12_esm_0wayoq8.js:15369:26)
    at loop (http://localhost:3000/_next/static/chunks/node_modules_%40react-three_fiber_dist_events-156d8d12_esm_0wayoq8.js:15395:23)
[ 3038954ms] ReferenceError: getFlashPeak is not defined
    at PostFX.useFrame [as current] (http://localhost:3000/_next/static/chunks/_1q8ofl-._.js?id=%255Bproject%255D/components/canvas/PostFX.jsx+%255Bapp-client%255D+(ecmascript):42:30)
    at update (http://localhost:3000/_next/static/chunks/node_modules_%40react-three_fiber_dist_events-156d8d12_esm_0wayoq8.js:15369:26)
    at loop (http://localhost:3000/_next/static/chunks/node_modules_%40react-three_fiber_dist_events-156d8d12_esm_0wayoq8.js:15395:23)
[ 3038971ms] ReferenceError: getFlashPeak is not defined
    at PostFX.useFrame [as current] (http://localhost:3000/_next/static/chunks/_1q8ofl-._.js?id=%255Bproject%255D/components/canvas/PostFX.jsx+%255Bapp-client%255D+(ecmascript):42:30)
    at update (http://localhost:3000/_next/static/chunks/node_modules_%40react-three_fiber_dist_events-156d8d12_esm_0wayoq8.js:15369:26)
    at loop (http://localhost:3000/_next/static/chunks/node_modules_%40react-three_fiber_dist_events-156d8d12_esm_0wayoq8.js:15395:23)
[ 3038987ms] ReferenceError: getFlashPeak is not defined
    at PostFX.useFrame [as current] (http://localhost:3000/_next/static/chunks/_1q8ofl-._.js?id=%255Bproject%255D/components/canvas/PostFX.jsx+%255Bapp-client%255D+(ecmascript):42:30)
    at update (http://localhost:3000/_next/static/chunks/node_modules_%40react-three_fiber_dist_events-156d8d12_esm_0wayoq8.js:15369:26)
    at loop (http://localhost:3000/_next/static/chunks/node_modules_%40react-three_fiber_dist_events-156d8d12_esm_0wayoq8.js:15395:23)
[ 3039004ms] ReferenceError: getFlashPeak is not defined
    at PostFX.useFrame [as current] (http://localhost:3000/_next/static/chunks/_1q8ofl-._.js?id=%255Bproject%255D/components/canvas/PostFX.jsx+%255Bapp-client%255D+(ecmascript):42:30)
    at update (http://localhost:3000/_next/static/chunks/node_modules_%40react-three_fiber_dist_events-156d8d12_esm_0wayoq8.js:15369:26)
    at loop (http://localhost:3000/_next/static/chunks/node_modules_%40react-three_fiber_dist_events-156d8d12_esm_0wayoq8.js:15395:23)
[ 3039020ms] ReferenceError: getFlashPeak is not defined
    at PostFX.useFrame [as current] (http://localhost:3000/_next/static/chunks/_1q8ofl-._.js?id=%255Bproject%255D/components/canvas/PostFX.jsx+%255Bapp-client%255D+(ecmascript):42:30)
    at update (http://localhost:3000/_next/static/chunks/node_modules_%40react-three_fiber_dist_events-156d8d12_esm_0wayoq8.js:15369:26)
    at loop (http://localhost:3000/_next/static/chunks/node_modules_%40react-three_fiber_dist_events-156d8d12_esm_0wayoq8.js:15395:23)
[ 3039037ms] ReferenceError: getFlashPeak is not defined
    at PostFX.useFrame [as current] (http://localhost:3000/_next/static/chunks/_1q8ofl-._.js?id=%255Bproject%255D/components/canvas/PostFX.jsx+%255Bapp-client%255D+(ecmascript):42:30)
    at update (http://localhost:3000/_next/static/chunks/node_modules_%40react-three_fiber_dist_events-156d8d12_esm_0wayoq8.js:15369:26)
    at loop (http://localhost:3000/_next/static/chunks/node_modules_%40react-three_fiber_dist_events-156d8d12_esm_0wayoq8.js:15395:23)
[ 3039054ms] ReferenceError: getFlashPeak is not defined
    at PostFX.useFrame [as current] (http://localhost:3000/_next/static/chunks/_1q8ofl-._.js?id=%255Bproject%255D/components/canvas/PostFX.jsx+%255Bapp-client%255D+(ecmascript):42:30)
    at update (http://localhost:3000/_next/static/chunks/node_modules_%40react-three_fiber_dist_events-156d8d12_esm_0wayoq8.js:15369:26)
    at loop (http://localhost:3000/_next/static/chunks/node_modules_%40react-three_fiber_dist_events-156d8d12_esm_0wayoq8.js:15395:23)
[ 3039071ms] ReferenceError: getFlashPeak is not defined
    at PostFX.useFrame [as current] (http://localhost:3000/_next/static/chunks/_1q8ofl-._.js?id=%255Bproject%255D/components/canvas/PostFX.jsx+%255Bapp-client%255D+(ecmascript):42:30)
    at update (http://localhost:3000/_next/static/chunks/node_modules_%40react-three_fiber_dist_events-156d8d12_esm_0wayoq8.js:15369:26)
    at loop (http://localhost:3000/_next/static/chunks/node_modules_%40react-three_fiber_dist_events-156d8d12_esm_0wayoq8.js:15395:23)
[ 3039087ms] ReferenceError: getFlashPeak is not defined
    at PostFX.useFrame [as current] (http://localhost:3000/_next/static/chunks/_1q8ofl-._.js?id=%255Bproject%255D/components/canvas/PostFX.jsx+%255Bapp-client%255D+(ecmascript):42:30)
    at update (http://localhost:3000/_next/static/chunks/node_modules_%40react-three_fiber_dist_events-156d8d12_esm_0wayoq8.js:15369:26)
    at loop (http://localhost:3000/_next/static/chunks/node_modules_%40react-three_fiber_dist_events-156d8d12_esm_0wayoq8.js:15395:23)
[ 3039104ms] ReferenceError: getFlashPeak is not defined
    at PostFX.useFrame [as current] (http://localhost:3000/_next/static/chunks/_1q8ofl-._.js?id=%255Bproject%255D/components/canvas/PostFX.jsx+%255Bapp-client%255D+(ecmascript):42:30)
    at update (http://localhost:3000/_next/static/chunks/node_modules_%40react-three_fiber_dist_events-156d8d12_esm_0wayoq8.js:15369:26)
    at loop (http://localhost:3000/_next/static/chunks/node_modules_%40react-three_fiber_dist_events-156d8d12_esm_0wayoq8.js:15395:23)
[ 3039121ms] ReferenceError: getFlashPeak is not defined
    at PostFX.useFrame [as current] (http://localhost:3000/_next/static/chunks/_1q8ofl-._.js?id=%255Bproject%255D/components/canvas/PostFX.jsx+%255Bapp-client%255D+(ecmascript):42:30)
    at update (http://localhost:3000/_next/static/chunks/node_modules_%40react-three_fiber_dist_events-156d8d12_esm_0wayoq8.js:15369:26)
    at loop (http://localhost:3000/_next/static/chunks/node_modules_%40react-three_fiber_dist_events-156d8d12_esm_0wayoq8.js:15395:23)
[ 3039137ms] ReferenceError: getFlashPeak is not defined
    at PostFX.useFrame [as current] (http://localhost:3000/_next/static/chunks/_1q8ofl-._.js?id=%255Bproject%255D/components/canvas/PostFX.jsx+%255Bapp-client%255D+(ecmascript):42:30)
    at update (http://localhost:3000/_next/static/chunks/node_modules_%40react-three_fiber_dist_events-156d8d12_esm_0wayoq8.js:15369:26)
    at loop (http://localhost:3000/_next/static/chunks/node_modules_%40react-three_fiber_dist_events-156d8d12_esm_0wayoq8.js:15395:23)
[ 3039154ms] ReferenceError: getFlashPeak is not defined
    at PostFX.useFrame [as current] (http://localhost:3000/_next/static/chunks/_1q8ofl-._.js?id=%255Bproject%255D/components/canvas/PostFX.jsx+%255Bapp-client%255D+(ecmascript):42:30)
    at update (http://localhost:3000/_next/static/chunks/node_modules_%40react-three_fiber_dist_events-156d8d12_esm_0wayoq8.js:15369:26)
    at loop (http://localhost:3000/_next/static/chunks/node_modules_%40react-three_fiber_dist_events-156d8d12_esm_0wayoq8.js:15395:23)
[ 3039171ms] ReferenceError: getFlashPeak is not defined
    at PostFX.useFrame [as current] (http://localhost:3000/_next/static/chunks/_1q8ofl-._.js?id=%255Bproject%255D/components/canvas/PostFX.jsx+%255Bapp-client%255D+(ecmascript):42:30)
    at update (http://localhost:3000/_next/static/chunks/node_modules_%40react-three_fiber_dist_events-156d8d12_esm_0wayoq8.js:15369:26)
    at loop (http://localhost:3000/_next/static/chunks/node_modules_%40react-three_fiber_dist_events-156d8d12_esm_0wayoq8.js:15395:23)
[ 3039187ms] ReferenceError: getFlashPeak is not defined
    at PostFX.useFrame [as current] (http://localhost:3000/_next/static/chunks/_1q8ofl-._.js?id=%255Bproject%255D/components/canvas/PostFX.jsx+%255Bapp-client%255D+(ecmascript):42:30)
    at update (http://localhost:3000/_next/static/chunks/node_modules_%40react-three_fiber_dist_events-156d8d12_esm_0wayoq8.js:15369:26)
    at loop (http://localhost:3000/_next/static/chunks/node_modules_%40react-three_fiber_dist_events-156d8d12_esm_0wayoq8.js:15395:23)
[ 3039204ms] ReferenceError: getFlashPeak is not defined
    at PostFX.useFrame [as current] (http://localhost:3000/_next/static/chunks/_1q8ofl-._.js?id=%255Bproject%255D/components/canvas/PostFX.jsx+%255Bapp-client%255D+(ecmascript):42:30)
    at update (http://localhost:3000/_next/static/chunks/node_modules_%40react-three_fiber_dist_events-156d8d12_esm_0wayoq8.js:15369:26)
    at loop (http://localhost:3000/_next/static/chunks/node_modules_%40react-three_fiber_dist_events-156d8d12_esm_0wayoq8.js:15395:23)
[ 3039220ms] ReferenceError: getFlashPeak is not defined
    at PostFX.useFrame [as current] (http://localhost:3000/_next/static/chunks/_1q8ofl-._.js?id=%255Bproject%255D/components/canvas/PostFX.jsx+%255Bapp-client%255D+(ecmascript):42:30)
    at update (http://localhost:3000/_next/static/chunks/node_modules_%40react-three_fiber_dist_events-156d8d12_esm_0wayoq8.js:15369:26)
    at loop (http://localhost:3000/_next/static/chunks/node_modules_%40react-three_fiber_dist_events-156d8d12_esm_0wayoq8.js:15395:23)
[ 3039237ms] ReferenceError: getFlashPeak is not defined
    at PostFX.useFrame [as current] (http://localhost:3000/_next/static/chunks/_1q8ofl-._.js?id=%255Bproject%255D/components/canvas/PostFX.jsx+%255Bapp-client%255D+(ecmascript):42:30)
    at update (http://localhost:3000/_next/static/chunks/node_modules_%40react-three_fiber_dist_events-156d8d12_esm_0wayoq8.js:15369:26)
    at loop (http://localhost:3000/_next/static/chunks/node_modules_%40react-three_fiber_dist_events-156d8d12_esm_0wayoq8.js:15395:23)
[ 3039254ms] ReferenceError: getFlashPeak is not defined
    at PostFX.useFrame [as current] (http://localhost:3000/_next/static/chunks/_1q8ofl-._.js?id=%255Bproject%255D/components/canvas/PostFX.jsx+%255Bapp-client%255D+(ecmascript):42:30)
    at update (http://localhost:3000/_next/static/chunks/node_modules_%40react-three_fiber_dist_events-156d8d12_esm_0wayoq8.js:15369:26)
    at loop (http://localhost:3000/_next/static/chunks/node_modules_%40react-three_fiber_dist_events-156d8d12_esm_0wayoq8.js:15395:23)
[ 3039270ms] ReferenceError: getFlashPeak is not defined
    at PostFX.useFrame [as current] (http://localhost:3000/_next/static/chunks/_1q8ofl-._.js?id=%255Bproject%255D/components/canvas/PostFX.jsx+%255Bapp-client%255D+(ecmascript):42:30)
    at update (http://localhost:3000/_next/static/chunks/node_modules_%40react-three_fiber_dist_events-156d8d12_esm_0wayoq8.js:15369:26)
    at loop (http://localhost:3000/_next/static/chunks/node_modules_%40react-three_fiber_dist_events-156d8d12_esm_0wayoq8.js:15395:23)
[ 3039287ms] ReferenceError: getFlashPeak is not defined
    at PostFX.useFrame [as current] (http://localhost:3000/_next/static/chunks/_1q8ofl-._.js?id=%255Bproject%255D/components/canvas/PostFX.jsx+%255Bapp-client%255D+(ecmascript):42:30)
    at update (http://localhost:3000/_next/static/chunks/node_modules_%40react-three_fiber_dist_events-156d8d12_esm_0wayoq8.js:15369:26)
    at loop (http://localhost:3000/_next/static/chunks/node_modules_%40react-three_fiber_dist_events-156d8d12_esm_0wayoq8.js:15395:23)
[ 3039304ms] ReferenceError: getFlashPeak is not defined
    at PostFX.useFrame [as current] (http://localhost:3000/_next/static/chunks/_1q8ofl-._.js?id=%255Bproject%255D/components/canvas/PostFX.jsx+%255Bapp-client%255D+(ecmascript):42:30)
    at update (http://localhost:3000/_next/static/chunks/node_modules_%40react-three_fiber_dist_events-156d8d12_esm_0wayoq8.js:15369:26)
    at loop (http://localhost:3000/_next/static/chunks/node_modules_%40react-three_fiber_dist_events-156d8d12_esm_0wayoq8.js:15395:23)
[ 3039320ms] ReferenceError: getFlashPeak is not defined
    at PostFX.useFrame [as current] (http://localhost:3000/_next/static/chunks/_1q8ofl-._.js?id=%255Bproject%255D/components/canvas/PostFX.jsx+%255Bapp-client%255D+(ecmascript):42:30)
    at update (http://localhost:3000/_next/static/chunks/node_modules_%40react-three_fiber_dist_events-156d8d12_esm_0wayoq8.js:15369:26)
    at loop (http://localhost:3000/_next/static/chunks/node_modules_%40react-three_fiber_dist_events-156d8d12_esm_0wayoq8.js:15395:23)
[ 3039338ms] ReferenceError: getFlashPeak is not defined
    at PostFX.useFrame [as current] (http://localhost:3000/_next/static/chunks/_1q8ofl-._.js?id=%255Bproject%255D/components/canvas/PostFX.jsx+%255Bapp-client%255D+(ecmascript):42:30)
    at update (http://localhost:3000/_next/static/chunks/node_modules_%40react-three_fiber_dist_events-156d8d12_esm_0wayoq8.js:15369:26)
    at loop (http://localhost:3000/_next/static/chunks/node_modules_%40react-three_fiber_dist_events-156d8d12_esm_0wayoq8.js:15395:23)
[ 3039354ms] ReferenceError: getFlashPeak is not defined
    at PostFX.useFrame [as current] (http://localhost:3000/_next/static/chunks/_1q8ofl-._.js?id=%255Bproject%255D/components/canvas/PostFX.jsx+%255Bapp-client%255D+(ecmascript):42:30)
    at update (http://localhost:3000/_next/static/chunks/node_modules_%40react-three_fiber_dist_events-156d8d12_esm_0wayoq8.js:15369:26)
    at loop (http://localhost:3000/_next/static/chunks/node_modules_%40react-three_fiber_dist_events-156d8d12_esm_0wayoq8.js:15395:23)
[ 3039370ms] ReferenceError: getFlashPeak is not defined
    at PostFX.useFrame [as current] (http://localhost:3000/_next/static/chunks/_1q8ofl-._.js?id=%255Bproject%255D/components/canvas/PostFX.jsx+%255Bapp-client%255D+(ecmascript):42:30)
    at update (http://localhost:3000/_next/static/chunks/node_modules_%40react-three_fiber_dist_events-156d8d12_esm_0wayoq8.js:15369:26)
    at loop (http://localhost:3000/_next/static/chunks/node_modules_%40react-three_fiber_dist_events-156d8d12_esm_0wayoq8.js:15395:23)
[ 3039387ms] ReferenceError: getFlashPeak is not defined
    at PostFX.useFrame [as current] (http://localhost:3000/_next/static/chunks/_1q8ofl-._.js?id=%255Bproject%255D/components/canvas/PostFX.jsx+%255Bapp-client%255D+(ecmascript):42:30)
    at update (http://localhost:3000/_next/static/chunks/node_modules_%40react-three_fiber_dist_events-156d8d12_esm_0wayoq8.js:15369:26)
    at loop (http://localhost:3000/_next/static/chunks/node_modules_%40react-three_fiber_dist_events-156d8d12_esm_0wayoq8.js:15395:23)
[ 3039404ms] ReferenceError: getFlashPeak is not defined
    at PostFX.useFrame [as current] (http://localhost:3000/_next/static/chunks/_1q8ofl-._.js?id=%255Bproject%255D/components/canvas/PostFX.jsx+%255Bapp-client%255D+(ecmascript):42:30)
    at update (http://localhost:3000/_next/static/chunks/node_modules_%40react-three_fiber_dist_events-156d8d12_esm_0wayoq8.js:15369:26)
    at loop (http://localhost:3000/_next/static/chunks/node_modules_%40react-three_fiber_dist_events-156d8d12_esm_0wayoq8.js:15395:23)
[ 3039420ms] ReferenceError: getFlashPeak is not defined
    at PostFX.useFrame [as current] (http://localhost:3000/_next/static/chunks/_1q8ofl-._.js?id=%255Bproject%255D/components/canvas/PostFX.jsx+%255Bapp-client%255D+(ecmascript):42:30)
    at update (http://localhost:3000/_next/static/chunks/node_modules_%40react-three_fiber_dist_events-156d8d12_esm_0wayoq8.js:15369:26)
    at loop (http://localhost:3000/_next/static/chunks/node_modules_%40react-three_fiber_dist_events-156d8d12_esm_0wayoq8.js:15395:23)
[ 3039437ms] ReferenceError: getFlashPeak is not defined
    at PostFX.useFrame [as current] (http://localhost:3000/_next/static/chunks/_1q8ofl-._.js?id=%255Bproject%255D/components/canvas/PostFX.jsx+%255Bapp-client%255D+(ecmascript):42:30)
    at update (http://localhost:3000/_next/static/chunks/node_modules_%40react-three_fiber_dist_events-156d8d12_esm_0wayoq8.js:15369:26)
    at loop (http://localhost:3000/_next/static/chunks/node_modules_%40react-three_fiber_dist_events-156d8d12_esm_0wayoq8.js:15395:23)
[ 3039454ms] ReferenceError: getFlashPeak is not defined
    at PostFX.useFrame [as current] (http://localhost:3000/_next/static/chunks/_1q8ofl-._.js?id=%255Bproject%255D/components/canvas/PostFX.jsx+%255Bapp-client%255D+(ecmascript):42:30)
    at update (http://localhost:3000/_next/static/chunks/node_modules_%40react-three_fiber_dist_events-156d8d12_esm_0wayoq8.js:15369:26)
    at loop (http://localhost:3000/_next/static/chunks/node_modules_%40react-three_fiber_dist_events-156d8d12_esm_0wayoq8.js:15395:23)
[ 3039470ms] ReferenceError: getFlashPeak is not defined
    at PostFX.useFrame [as current] (http://localhost:3000/_next/static/chunks/_1q8ofl-._.js?id=%255Bproject%255D/components/canvas/PostFX.jsx+%255Bapp-client%255D+(ecmascript):42:30)
    at update (http://localhost:3000/_next/static/chunks/node_modules_%40react-three_fiber_dist_events-156d8d12_esm_0wayoq8.js:15369:26)
    at loop (http://localhost:3000/_next/static/chunks/node_modules_%40react-three_fiber_dist_events-156d8d12_esm_0wayoq8.js:15395:23)
[ 3039487ms] ReferenceError: getFlashPeak is not defined
    at PostFX.useFrame [as current] (http://localhost:3000/_next/static/chunks/_1q8ofl-._.js?id=%255Bproject%255D/components/canvas/PostFX.jsx+%255Bapp-client%255D+(ecmascript):42:30)
    at update (http://localhost:3000/_next/static/chunks/node_modules_%40react-three_fiber_dist_events-156d8d12_esm_0wayoq8.js:15369:26)
    at loop (http://localhost:3000/_next/static/chunks/node_modules_%40react-three_fiber_dist_events-156d8d12_esm_0wayoq8.js:15395:23)
[ 3039504ms] ReferenceError: getFlashPeak is not defined
    at PostFX.useFrame [as current] (http://localhost:3000/_next/static/chunks/_1q8ofl-._.js?id=%255Bproject%255D/components/canvas/PostFX.jsx+%255Bapp-client%255D+(ecmascript):42:30)
    at update (http://localhost:3000/_next/static/chunks/node_modules_%40react-three_fiber_dist_events-156d8d12_esm_0wayoq8.js:15369:26)
    at loop (http://localhost:3000/_next/static/chunks/node_modules_%40react-three_fiber_dist_events-156d8d12_esm_0wayoq8.js:15395:23)
[ 3039520ms] ReferenceError: getFlashPeak is not defined
    at PostFX.useFrame [as current] (http://localhost:3000/_next/static/chunks/_1q8ofl-._.js?id=%255Bproject%255D/components/canvas/PostFX.jsx+%255Bapp-client%255D+(ecmascript):42:30)
    at update (http://localhost:3000/_next/static/chunks/node_modules_%40react-three_fiber_dist_events-156d8d12_esm_0wayoq8.js:15369:26)
    at loop (http://localhost:3000/_next/static/chunks/node_modules_%40react-three_fiber_dist_events-156d8d12_esm_0wayoq8.js:15395:23)
[ 3039537ms] ReferenceError: getFlashPeak is not defined
    at PostFX.useFrame [as current] (http://localhost:3000/_next/static/chunks/_1q8ofl-._.js?id=%255Bproject%255D/components/canvas/PostFX.jsx+%255Bapp-client%255D+(ecmascript):42:30)
    at update (http://localhost:3000/_next/static/chunks/node_modules_%40react-three_fiber_dist_events-156d8d12_esm_0wayoq8.js:15369:26)
    at loop (http://localhost:3000/_next/static/chunks/node_modules_%40react-three_fiber_dist_events-156d8d12_esm_0wayoq8.js:15395:23)
[ 3039561ms] ReferenceError: getFlashPeak is not defined
    at PostFX.useFrame [as current] (http://localhost:3000/_next/static/chunks/_1q8ofl-._.js?id=%255Bproject%255D/components/canvas/PostFX.jsx+%255Bapp-client%255D+(ecmascript):42:30)
    at update (http://localhost:3000/_next/static/chunks/node_modules_%40react-three_fiber_dist_events-156d8d12_esm_0wayoq8.js:15369:26)
    at loop (http://localhost:3000/_next/static/chunks/node_modules_%40react-three_fiber_dist_events-156d8d12_esm_0wayoq8.js:15395:23)
[ 3039572ms] ReferenceError: getFlashPeak is not defined
    at PostFX.useFrame [as current] (http://localhost:3000/_next/static/chunks/_1q8ofl-._.js?id=%255Bproject%255D/components/canvas/PostFX.jsx+%255Bapp-client%255D+(ecmascript):42:30)
    at update (http://localhost:3000/_next/static/chunks/node_modules_%40react-three_fiber_dist_events-156d8d12_esm_0wayoq8.js:15369:26)
    at loop (http://localhost:3000/_next/static/chunks/node_modules_%40react-three_fiber_dist_events-156d8d12_esm_0wayoq8.js:15395:23)
[ 3039588ms] ReferenceError: getFlashPeak is not defined
    at PostFX.useFrame [as current] (http://localhost:3000/_next/static/chunks/_1q8ofl-._.js?id=%255Bproject%255D/components/canvas/PostFX.jsx+%255Bapp-client%255D+(ecmascript):42:30)
    at update (http://localhost:3000/_next/static/chunks/node_modules_%40react-three_fiber_dist_events-156d8d12_esm_0wayoq8.js:15369:26)
    at loop (http://localhost:3000/_next/static/chunks/node_modules_%40react-three_fiber_dist_events-156d8d12_esm_0wayoq8.js:15395:23)
[ 3039604ms] ReferenceError: getFlashPeak is not defined
    at PostFX.useFrame [as current] (http://localhost:3000/_next/static/chunks/_1q8ofl-._.js?id=%255Bproject%255D/components/canvas/PostFX.jsx+%255Bapp-client%255D+(ecmascript):42:30)
    at update (http://localhost:3000/_next/static/chunks/node_modules_%40react-three_fiber_dist_events-156d8d12_esm_0wayoq8.js:15369:26)
    at loop (http://localhost:3000/_next/static/chunks/node_modules_%40react-three_fiber_dist_events-156d8d12_esm_0wayoq8.js:15395:23)
[ 3039621ms] ReferenceError: getFlashPeak is not defined
    at PostFX.useFrame [as current] (http://localhost:3000/_next/static/chunks/_1q8ofl-._.js?id=%255Bproject%255D/components/canvas/PostFX.jsx+%255Bapp-client%255D+(ecmascript):42:30)
    at update (http://localhost:3000/_next/static/chunks/node_modules_%40react-three_fiber_dist_events-156d8d12_esm_0wayoq8.js:15369:26)
    at loop (http://localhost:3000/_next/static/chunks/node_modules_%40react-three_fiber_dist_events-156d8d12_esm_0wayoq8.js:15395:23)
[ 3039637ms] ReferenceError: getFlashPeak is not defined
    at PostFX.useFrame [as current] (http://localhost:3000/_next/static/chunks/_1q8ofl-._.js?id=%255Bproject%255D/components/canvas/PostFX.jsx+%255Bapp-client%255D+(ecmascript):42:30)
    at update (http://localhost:3000/_next/static/chunks/node_modules_%40react-three_fiber_dist_events-156d8d12_esm_0wayoq8.js:15369:26)
    at loop (http://localhost:3000/_next/static/chunks/node_modules_%40react-three_fiber_dist_events-156d8d12_esm_0wayoq8.js:15395:23)
[ 3039654ms] ReferenceError: getFlashPeak is not defined
    at PostFX.useFrame [as current] (http://localhost:3000/_next/static/chunks/_1q8ofl-._.js?id=%255Bproject%255D/components/canvas/PostFX.jsx+%255Bapp-client%255D+(ecmascript):42:30)
    at update (http://localhost:3000/_next/static/chunks/node_modules_%40react-three_fiber_dist_events-156d8d12_esm_0wayoq8.js:15369:26)
    at loop (http://localhost:3000/_next/static/chunks/node_modules_%40react-three_fiber_dist_events-156d8d12_esm_0wayoq8.js:15395:23)
[ 3039671ms] ReferenceError: getFlashPeak is not defined
    at PostFX.useFrame [as current] (http://localhost:3000/_next/static/chunks/_1q8ofl-._.js?id=%255Bproject%255D/components/canvas/PostFX.jsx+%255Bapp-client%255D+(ecmascript):42:30)
    at update (http://localhost:3000/_next/static/chunks/node_modules_%40react-three_fiber_dist_events-156d8d12_esm_0wayoq8.js:15369:26)
    at loop (http://localhost:3000/_next/static/chunks/node_modules_%40react-three_fiber_dist_events-156d8d12_esm_0wayoq8.js:15395:23)
[ 3039688ms] ReferenceError: getFlashPeak is not defined
    at PostFX.useFrame [as current] (http://localhost:3000/_next/static/chunks/_1q8ofl-._.js?id=%255Bproject%255D/components/canvas/PostFX.jsx+%255Bapp-client%255D+(ecmascript):42:30)
    at update (http://localhost:3000/_next/static/chunks/node_modules_%40react-three_fiber_dist_events-156d8d12_esm_0wayoq8.js:15369:26)
    at loop (http://localhost:3000/_next/static/chunks/node_modules_%40react-three_fiber_dist_events-156d8d12_esm_0wayoq8.js:15395:23)
[ 3039704ms] ReferenceError: getFlashPeak is not defined
    at PostFX.useFrame [as current] (http://localhost:3000/_next/static/chunks/_1q8ofl-._.js?id=%255Bproject%255D/components/canvas/PostFX.jsx+%255Bapp-client%255D+(ecmascript):42:30)
    at update (http://localhost:3000/_next/static/chunks/node_modules_%40react-three_fiber_dist_events-156d8d12_esm_0wayoq8.js:15369:26)
    at loop (http://localhost:3000/_next/static/chunks/node_modules_%40react-three_fiber_dist_events-156d8d12_esm_0wayoq8.js:15395:23)
[ 3039720ms] ReferenceError: getFlashPeak is not defined
    at PostFX.useFrame [as current] (http://localhost:3000/_next/static/chunks/_1q8ofl-._.js?id=%255Bproject%255D/components/canvas/PostFX.jsx+%255Bapp-client%255D+(ecmascript):42:30)
    at update (http://localhost:3000/_next/static/chunks/node_modules_%40react-three_fiber_dist_events-156d8d12_esm_0wayoq8.js:15369:26)
    at loop (http://localhost:3000/_next/static/chunks/node_modules_%40react-three_fiber_dist_events-156d8d12_esm_0wayoq8.js:15395:23)
[ 3039737ms] ReferenceError: getFlashPeak is not defined
    at PostFX.useFrame [as current] (http://localhost:3000/_next/static/chunks/_1q8ofl-._.js?id=%255Bproject%255D/components/canvas/PostFX.jsx+%255Bapp-client%255D+(ecmascript):42:30)
    at update (http://localhost:3000/_next/static/chunks/node_modules_%40react-three_fiber_dist_events-156d8d12_esm_0wayoq8.js:15369:26)
    at loop (http://localhost:3000/_next/static/chunks/node_modules_%40react-three_fiber_dist_events-156d8d12_esm_0wayoq8.js:15395:23)
[ 3039754ms] ReferenceError: getFlashPeak is not defined
    at PostFX.useFrame [as current] (http://localhost:3000/_next/static/chunks/_1q8ofl-._.js?id=%255Bproject%255D/components/canvas/PostFX.jsx+%255Bapp-client%255D+(ecmascript):42:30)
    at update (http://localhost:3000/_next/static/chunks/node_modules_%40react-three_fiber_dist_events-156d8d12_esm_0wayoq8.js:15369:26)
    at loop (http://localhost:3000/_next/static/chunks/node_modules_%40react-three_fiber_dist_events-156d8d12_esm_0wayoq8.js:15395:23)
[ 3039771ms] ReferenceError: getFlashPeak is not defined
    at PostFX.useFrame [as current] (http://localhost:3000/_next/static/chunks/_1q8ofl-._.js?id=%255Bproject%255D/components/canvas/PostFX.jsx+%255Bapp-client%255D+(ecmascript):42:30)
    at update (http://localhost:3000/_next/static/chunks/node_modules_%40react-three_fiber_dist_events-156d8d12_esm_0wayoq8.js:15369:26)
    at loop (http://localhost:3000/_next/static/chunks/node_modules_%40react-three_fiber_dist_events-156d8d12_esm_0wayoq8.js:15395:23)
[ 3039787ms] ReferenceError: getFlashPeak is not defined
    at PostFX.useFrame [as current] (http://localhost:3000/_next/static/chunks/_1q8ofl-._.js?id=%255Bproject%255D/components/canvas/PostFX.jsx+%255Bapp-client%255D+(ecmascript):42:30)
    at update (http://localhost:3000/_next/static/chunks/node_modules_%40react-three_fiber_dist_events-156d8d12_esm_0wayoq8.js:15369:26)
    at loop (http://localhost:3000/_next/static/chunks/node_modules_%40react-three_fiber_dist_events-156d8d12_esm_0wayoq8.js:15395:23)
[ 3039804ms] ReferenceError: getFlashPeak is not defined
    at PostFX.useFrame [as current] (http://localhost:3000/_next/static/chunks/_1q8ofl-._.js?id=%255Bproject%255D/components/canvas/PostFX.jsx+%255Bapp-client%255D+(ecmascript):42:30)
    at update (http://localhost:3000/_next/static/chunks/node_modules_%40react-three_fiber_dist_events-156d8d12_esm_0wayoq8.js:15369:26)
    at loop (http://localhost:3000/_next/static/chunks/node_modules_%40react-three_fiber_dist_events-156d8d12_esm_0wayoq8.js:15395:23)
[ 3039820ms] ReferenceError: getFlashPeak is not defined
    at PostFX.useFrame [as current] (http://localhost:3000/_next/static/chunks/_1q8ofl-._.js?id=%255Bproject%255D/components/canvas/PostFX.jsx+%255Bapp-client%255D+(ecmascript):42:30)
    at update (http://localhost:3000/_next/static/chunks/node_modules_%40react-three_fiber_dist_events-156d8d12_esm_0wayoq8.js:15369:26)
    at loop (http://localhost:3000/_next/static/chunks/node_modules_%40react-three_fiber_dist_events-156d8d12_esm_0wayoq8.js:15395:23)
[ 3039837ms] ReferenceError: getFlashPeak is not defined
    at PostFX.useFrame [as current] (http://localhost:3000/_next/static/chunks/_1q8ofl-._.js?id=%255Bproject%255D/components/canvas/PostFX.jsx+%255Bapp-client%255D+(ecmascript):42:30)
    at update (http://localhost:3000/_next/static/chunks/node_modules_%40react-three_fiber_dist_events-156d8d12_esm_0wayoq8.js:15369:26)
    at loop (http://localhost:3000/_next/static/chunks/node_modules_%40react-three_fiber_dist_events-156d8d12_esm_0wayoq8.js:15395:23)
[ 3039854ms] ReferenceError: getFlashPeak is not defined
    at PostFX.useFrame [as current] (http://localhost:3000/_next/static/chunks/_1q8ofl-._.js?id=%255Bproject%255D/components/canvas/PostFX.jsx+%255Bapp-client%255D+(ecmascript):42:30)
    at update (http://localhost:3000/_next/static/chunks/node_modules_%40react-three_fiber_dist_events-156d8d12_esm_0wayoq8.js:15369:26)
    at loop (http://localhost:3000/_next/static/chunks/node_modules_%40react-three_fiber_dist_events-156d8d12_esm_0wayoq8.js:15395:23)
[ 3039870ms] ReferenceError: getFlashPeak is not defined
    at PostFX.useFrame [as current] (http://localhost:3000/_next/static/chunks/_1q8ofl-._.js?id=%255Bproject%255D/components/canvas/PostFX.jsx+%255Bapp-client%255D+(ecmascript):42:30)
    at update (http://localhost:3000/_next/static/chunks/node_modules_%40react-three_fiber_dist_events-156d8d12_esm_0wayoq8.js:15369:26)
    at loop (http://localhost:3000/_next/static/chunks/node_modules_%40react-three_fiber_dist_events-156d8d12_esm_0wayoq8.js:15395:23)
[ 3039888ms] ReferenceError: getFlashPeak is not defined
    at PostFX.useFrame [as current] (http://localhost:3000/_next/static/chunks/_1q8ofl-._.js?id=%255Bproject%255D/components/canvas/PostFX.jsx+%255Bapp-client%255D+(ecmascript):42:30)
    at update (http://localhost:3000/_next/static/chunks/node_modules_%40react-three_fiber_dist_events-156d8d12_esm_0wayoq8.js:15369:26)
    at loop (http://localhost:3000/_next/static/chunks/node_modules_%40react-three_fiber_dist_events-156d8d12_esm_0wayoq8.js:15395:23)
[ 3039905ms] ReferenceError: getFlashPeak is not defined
    at PostFX.useFrame [as current] (http://localhost:3000/_next/static/chunks/_1q8ofl-._.js?id=%255Bproject%255D/components/canvas/PostFX.jsx+%255Bapp-client%255D+(ecmascript):42:30)
    at update (http://localhost:3000/_next/static/chunks/node_modules_%40react-three_fiber_dist_events-156d8d12_esm_0wayoq8.js:15369:26)
    at loop (http://localhost:3000/_next/static/chunks/node_modules_%40react-three_fiber_dist_events-156d8d12_esm_0wayoq8.js:15395:23)
[ 3039921ms] ReferenceError: getFlashPeak is not defined
    at PostFX.useFrame [as current] (http://localhost:3000/_next/static/chunks/_1q8ofl-._.js?id=%255Bproject%255D/components/canvas/PostFX.jsx+%255Bapp-client%255D+(ecmascript):42:30)
    at update (http://localhost:3000/_next/static/chunks/node_modules_%40react-three_fiber_dist_events-156d8d12_esm_0wayoq8.js:15369:26)
    at loop (http://localhost:3000/_next/static/chunks/node_modules_%40react-three_fiber_dist_events-156d8d12_esm_0wayoq8.js:15395:23)
[ 3039938ms] ReferenceError: getFlashPeak is not defined
    at PostFX.useFrame [as current] (http://localhost:3000/_next/static/chunks/_1q8ofl-._.js?id=%255Bproject%255D/components/canvas/PostFX.jsx+%255Bapp-client%255D+(ecmascript):42:30)
    at update (http://localhost:3000/_next/static/chunks/node_modules_%40react-three_fiber_dist_events-156d8d12_esm_0wayoq8.js:15369:26)
    at loop (http://localhost:3000/_next/static/chunks/node_modules_%40react-three_fiber_dist_events-156d8d12_esm_0wayoq8.js:15395:23)
[ 3039954ms] ReferenceError: getFlashPeak is not defined
    at PostFX.useFrame [as current] (http://localhost:3000/_next/static/chunks/_1q8ofl-._.js?id=%255Bproject%255D/components/canvas/PostFX.jsx+%255Bapp-client%255D+(ecmascript):42:30)
    at update (http://localhost:3000/_next/static/chunks/node_modules_%40react-three_fiber_dist_events-156d8d12_esm_0wayoq8.js:15369:26)
    at loop (http://localhost:3000/_next/static/chunks/node_modules_%40react-three_fiber_dist_events-156d8d12_esm_0wayoq8.js:15395:23)
[ 3039971ms] ReferenceError: getFlashPeak is not defined
    at PostFX.useFrame [as current] (http://localhost:3000/_next/static/chunks/_1q8ofl-._.js?id=%255Bproject%255D/components/canvas/PostFX.jsx+%255Bapp-client%255D+(ecmascript):42:30)
    at update (http://localhost:3000/_next/static/chunks/node_modules_%40react-three_fiber_dist_events-156d8d12_esm_0wayoq8.js:15369:26)
    at loop (http://localhost:3000/_next/static/chunks/node_modules_%40react-three_fiber_dist_events-156d8d12_esm_0wayoq8.js:15395:23)
[ 3039987ms] ReferenceError: getFlashPeak is not defined
    at PostFX.useFrame [as current] (http://localhost:3000/_next/static/chunks/_1q8ofl-._.js?id=%255Bproject%255D/components/canvas/PostFX.jsx+%255Bapp-client%255D+(ecmascript):42:30)
    at update (http://localhost:3000/_next/static/chunks/node_modules_%40react-three_fiber_dist_events-156d8d12_esm_0wayoq8.js:15369:26)
    at loop (http://localhost:3000/_next/static/chunks/node_modules_%40react-three_fiber_dist_events-156d8d12_esm_0wayoq8.js:15395:23)
[ 3040004ms] ReferenceError: getFlashPeak is not defined
    at PostFX.useFrame [as current] (http://localhost:3000/_next/static/chunks/_1q8ofl-._.js?id=%255Bproject%255D/components/canvas/PostFX.jsx+%255Bapp-client%255D+(ecmascript):42:30)
    at update (http://localhost:3000/_next/static/chunks/node_modules_%40react-three_fiber_dist_events-156d8d12_esm_0wayoq8.js:15369:26)
    at loop (http://localhost:3000/_next/static/chunks/node_modules_%40react-three_fiber_dist_events-156d8d12_esm_0wayoq8.js:15395:23)
[ 3040021ms] ReferenceError: getFlashPeak is not defined
    at PostFX.useFrame [as current] (http://localhost:3000/_next/static/chunks/_1q8ofl-._.js?id=%255Bproject%255D/components/canvas/PostFX.jsx+%255Bapp-client%255D+(ecmascript):42:30)
    at update (http://localhost:3000/_next/static/chunks/node_modules_%40react-three_fiber_dist_events-156d8d12_esm_0wayoq8.js:15369:26)
    at loop (http://localhost:3000/_next/static/chunks/node_modules_%40react-three_fiber_dist_events-156d8d12_esm_0wayoq8.js:15395:23)
[ 3040037ms] ReferenceError: getFlashPeak is not defined
    at PostFX.useFrame [as current] (http://localhost:3000/_next/static/chunks/_1q8ofl-._.js?id=%255Bproject%255D/components/canvas/PostFX.jsx+%255Bapp-client%255D+(ecmascript):42:30)
    at update (http://localhost:3000/_next/static/chunks/node_modules_%40react-three_fiber_dist_events-156d8d12_esm_0wayoq8.js:15369:26)
    at loop (http://localhost:3000/_next/static/chunks/node_modules_%40react-three_fiber_dist_events-156d8d12_esm_0wayoq8.js:15395:23)
[ 3040054ms] ReferenceError: getFlashPeak is not defined
    at PostFX.useFrame [as current] (http://localhost:3000/_next/static/chunks/_1q8ofl-._.js?id=%255Bproject%255D/components/canvas/PostFX.jsx+%255Bapp-client%255D+(ecmascript):42:30)
    at update (http://localhost:3000/_next/static/chunks/node_modules_%40react-three_fiber_dist_events-156d8d12_esm_0wayoq8.js:15369:26)
    at loop (http://localhost:3000/_next/static/chunks/node_modules_%40react-three_fiber_dist_events-156d8d12_esm_0wayoq8.js:15395:23)
[ 3040071ms] ReferenceError: getFlashPeak is not defined
    at PostFX.useFrame [as current] (http://localhost:3000/_next/static/chunks/_1q8ofl-._.js?id=%255Bproject%255D/components/canvas/PostFX.jsx+%255Bapp-client%255D+(ecmascript):42:30)
    at update (http://localhost:3000/_next/static/chunks/node_modules_%40react-three_fiber_dist_events-156d8d12_esm_0wayoq8.js:15369:26)
    at loop (http://localhost:3000/_next/static/chunks/node_modules_%40react-three_fiber_dist_events-156d8d12_esm_0wayoq8.js:15395:23)
[ 3040087ms] ReferenceError: getFlashPeak is not defined
    at PostFX.useFrame [as current] (http://localhost:3000/_next/static/chunks/_1q8ofl-._.js?id=%255Bproject%255D/components/canvas/PostFX.jsx+%255Bapp-client%255D+(ecmascript):42:30)
    at update (http://localhost:3000/_next/static/chunks/node_modules_%40react-three_fiber_dist_events-156d8d12_esm_0wayoq8.js:15369:26)
    at loop (http://localhost:3000/_next/static/chunks/node_modules_%40react-three_fiber_dist_events-156d8d12_esm_0wayoq8.js:15395:23)
[ 3040104ms] ReferenceError: getFlashPeak is not defined
    at PostFX.useFrame [as current] (http://localhost:3000/_next/static/chunks/_1q8ofl-._.js?id=%255Bproject%255D/components/canvas/PostFX.jsx+%255Bapp-client%255D+(ecmascript):42:30)
    at update (http://localhost:3000/_next/static/chunks/node_modules_%40react-three_fiber_dist_events-156d8d12_esm_0wayoq8.js:15369:26)
    at loop (http://localhost:3000/_next/static/chunks/node_modules_%40react-three_fiber_dist_events-156d8d12_esm_0wayoq8.js:15395:23)
[ 3040121ms] ReferenceError: getFlashPeak is not defined
    at PostFX.useFrame [as current] (http://localhost:3000/_next/static/chunks/_1q8ofl-._.js?id=%255Bproject%255D/components/canvas/PostFX.jsx+%255Bapp-client%255D+(ecmascript):42:30)
    at update (http://localhost:3000/_next/static/chunks/node_modules_%40react-three_fiber_dist_events-156d8d12_esm_0wayoq8.js:15369:26)
    at loop (http://localhost:3000/_next/static/chunks/node_modules_%40react-three_fiber_dist_events-156d8d12_esm_0wayoq8.js:15395:23)
[ 3040137ms] ReferenceError: getFlashPeak is not defined
    at PostFX.useFrame [as current] (http://localhost:3000/_next/static/chunks/_1q8ofl-._.js?id=%255Bproject%255D/components/canvas/PostFX.jsx+%255Bapp-client%255D+(ecmascript):42:30)
    at update (http://localhost:3000/_next/static/chunks/node_modules_%40react-three_fiber_dist_events-156d8d12_esm_0wayoq8.js:15369:26)
    at loop (http://localhost:3000/_next/static/chunks/node_modules_%40react-three_fiber_dist_events-156d8d12_esm_0wayoq8.js:15395:23)
[ 3040154ms] ReferenceError: getFlashPeak is not defined
    at PostFX.useFrame [as current] (http://localhost:3000/_next/static/chunks/_1q8ofl-._.js?id=%255Bproject%255D/components/canvas/PostFX.jsx+%255Bapp-client%255D+(ecmascript):42:30)
    at update (http://localhost:3000/_next/static/chunks/node_modules_%40react-three_fiber_dist_events-156d8d12_esm_0wayoq8.js:15369:26)
    at loop (http://localhost:3000/_next/static/chunks/node_modules_%40react-three_fiber_dist_events-156d8d12_esm_0wayoq8.js:15395:23)
[ 3040171ms] ReferenceError: getFlashPeak is not defined
    at PostFX.useFrame [as current] (http://localhost:3000/_next/static/chunks/_1q8ofl-._.js?id=%255Bproject%255D/components/canvas/PostFX.jsx+%255Bapp-client%255D+(ecmascript):42:30)
    at update (http://localhost:3000/_next/static/chunks/node_modules_%40react-three_fiber_dist_events-156d8d12_esm_0wayoq8.js:15369:26)
    at loop (http://localhost:3000/_next/static/chunks/node_modules_%40react-three_fiber_dist_events-156d8d12_esm_0wayoq8.js:15395:23)
[ 3040187ms] ReferenceError: getFlashPeak is not defined
    at PostFX.useFrame [as current] (http://localhost:3000/_next/static/chunks/_1q8ofl-._.js?id=%255Bproject%255D/components/canvas/PostFX.jsx+%255Bapp-client%255D+(ecmascript):42:30)
    at update (http://localhost:3000/_next/static/chunks/node_modules_%40react-three_fiber_dist_events-156d8d12_esm_0wayoq8.js:15369:26)
    at loop (http://localhost:3000/_next/static/chunks/node_modules_%40react-three_fiber_dist_events-156d8d12_esm_0wayoq8.js:15395:23)
[ 3040204ms] ReferenceError: getFlashPeak is not defined
    at PostFX.useFrame [as current] (http://localhost:3000/_next/static/chunks/_1q8ofl-._.js?id=%255Bproject%255D/components/canvas/PostFX.jsx+%255Bapp-client%255D+(ecmascript):42:30)
    at update (http://localhost:3000/_next/static/chunks/node_modules_%40react-three_fiber_dist_events-156d8d12_esm_0wayoq8.js:15369:26)
    at loop (http://localhost:3000/_next/static/chunks/node_modules_%40react-three_fiber_dist_events-156d8d12_esm_0wayoq8.js:15395:23)
[ 3040221ms] ReferenceError: getFlashPeak is not defined
    at PostFX.useFrame [as current] (http://localhost:3000/_next/static/chunks/_1q8ofl-._.js?id=%255Bproject%255D/components/canvas/PostFX.jsx+%255Bapp-client%255D+(ecmascript):42:30)
    at update (http://localhost:3000/_next/static/chunks/node_modules_%40react-three_fiber_dist_events-156d8d12_esm_0wayoq8.js:15369:26)
    at loop (http://localhost:3000/_next/static/chunks/node_modules_%40react-three_fiber_dist_events-156d8d12_esm_0wayoq8.js:15395:23)
[ 3040237ms] ReferenceError: getFlashPeak is not defined
    at PostFX.useFrame [as current] (http://localhost:3000/_next/static/chunks/_1q8ofl-._.js?id=%255Bproject%255D/components/canvas/PostFX.jsx+%255Bapp-client%255D+(ecmascript):42:30)
    at update (http://localhost:3000/_next/static/chunks/node_modules_%40react-three_fiber_dist_events-156d8d12_esm_0wayoq8.js:15369:26)
    at loop (http://localhost:3000/_next/static/chunks/node_modules_%40react-three_fiber_dist_events-156d8d12_esm_0wayoq8.js:15395:23)
[ 3040254ms] ReferenceError: getFlashPeak is not defined
    at PostFX.useFrame [as current] (http://localhost:3000/_next/static/chunks/_1q8ofl-._.js?id=%255Bproject%255D/components/canvas/PostFX.jsx+%255Bapp-client%255D+(ecmascript):42:30)
    at update (http://localhost:3000/_next/static/chunks/node_modules_%40react-three_fiber_dist_events-156d8d12_esm_0wayoq8.js:15369:26)
    at loop (http://localhost:3000/_next/static/chunks/node_modules_%40react-three_fiber_dist_events-156d8d12_esm_0wayoq8.js:15395:23)
[ 3040270ms] ReferenceError: getFlashPeak is not defined
    at PostFX.useFrame [as current] (http://localhost:3000/_next/static/chunks/_1q8ofl-._.js?id=%255Bproject%255D/components/canvas/PostFX.jsx+%255Bapp-client%255D+(ecmascript):42:30)
    at update (http://localhost:3000/_next/static/chunks/node_modules_%40react-three_fiber_dist_events-156d8d12_esm_0wayoq8.js:15369:26)
    at loop (http://localhost:3000/_next/static/chunks/node_modules_%40react-three_fiber_dist_events-156d8d12_esm_0wayoq8.js:15395:23)
[ 3040287ms] ReferenceError: getFlashPeak is not defined
    at PostFX.useFrame [as current] (http://localhost:3000/_next/static/chunks/_1q8ofl-._.js?id=%255Bproject%255D/components/canvas/PostFX.jsx+%255Bapp-client%255D+(ecmascript):42:30)
    at update (http://localhost:3000/_next/static/chunks/node_modules_%40react-three_fiber_dist_events-156d8d12_esm_0wayoq8.js:15369:26)
    at loop (http://localhost:3000/_next/static/chunks/node_modules_%40react-three_fiber_dist_events-156d8d12_esm_0wayoq8.js:15395:23)
[ 3040304ms] ReferenceError: getFlashPeak is not defined
    at PostFX.useFrame [as current] (http://localhost:3000/_next/static/chunks/_1q8ofl-._.js?id=%255Bproject%255D/components/canvas/PostFX.jsx+%255Bapp-client%255D+(ecmascript):42:30)
    at update (http://localhost:3000/_next/static/chunks/node_modules_%40react-three_fiber_dist_events-156d8d12_esm_0wayoq8.js:15369:26)
    at loop (http://localhost:3000/_next/static/chunks/node_modules_%40react-three_fiber_dist_events-156d8d12_esm_0wayoq8.js:15395:23)
[ 3040321ms] ReferenceError: getFlashPeak is not defined
    at PostFX.useFrame [as current] (http://localhost:3000/_next/static/chunks/_1q8ofl-._.js?id=%255Bproject%255D/components/canvas/PostFX.jsx+%255Bapp-client%255D+(ecmascript):42:30)
    at update (http://localhost:3000/_next/static/chunks/node_modules_%40react-three_fiber_dist_events-156d8d12_esm_0wayoq8.js:15369:26)
    at loop (http://localhost:3000/_next/static/chunks/node_modules_%40react-three_fiber_dist_events-156d8d12_esm_0wayoq8.js:15395:23)
[ 3040338ms] ReferenceError: getFlashPeak is not defined
    at PostFX.useFrame [as current] (http://localhost:3000/_next/static/chunks/_1q8ofl-._.js?id=%255Bproject%255D/components/canvas/PostFX.jsx+%255Bapp-client%255D+(ecmascript):42:30)
    at update (http://localhost:3000/_next/static/chunks/node_modules_%40react-three_fiber_dist_events-156d8d12_esm_0wayoq8.js:15369:26)
    at loop (http://localhost:3000/_next/static/chunks/node_modules_%40react-three_fiber_dist_events-156d8d12_esm_0wayoq8.js:15395:23)
[ 3040354ms] ReferenceError: getFlashPeak is not defined
    at PostFX.useFrame [as current] (http://localhost:3000/_next/static/chunks/_1q8ofl-._.js?id=%255Bproject%255D/components/canvas/PostFX.jsx+%255Bapp-client%255D+(ecmascript):42:30)
    at update (http://localhost:3000/_next/static/chunks/node_modules_%40react-three_fiber_dist_events-156d8d12_esm_0wayoq8.js:15369:26)
    at loop (http://localhost:3000/_next/static/chunks/node_modules_%40react-three_fiber_dist_events-156d8d12_esm_0wayoq8.js:15395:23)
[ 3040371ms] ReferenceError: getFlashPeak is not defined
    at PostFX.useFrame [as current] (http://localhost:3000/_next/static/chunks/_1q8ofl-._.js?id=%255Bproject%255D/components/canvas/PostFX.jsx+%255Bapp-client%255D+(ecmascript):42:30)
    at update (http://localhost:3000/_next/static/chunks/node_modules_%40react-three_fiber_dist_events-156d8d12_esm_0wayoq8.js:15369:26)
    at loop (http://localhost:3000/_next/static/chunks/node_modules_%40react-three_fiber_dist_events-156d8d12_esm_0wayoq8.js:15395:23)
[ 3040387ms] ReferenceError: getFlashPeak is not defined
    at PostFX.useFrame [as current] (http://localhost:3000/_next/static/chunks/_1q8ofl-._.js?id=%255Bproject%255D/components/canvas/PostFX.jsx+%255Bapp-client%255D+(ecmascript):42:30)
    at update (http://localhost:3000/_next/static/chunks/node_modules_%40react-three_fiber_dist_events-156d8d12_esm_0wayoq8.js:15369:26)
    at loop (http://localhost:3000/_next/static/chunks/node_modules_%40react-three_fiber_dist_events-156d8d12_esm_0wayoq8.js:15395:23)
[ 3040404ms] ReferenceError: getFlashPeak is not defined
    at PostFX.useFrame [as current] (http://localhost:3000/_next/static/chunks/_1q8ofl-._.js?id=%255Bproject%255D/components/canvas/PostFX.jsx+%255Bapp-client%255D+(ecmascript):42:30)
    at update (http://localhost:3000/_next/static/chunks/node_modules_%40react-three_fiber_dist_events-156d8d12_esm_0wayoq8.js:15369:26)
    at loop (http://localhost:3000/_next/static/chunks/node_modules_%40react-three_fiber_dist_events-156d8d12_esm_0wayoq8.js:15395:23)
[ 3040421ms] ReferenceError: getFlashPeak is not defined
    at PostFX.useFrame [as current] (http://localhost:3000/_next/static/chunks/_1q8ofl-._.js?id=%255Bproject%255D/components/canvas/PostFX.jsx+%255Bapp-client%255D+(ecmascript):42:30)
    at update (http://localhost:3000/_next/static/chunks/node_modules_%40react-three_fiber_dist_events-156d8d12_esm_0wayoq8.js:15369:26)
    at loop (http://localhost:3000/_next/static/chunks/node_modules_%40react-three_fiber_dist_events-156d8d12_esm_0wayoq8.js:15395:23)
[ 3040437ms] ReferenceError: getFlashPeak is not defined
    at PostFX.useFrame [as current] (http://localhost:3000/_next/static/chunks/_1q8ofl-._.js?id=%255Bproject%255D/components/canvas/PostFX.jsx+%255Bapp-client%255D+(ecmascript):42:30)
    at update (http://localhost:3000/_next/static/chunks/node_modules_%40react-three_fiber_dist_events-156d8d12_esm_0wayoq8.js:15369:26)
    at loop (http://localhost:3000/_next/static/chunks/node_modules_%40react-three_fiber_dist_events-156d8d12_esm_0wayoq8.js:15395:23)
[ 3040455ms] ReferenceError: getFlashPeak is not defined
    at PostFX.useFrame [as current] (http://localhost:3000/_next/static/chunks/_1q8ofl-._.js?id=%255Bproject%255D/components/canvas/PostFX.jsx+%255Bapp-client%255D+(ecmascript):42:30)
    at update (http://localhost:3000/_next/static/chunks/node_modules_%40react-three_fiber_dist_events-156d8d12_esm_0wayoq8.js:15369:26)
    at loop (http://localhost:3000/_next/static/chunks/node_modules_%40react-three_fiber_dist_events-156d8d12_esm_0wayoq8.js:15395:23)
[ 3040471ms] ReferenceError: getFlashPeak is not defined
    at PostFX.useFrame [as current] (http://localhost:3000/_next/static/chunks/_1q8ofl-._.js?id=%255Bproject%255D/components/canvas/PostFX.jsx+%255Bapp-client%255D+(ecmascript):42:30)
    at update (http://localhost:3000/_next/static/chunks/node_modules_%40react-three_fiber_dist_events-156d8d12_esm_0wayoq8.js:15369:26)
    at loop (http://localhost:3000/_next/static/chunks/node_modules_%40react-three_fiber_dist_events-156d8d12_esm_0wayoq8.js:15395:23)
[ 3040487ms] ReferenceError: getFlashPeak is not defined
    at PostFX.useFrame [as current] (http://localhost:3000/_next/static/chunks/_1q8ofl-._.js?id=%255Bproject%255D/components/canvas/PostFX.jsx+%255Bapp-client%255D+(ecmascript):42:30)
    at update (http://localhost:3000/_next/static/chunks/node_modules_%40react-three_fiber_dist_events-156d8d12_esm_0wayoq8.js:15369:26)
    at loop (http://localhost:3000/_next/static/chunks/node_modules_%40react-three_fiber_dist_events-156d8d12_esm_0wayoq8.js:15395:23)
[ 3040504ms] ReferenceError: getFlashPeak is not defined
    at PostFX.useFrame [as current] (http://localhost:3000/_next/static/chunks/_1q8ofl-._.js?id=%255Bproject%255D/components/canvas/PostFX.jsx+%255Bapp-client%255D+(ecmascript):42:30)
    at update (http://localhost:3000/_next/static/chunks/node_modules_%40react-three_fiber_dist_events-156d8d12_esm_0wayoq8.js:15369:26)
    at loop (http://localhost:3000/_next/static/chunks/node_modules_%40react-three_fiber_dist_events-156d8d12_esm_0wayoq8.js:15395:23)
[ 3040521ms] ReferenceError: getFlashPeak is not defined
    at PostFX.useFrame [as current] (http://localhost:3000/_next/static/chunks/_1q8ofl-._.js?id=%255Bproject%255D/components/canvas/PostFX.jsx+%255Bapp-client%255D+(ecmascript):42:30)
    at update (http://localhost:3000/_next/static/chunks/node_modules_%40react-three_fiber_dist_events-156d8d12_esm_0wayoq8.js:15369:26)
    at loop (http://localhost:3000/_next/static/chunks/node_modules_%40react-three_fiber_dist_events-156d8d12_esm_0wayoq8.js:15395:23)
[ 3040537ms] ReferenceError: getFlashPeak is not defined
    at PostFX.useFrame [as current] (http://localhost:3000/_next/static/chunks/_1q8ofl-._.js?id=%255Bproject%255D/components/canvas/PostFX.jsx+%255Bapp-client%255D+(ecmascript):42:30)
    at update (http://localhost:3000/_next/static/chunks/node_modules_%40react-three_fiber_dist_events-156d8d12_esm_0wayoq8.js:15369:26)
    at loop (http://localhost:3000/_next/static/chunks/node_modules_%40react-three_fiber_dist_events-156d8d12_esm_0wayoq8.js:15395:23)
[ 3040554ms] ReferenceError: getFlashPeak is not defined
    at PostFX.useFrame [as current] (http://localhost:3000/_next/static/chunks/_1q8ofl-._.js?id=%255Bproject%255D/components/canvas/PostFX.jsx+%255Bapp-client%255D+(ecmascript):42:30)
    at update (http://localhost:3000/_next/static/chunks/node_modules_%40react-three_fiber_dist_events-156d8d12_esm_0wayoq8.js:15369:26)
    at loop (http://localhost:3000/_next/static/chunks/node_modules_%40react-three_fiber_dist_events-156d8d12_esm_0wayoq8.js:15395:23)
[ 3040570ms] ReferenceError: getFlashPeak is not defined
    at PostFX.useFrame [as current] (http://localhost:3000/_next/static/chunks/_1q8ofl-._.js?id=%255Bproject%255D/components/canvas/PostFX.jsx+%255Bapp-client%255D+(ecmascript):42:30)
    at update (http://localhost:3000/_next/static/chunks/node_modules_%40react-three_fiber_dist_events-156d8d12_esm_0wayoq8.js:15369:26)
    at loop (http://localhost:3000/_next/static/chunks/node_modules_%40react-three_fiber_dist_events-156d8d12_esm_0wayoq8.js:15395:23)
[ 3040587ms] ReferenceError: getFlashPeak is not defined
    at PostFX.useFrame [as current] (http://localhost:3000/_next/static/chunks/_1q8ofl-._.js?id=%255Bproject%255D/components/canvas/PostFX.jsx+%255Bapp-client%255D+(ecmascript):42:30)
    at update (http://localhost:3000/_next/static/chunks/node_modules_%40react-three_fiber_dist_events-156d8d12_esm_0wayoq8.js:15369:26)
    at loop (http://localhost:3000/_next/static/chunks/node_modules_%40react-three_fiber_dist_events-156d8d12_esm_0wayoq8.js:15395:23)
[ 3040604ms] ReferenceError: getFlashPeak is not defined
    at PostFX.useFrame [as current] (http://localhost:3000/_next/static/chunks/_1q8ofl-._.js?id=%255Bproject%255D/components/canvas/PostFX.jsx+%255Bapp-client%255D+(ecmascript):42:30)
    at update (http://localhost:3000/_next/static/chunks/node_modules_%40react-three_fiber_dist_events-156d8d12_esm_0wayoq8.js:15369:26)
    at loop (http://localhost:3000/_next/static/chunks/node_modules_%40react-three_fiber_dist_events-156d8d12_esm_0wayoq8.js:15395:23)
[ 3040620ms] ReferenceError: getFlashPeak is not defined
    at PostFX.useFrame [as current] (http://localhost:3000/_next/static/chunks/_1q8ofl-._.js?id=%255Bproject%255D/components/canvas/PostFX.jsx+%255Bapp-client%255D+(ecmascript):42:30)
    at update (http://localhost:3000/_next/static/chunks/node_modules_%40react-three_fiber_dist_events-156d8d12_esm_0wayoq8.js:15369:26)
    at loop (http://localhost:3000/_next/static/chunks/node_modules_%40react-three_fiber_dist_events-156d8d12_esm_0wayoq8.js:15395:23)
[ 3040637ms] ReferenceError: getFlashPeak is not defined
    at PostFX.useFrame [as current] (http://localhost:3000/_next/static/chunks/_1q8ofl-._.js?id=%255Bproject%255D/components/canvas/PostFX.jsx+%255Bapp-client%255D+(ecmascript):42:30)
    at update (http://localhost:3000/_next/static/chunks/node_modules_%40react-three_fiber_dist_events-156d8d12_esm_0wayoq8.js:15369:26)
    at loop (http://localhost:3000/_next/static/chunks/node_modules_%40react-three_fiber_dist_events-156d8d12_esm_0wayoq8.js:15395:23)
[ 3040654ms] ReferenceError: getFlashPeak is not defined
    at PostFX.useFrame [as current] (http://localhost:3000/_next/static/chunks/_1q8ofl-._.js?id=%255Bproject%255D/components/canvas/PostFX.jsx+%255Bapp-client%255D+(ecmascript):42:30)
    at update (http://localhost:3000/_next/static/chunks/node_modules_%40react-three_fiber_dist_events-156d8d12_esm_0wayoq8.js:15369:26)
    at loop (http://localhost:3000/_next/static/chunks/node_modules_%40react-three_fiber_dist_events-156d8d12_esm_0wayoq8.js:15395:23)
[ 3040670ms] ReferenceError: getFlashPeak is not defined
    at PostFX.useFrame [as current] (http://localhost:3000/_next/static/chunks/_1q8ofl-._.js?id=%255Bproject%255D/components/canvas/PostFX.jsx+%255Bapp-client%255D+(ecmascript):42:30)
    at update (http://localhost:3000/_next/static/chunks/node_modules_%40react-three_fiber_dist_events-156d8d12_esm_0wayoq8.js:15369:26)
    at loop (http://localhost:3000/_next/static/chunks/node_modules_%40react-three_fiber_dist_events-156d8d12_esm_0wayoq8.js:15395:23)
[ 3040687ms] ReferenceError: getFlashPeak is not defined
    at PostFX.useFrame [as current] (http://localhost:3000/_next/static/chunks/_1q8ofl-._.js?id=%255Bproject%255D/components/canvas/PostFX.jsx+%255Bapp-client%255D+(ecmascript):42:30)
    at update (http://localhost:3000/_next/static/chunks/node_modules_%40react-three_fiber_dist_events-156d8d12_esm_0wayoq8.js:15369:26)
    at loop (http://localhost:3000/_next/static/chunks/node_modules_%40react-three_fiber_dist_events-156d8d12_esm_0wayoq8.js:15395:23)
[ 3040704ms] ReferenceError: getFlashPeak is not defined
    at PostFX.useFrame [as current] (http://localhost:3000/_next/static/chunks/_1q8ofl-._.js?id=%255Bproject%255D/components/canvas/PostFX.jsx+%255Bapp-client%255D+(ecmascript):42:30)
    at update (http://localhost:3000/_next/static/chunks/node_modules_%40react-three_fiber_dist_events-156d8d12_esm_0wayoq8.js:15369:26)
    at loop (http://localhost:3000/_next/static/chunks/node_modules_%40react-three_fiber_dist_events-156d8d12_esm_0wayoq8.js:15395:23)
[ 3040720ms] ReferenceError: getFlashPeak is not defined
    at PostFX.useFrame [as current] (http://localhost:3000/_next/static/chunks/_1q8ofl-._.js?id=%255Bproject%255D/components/canvas/PostFX.jsx+%255Bapp-client%255D+(ecmascript):42:30)
    at update (http://localhost:3000/_next/static/chunks/node_modules_%40react-three_fiber_dist_events-156d8d12_esm_0wayoq8.js:15369:26)
    at loop (http://localhost:3000/_next/static/chunks/node_modules_%40react-three_fiber_dist_events-156d8d12_esm_0wayoq8.js:15395:23)
[ 3040737ms] ReferenceError: getFlashPeak is not defined
    at PostFX.useFrame [as current] (http://localhost:3000/_next/static/chunks/_1q8ofl-._.js?id=%255Bproject%255D/components/canvas/PostFX.jsx+%255Bapp-client%255D+(ecmascript):42:30)
    at update (http://localhost:3000/_next/static/chunks/node_modules_%40react-three_fiber_dist_events-156d8d12_esm_0wayoq8.js:15369:26)
    at loop (http://localhost:3000/_next/static/chunks/node_modules_%40react-three_fiber_dist_events-156d8d12_esm_0wayoq8.js:15395:23)
[ 3040754ms] ReferenceError: getFlashPeak is not defined
    at PostFX.useFrame [as current] (http://localhost:3000/_next/static/chunks/_1q8ofl-._.js?id=%255Bproject%255D/components/canvas/PostFX.jsx+%255Bapp-client%255D+(ecmascript):42:30)
    at update (http://localhost:3000/_next/static/chunks/node_modules_%40react-three_fiber_dist_events-156d8d12_esm_0wayoq8.js:15369:26)
    at loop (http://localhost:3000/_next/static/chunks/node_modules_%40react-three_fiber_dist_events-156d8d12_esm_0wayoq8.js:15395:23)
[ 3040771ms] ReferenceError: getFlashPeak is not defined
    at PostFX.useFrame [as current] (http://localhost:3000/_next/static/chunks/_1q8ofl-._.js?id=%255Bproject%255D/components/canvas/PostFX.jsx+%255Bapp-client%255D+(ecmascript):42:30)
    at update (http://localhost:3000/_next/static/chunks/node_modules_%40react-three_fiber_dist_events-156d8d12_esm_0wayoq8.js:15369:26)
    at loop (http://localhost:3000/_next/static/chunks/node_modules_%40react-three_fiber_dist_events-156d8d12_esm_0wayoq8.js:15395:23)
[ 3040787ms] ReferenceError: getFlashPeak is not defined
    at PostFX.useFrame [as current] (http://localhost:3000/_next/static/chunks/_1q8ofl-._.js?id=%255Bproject%255D/components/canvas/PostFX.jsx+%255Bapp-client%255D+(ecmascript):42:30)
    at update (http://localhost:3000/_next/static/chunks/node_modules_%40react-three_fiber_dist_events-156d8d12_esm_0wayoq8.js:15369:26)
    at loop (http://localhost:3000/_next/static/chunks/node_modules_%40react-three_fiber_dist_events-156d8d12_esm_0wayoq8.js:15395:23)
[ 3040804ms] ReferenceError: getFlashPeak is not defined
    at PostFX.useFrame [as current] (http://localhost:3000/_next/static/chunks/_1q8ofl-._.js?id=%255Bproject%255D/components/canvas/PostFX.jsx+%255Bapp-client%255D+(ecmascript):42:30)
    at update (http://localhost:3000/_next/static/chunks/node_modules_%40react-three_fiber_dist_events-156d8d12_esm_0wayoq8.js:15369:26)
    at loop (http://localhost:3000/_next/static/chunks/node_modules_%40react-three_fiber_dist_events-156d8d12_esm_0wayoq8.js:15395:23)
[ 3040820ms] ReferenceError: getFlashPeak is not defined
    at PostFX.useFrame [as current] (http://localhost:3000/_next/static/chunks/_1q8ofl-._.js?id=%255Bproject%255D/components/canvas/PostFX.jsx+%255Bapp-client%255D+(ecmascript):42:30)
    at update (http://localhost:3000/_next/static/chunks/node_modules_%40react-three_fiber_dist_events-156d8d12_esm_0wayoq8.js:15369:26)
    at loop (http://localhost:3000/_next/static/chunks/node_modules_%40react-three_fiber_dist_events-156d8d12_esm_0wayoq8.js:15395:23)
[ 3040837ms] ReferenceError: getFlashPeak is not defined
    at PostFX.useFrame [as current] (http://localhost:3000/_next/static/chunks/_1q8ofl-._.js?id=%255Bproject%255D/components/canvas/PostFX.jsx+%255Bapp-client%255D+(ecmascript):42:30)
    at update (http://localhost:3000/_next/static/chunks/node_modules_%40react-three_fiber_dist_events-156d8d12_esm_0wayoq8.js:15369:26)
    at loop (http://localhost:3000/_next/static/chunks/node_modules_%40react-three_fiber_dist_events-156d8d12_esm_0wayoq8.js:15395:23)
[ 3040854ms] ReferenceError: getFlashPeak is not defined
    at PostFX.useFrame [as current] (http://localhost:3000/_next/static/chunks/_1q8ofl-._.js?id=%255Bproject%255D/components/canvas/PostFX.jsx+%255Bapp-client%255D+(ecmascript):42:30)
    at update (http://localhost:3000/_next/static/chunks/node_modules_%40react-three_fiber_dist_events-156d8d12_esm_0wayoq8.js:15369:26)
    at loop (http://localhost:3000/_next/static/chunks/node_modules_%40react-three_fiber_dist_events-156d8d12_esm_0wayoq8.js:15395:23)
[ 3040871ms] ReferenceError: getFlashPeak is not defined
    at PostFX.useFrame [as current] (http://localhost:3000/_next/static/chunks/_1q8ofl-._.js?id=%255Bproject%255D/components/canvas/PostFX.jsx+%255Bapp-client%255D+(ecmascript):42:30)
    at update (http://localhost:3000/_next/static/chunks/node_modules_%40react-three_fiber_dist_events-156d8d12_esm_0wayoq8.js:15369:26)
    at loop (http://localhost:3000/_next/static/chunks/node_modules_%40react-three_fiber_dist_events-156d8d12_esm_0wayoq8.js:15395:23)
[ 3040887ms] ReferenceError: getFlashPeak is not defined
    at PostFX.useFrame [as current] (http://localhost:3000/_next/static/chunks/_1q8ofl-._.js?id=%255Bproject%255D/components/canvas/PostFX.jsx+%255Bapp-client%255D+(ecmascript):42:30)
    at update (http://localhost:3000/_next/static/chunks/node_modules_%40react-three_fiber_dist_events-156d8d12_esm_0wayoq8.js:15369:26)
    at loop (http://localhost:3000/_next/static/chunks/node_modules_%40react-three_fiber_dist_events-156d8d12_esm_0wayoq8.js:15395:23)
[ 3040904ms] ReferenceError: getFlashPeak is not defined
    at PostFX.useFrame [as current] (http://localhost:3000/_next/static/chunks/_1q8ofl-._.js?id=%255Bproject%255D/components/canvas/PostFX.jsx+%255Bapp-client%255D+(ecmascript):42:30)
    at update (http://localhost:3000/_next/static/chunks/node_modules_%40react-three_fiber_dist_events-156d8d12_esm_0wayoq8.js:15369:26)
    at loop (http://localhost:3000/_next/static/chunks/node_modules_%40react-three_fiber_dist_events-156d8d12_esm_0wayoq8.js:15395:23)
[ 3040920ms] ReferenceError: getFlashPeak is not defined
    at PostFX.useFrame [as current] (http://localhost:3000/_next/static/chunks/_1q8ofl-._.js?id=%255Bproject%255D/components/canvas/PostFX.jsx+%255Bapp-client%255D+(ecmascript):42:30)
    at update (http://localhost:3000/_next/static/chunks/node_modules_%40react-three_fiber_dist_events-156d8d12_esm_0wayoq8.js:15369:26)
    at loop (http://localhost:3000/_next/static/chunks/node_modules_%40react-three_fiber_dist_events-156d8d12_esm_0wayoq8.js:15395:23)
[ 3040937ms] ReferenceError: getFlashPeak is not defined
    at PostFX.useFrame [as current] (http://localhost:3000/_next/static/chunks/_1q8ofl-._.js?id=%255Bproject%255D/components/canvas/PostFX.jsx+%255Bapp-client%255D+(ecmascript):42:30)
    at update (http://localhost:3000/_next/static/chunks/node_modules_%40react-three_fiber_dist_events-156d8d12_esm_0wayoq8.js:15369:26)
    at loop (http://localhost:3000/_next/static/chunks/node_modules_%40react-three_fiber_dist_events-156d8d12_esm_0wayoq8.js:15395:23)
[ 3040954ms] ReferenceError: getFlashPeak is not defined
    at PostFX.useFrame [as current] (http://localhost:3000/_next/static/chunks/_1q8ofl-._.js?id=%255Bproject%255D/components/canvas/PostFX.jsx+%255Bapp-client%255D+(ecmascript):42:30)
    at update (http://localhost:3000/_next/static/chunks/node_modules_%40react-three_fiber_dist_events-156d8d12_esm_0wayoq8.js:15369:26)
    at loop (http://localhost:3000/_next/static/chunks/node_modules_%40react-three_fiber_dist_events-156d8d12_esm_0wayoq8.js:15395:23)
[ 3040970ms] ReferenceError: getFlashPeak is not defined
    at PostFX.useFrame [as current] (http://localhost:3000/_next/static/chunks/_1q8ofl-._.js?id=%255Bproject%255D/components/canvas/PostFX.jsx+%255Bapp-client%255D+(ecmascript):42:30)
    at update (http://localhost:3000/_next/static/chunks/node_modules_%40react-three_fiber_dist_events-156d8d12_esm_0wayoq8.js:15369:26)
    at loop (http://localhost:3000/_next/static/chunks/node_modules_%40react-three_fiber_dist_events-156d8d12_esm_0wayoq8.js:15395:23)
[ 3040987ms] ReferenceError: getFlashPeak is not defined
    at PostFX.useFrame [as current] (http://localhost:3000/_next/static/chunks/_1q8ofl-._.js?id=%255Bproject%255D/components/canvas/PostFX.jsx+%255Bapp-client%255D+(ecmascript):42:30)
    at update (http://localhost:3000/_next/static/chunks/node_modules_%40react-three_fiber_dist_events-156d8d12_esm_0wayoq8.js:15369:26)
    at loop (http://localhost:3000/_next/static/chunks/node_modules_%40react-three_fiber_dist_events-156d8d12_esm_0wayoq8.js:15395:23)
[ 3041004ms] ReferenceError: getFlashPeak is not defined
    at PostFX.useFrame [as current] (http://localhost:3000/_next/static/chunks/_1q8ofl-._.js?id=%255Bproject%255D/components/canvas/PostFX.jsx+%255Bapp-client%255D+(ecmascript):42:30)
    at update (http://localhost:3000/_next/static/chunks/node_modules_%40react-three_fiber_dist_events-156d8d12_esm_0wayoq8.js:15369:26)
    at loop (http://localhost:3000/_next/static/chunks/node_modules_%40react-three_fiber_dist_events-156d8d12_esm_0wayoq8.js:15395:23)
[ 3041021ms] ReferenceError: getFlashPeak is not defined
    at PostFX.useFrame [as current] (http://localhost:3000/_next/static/chunks/_1q8ofl-._.js?id=%255Bproject%255D/components/canvas/PostFX.jsx+%255Bapp-client%255D+(ecmascript):42:30)
    at update (http://localhost:3000/_next/static/chunks/node_modules_%40react-three_fiber_dist_events-156d8d12_esm_0wayoq8.js:15369:26)
    at loop (http://localhost:3000/_next/static/chunks/node_modules_%40react-three_fiber_dist_events-156d8d12_esm_0wayoq8.js:15395:23)
[ 3041037ms] ReferenceError: getFlashPeak is not defined
    at PostFX.useFrame [as current] (http://localhost:3000/_next/static/chunks/_1q8ofl-._.js?id=%255Bproject%255D/components/canvas/PostFX.jsx+%255Bapp-client%255D+(ecmascript):42:30)
    at update (http://localhost:3000/_next/static/chunks/node_modules_%40react-three_fiber_dist_events-156d8d12_esm_0wayoq8.js:15369:26)
    at loop (http://localhost:3000/_next/static/chunks/node_modules_%40react-three_fiber_dist_events-156d8d12_esm_0wayoq8.js:15395:23)
[ 3041054ms] ReferenceError: getFlashPeak is not defined
    at PostFX.useFrame [as current] (http://localhost:3000/_next/static/chunks/_1q8ofl-._.js?id=%255Bproject%255D/components/canvas/PostFX.jsx+%255Bapp-client%255D+(ecmascript):42:30)
    at update (http://localhost:3000/_next/static/chunks/node_modules_%40react-three_fiber_dist_events-156d8d12_esm_0wayoq8.js:15369:26)
    at loop (http://localhost:3000/_next/static/chunks/node_modules_%40react-three_fiber_dist_events-156d8d12_esm_0wayoq8.js:15395:23)
[ 3041070ms] ReferenceError: getFlashPeak is not defined
    at PostFX.useFrame [as current] (http://localhost:3000/_next/static/chunks/_1q8ofl-._.js?id=%255Bproject%255D/components/canvas/PostFX.jsx+%255Bapp-client%255D+(ecmascript):42:30)
    at update (http://localhost:3000/_next/static/chunks/node_modules_%40react-three_fiber_dist_events-156d8d12_esm_0wayoq8.js:15369:26)
    at loop (http://localhost:3000/_next/static/chunks/node_modules_%40react-three_fiber_dist_events-156d8d12_esm_0wayoq8.js:15395:23)
[ 3041087ms] ReferenceError: getFlashPeak is not defined
    at PostFX.useFrame [as current] (http://localhost:3000/_next/static/chunks/_1q8ofl-._.js?id=%255Bproject%255D/components/canvas/PostFX.jsx+%255Bapp-client%255D+(ecmascript):42:30)
    at update (http://localhost:3000/_next/static/chunks/node_modules_%40react-three_fiber_dist_events-156d8d12_esm_0wayoq8.js:15369:26)
    at loop (http://localhost:3000/_next/static/chunks/node_modules_%40react-three_fiber_dist_events-156d8d12_esm_0wayoq8.js:15395:23)
[ 3041104ms] ReferenceError: getFlashPeak is not defined
    at PostFX.useFrame [as current] (http://localhost:3000/_next/static/chunks/_1q8ofl-._.js?id=%255Bproject%255D/components/canvas/PostFX.jsx+%255Bapp-client%255D+(ecmascript):42:30)
    at update (http://localhost:3000/_next/static/chunks/node_modules_%40react-three_fiber_dist_events-156d8d12_esm_0wayoq8.js:15369:26)
    at loop (http://localhost:3000/_next/static/chunks/node_modules_%40react-three_fiber_dist_events-156d8d12_esm_0wayoq8.js:15395:23)
[ 3041120ms] ReferenceError: getFlashPeak is not defined
    at PostFX.useFrame [as current] (http://localhost:3000/_next/static/chunks/_1q8ofl-._.js?id=%255Bproject%255D/components/canvas/PostFX.jsx+%255Bapp-client%255D+(ecmascript):42:30)
    at update (http://localhost:3000/_next/static/chunks/node_modules_%40react-three_fiber_dist_events-156d8d12_esm_0wayoq8.js:15369:26)
    at loop (http://localhost:3000/_next/static/chunks/node_modules_%40react-three_fiber_dist_events-156d8d12_esm_0wayoq8.js:15395:23)
[ 3041137ms] ReferenceError: getFlashPeak is not defined
    at PostFX.useFrame [as current] (http://localhost:3000/_next/static/chunks/_1q8ofl-._.js?id=%255Bproject%255D/components/canvas/PostFX.jsx+%255Bapp-client%255D+(ecmascript):42:30)
    at update (http://localhost:3000/_next/static/chunks/node_modules_%40react-three_fiber_dist_events-156d8d12_esm_0wayoq8.js:15369:26)
    at loop (http://localhost:3000/_next/static/chunks/node_modules_%40react-three_fiber_dist_events-156d8d12_esm_0wayoq8.js:15395:23)
[ 3041154ms] ReferenceError: getFlashPeak is not defined
    at PostFX.useFrame [as current] (http://localhost:3000/_next/static/chunks/_1q8ofl-._.js?id=%255Bproject%255D/components/canvas/PostFX.jsx+%255Bapp-client%255D+(ecmascript):42:30)
    at update (http://localhost:3000/_next/static/chunks/node_modules_%40react-three_fiber_dist_events-156d8d12_esm_0wayoq8.js:15369:26)
    at loop (http://localhost:3000/_next/static/chunks/node_modules_%40react-three_fiber_dist_events-156d8d12_esm_0wayoq8.js:15395:23)
[ 3041170ms] ReferenceError: getFlashPeak is not defined
    at PostFX.useFrame [as current] (http://localhost:3000/_next/static/chunks/_1q8ofl-._.js?id=%255Bproject%255D/components/canvas/PostFX.jsx+%255Bapp-client%255D+(ecmascript):42:30)
    at update (http://localhost:3000/_next/static/chunks/node_modules_%40react-three_fiber_dist_events-156d8d12_esm_0wayoq8.js:15369:26)
    at loop (http://localhost:3000/_next/static/chunks/node_modules_%40react-three_fiber_dist_events-156d8d12_esm_0wayoq8.js:15395:23)
[ 3041187ms] ReferenceError: getFlashPeak is not defined
    at PostFX.useFrame [as current] (http://localhost:3000/_next/static/chunks/_1q8ofl-._.js?id=%255Bproject%255D/components/canvas/PostFX.jsx+%255Bapp-client%255D+(ecmascript):42:30)
    at update (http://localhost:3000/_next/static/chunks/node_modules_%40react-three_fiber_dist_events-156d8d12_esm_0wayoq8.js:15369:26)
    at loop (http://localhost:3000/_next/static/chunks/node_modules_%40react-three_fiber_dist_events-156d8d12_esm_0wayoq8.js:15395:23)
[ 3041204ms] ReferenceError: getFlashPeak is not defined
    at PostFX.useFrame [as current] (http://localhost:3000/_next/static/chunks/_1q8ofl-._.js?id=%255Bproject%255D/components/canvas/PostFX.jsx+%255Bapp-client%255D+(ecmascript):42:30)
    at update (http://localhost:3000/_next/static/chunks/node_modules_%40react-three_fiber_dist_events-156d8d12_esm_0wayoq8.js:15369:26)
    at loop (http://localhost:3000/_next/static/chunks/node_modules_%40react-three_fiber_dist_events-156d8d12_esm_0wayoq8.js:15395:23)
[ 3041221ms] ReferenceError: getFlashPeak is not defined
    at PostFX.useFrame [as current] (http://localhost:3000/_next/static/chunks/_1q8ofl-._.js?id=%255Bproject%255D/components/canvas/PostFX.jsx+%255Bapp-client%255D+(ecmascript):42:30)
    at update (http://localhost:3000/_next/static/chunks/node_modules_%40react-three_fiber_dist_events-156d8d12_esm_0wayoq8.js:15369:26)
    at loop (http://localhost:3000/_next/static/chunks/node_modules_%40react-three_fiber_dist_events-156d8d12_esm_0wayoq8.js:15395:23)
[ 3041237ms] ReferenceError: getFlashPeak is not defined
    at PostFX.useFrame [as current] (http://localhost:3000/_next/static/chunks/_1q8ofl-._.js?id=%255Bproject%255D/components/canvas/PostFX.jsx+%255Bapp-client%255D+(ecmascript):42:30)
    at update (http://localhost:3000/_next/static/chunks/node_modules_%40react-three_fiber_dist_events-156d8d12_esm_0wayoq8.js:15369:26)
    at loop (http://localhost:3000/_next/static/chunks/node_modules_%40react-three_fiber_dist_events-156d8d12_esm_0wayoq8.js:15395:23)
[ 3041254ms] ReferenceError: getFlashPeak is not defined
    at PostFX.useFrame [as current] (http://localhost:3000/_next/static/chunks/_1q8ofl-._.js?id=%255Bproject%255D/components/canvas/PostFX.jsx+%255Bapp-client%255D+(ecmascript):42:30)
    at update (http://localhost:3000/_next/static/chunks/node_modules_%40react-three_fiber_dist_events-156d8d12_esm_0wayoq8.js:15369:26)
    at loop (http://localhost:3000/_next/static/chunks/node_modules_%40react-three_fiber_dist_events-156d8d12_esm_0wayoq8.js:15395:23)
[ 3041270ms] ReferenceError: getFlashPeak is not defined
    at PostFX.useFrame [as current] (http://localhost:3000/_next/static/chunks/_1q8ofl-._.js?id=%255Bproject%255D/components/canvas/PostFX.jsx+%255Bapp-client%255D+(ecmascript):42:30)
    at update (http://localhost:3000/_next/static/chunks/node_modules_%40react-three_fiber_dist_events-156d8d12_esm_0wayoq8.js:15369:26)
    at loop (http://localhost:3000/_next/static/chunks/node_modules_%40react-three_fiber_dist_events-156d8d12_esm_0wayoq8.js:15395:23)
[ 3041288ms] ReferenceError: getFlashPeak is not defined
    at PostFX.useFrame [as current] (http://localhost:3000/_next/static/chunks/_1q8ofl-._.js?id=%255Bproject%255D/components/canvas/PostFX.jsx+%255Bapp-client%255D+(ecmascript):42:30)
    at update (http://localhost:3000/_next/static/chunks/node_modules_%40react-three_fiber_dist_events-156d8d12_esm_0wayoq8.js:15369:26)
    at loop (http://localhost:3000/_next/static/chunks/node_modules_%40react-three_fiber_dist_events-156d8d12_esm_0wayoq8.js:15395:23)
[ 3041304ms] ReferenceError: getFlashPeak is not defined
    at PostFX.useFrame [as current] (http://localhost:3000/_next/static/chunks/_1q8ofl-._.js?id=%255Bproject%255D/components/canvas/PostFX.jsx+%255Bapp-client%255D+(ecmascript):42:30)
    at update (http://localhost:3000/_next/static/chunks/node_modules_%40react-three_fiber_dist_events-156d8d12_esm_0wayoq8.js:15369:26)
    at loop (http://localhost:3000/_next/static/chunks/node_modules_%40react-three_fiber_dist_events-156d8d12_esm_0wayoq8.js:15395:23)
[ 3041321ms] ReferenceError: getFlashPeak is not defined
    at PostFX.useFrame [as current] (http://localhost:3000/_next/static/chunks/_1q8ofl-._.js?id=%255Bproject%255D/components/canvas/PostFX.jsx+%255Bapp-client%255D+(ecmascript):42:30)
    at update (http://localhost:3000/_next/static/chunks/node_modules_%40react-three_fiber_dist_events-156d8d12_esm_0wayoq8.js:15369:26)
    at loop (http://localhost:3000/_next/static/chunks/node_modules_%40react-three_fiber_dist_events-156d8d12_esm_0wayoq8.js:15395:23)
[ 3041337ms] ReferenceError: getFlashPeak is not defined
    at PostFX.useFrame [as current] (http://localhost:3000/_next/static/chunks/_1q8ofl-._.js?id=%255Bproject%255D/components/canvas/PostFX.jsx+%255Bapp-client%255D+(ecmascript):42:30)
    at update (http://localhost:3000/_next/static/chunks/node_modules_%40react-three_fiber_dist_events-156d8d12_esm_0wayoq8.js:15369:26)
    at loop (http://localhost:3000/_next/static/chunks/node_modules_%40react-three_fiber_dist_events-156d8d12_esm_0wayoq8.js:15395:23)
[ 3041354ms] ReferenceError: getFlashPeak is not defined
    at PostFX.useFrame [as current] (http://localhost:3000/_next/static/chunks/_1q8ofl-._.js?id=%255Bproject%255D/components/canvas/PostFX.jsx+%255Bapp-client%255D+(ecmascript):42:30)
    at update (http://localhost:3000/_next/static/chunks/node_modules_%40react-three_fiber_dist_events-156d8d12_esm_0wayoq8.js:15369:26)
    at loop (http://localhost:3000/_next/static/chunks/node_modules_%40react-three_fiber_dist_events-156d8d12_esm_0wayoq8.js:15395:23)
[ 3041370ms] ReferenceError: getFlashPeak is not defined
    at PostFX.useFrame [as current] (http://localhost:3000/_next/static/chunks/_1q8ofl-._.js?id=%255Bproject%255D/components/canvas/PostFX.jsx+%255Bapp-client%255D+(ecmascript):42:30)
    at update (http://localhost:3000/_next/static/chunks/node_modules_%40react-three_fiber_dist_events-156d8d12_esm_0wayoq8.js:15369:26)
    at loop (http://localhost:3000/_next/static/chunks/node_modules_%40react-three_fiber_dist_events-156d8d12_esm_0wayoq8.js:15395:23)
[ 3041387ms] ReferenceError: getFlashPeak is not defined
    at PostFX.useFrame [as current] (http://localhost:3000/_next/static/chunks/_1q8ofl-._.js?id=%255Bproject%255D/components/canvas/PostFX.jsx+%255Bapp-client%255D+(ecmascript):42:30)
    at update (http://localhost:3000/_next/static/chunks/node_modules_%40react-three_fiber_dist_events-156d8d12_esm_0wayoq8.js:15369:26)
    at loop (http://localhost:3000/_next/static/chunks/node_modules_%40react-three_fiber_dist_events-156d8d12_esm_0wayoq8.js:15395:23)
[ 3041404ms] ReferenceError: getFlashPeak is not defined
    at PostFX.useFrame [as current] (http://localhost:3000/_next/static/chunks/_1q8ofl-._.js?id=%255Bproject%255D/components/canvas/PostFX.jsx+%255Bapp-client%255D+(ecmascript):42:30)
    at update (http://localhost:3000/_next/static/chunks/node_modules_%40react-three_fiber_dist_events-156d8d12_esm_0wayoq8.js:15369:26)
    at loop (http://localhost:3000/_next/static/chunks/node_modules_%40react-three_fiber_dist_events-156d8d12_esm_0wayoq8.js:15395:23)
[ 3041421ms] ReferenceError: getFlashPeak is not defined
    at PostFX.useFrame [as current] (http://localhost:3000/_next/static/chunks/_1q8ofl-._.js?id=%255Bproject%255D/components/canvas/PostFX.jsx+%255Bapp-client%255D+(ecmascript):42:30)
    at update (http://localhost:3000/_next/static/chunks/node_modules_%40react-three_fiber_dist_events-156d8d12_esm_0wayoq8.js:15369:26)
    at loop (http://localhost:3000/_next/static/chunks/node_modules_%40react-three_fiber_dist_events-156d8d12_esm_0wayoq8.js:15395:23)
[ 3041437ms] ReferenceError: getFlashPeak is not defined
    at PostFX.useFrame [as current] (http://localhost:3000/_next/static/chunks/_1q8ofl-._.js?id=%255Bproject%255D/components/canvas/PostFX.jsx+%255Bapp-client%255D+(ecmascript):42:30)
    at update (http://localhost:3000/_next/static/chunks/node_modules_%40react-three_fiber_dist_events-156d8d12_esm_0wayoq8.js:15369:26)
    at loop (http://localhost:3000/_next/static/chunks/node_modules_%40react-three_fiber_dist_events-156d8d12_esm_0wayoq8.js:15395:23)
[ 3041454ms] ReferenceError: getFlashPeak is not defined
    at PostFX.useFrame [as current] (http://localhost:3000/_next/static/chunks/_1q8ofl-._.js?id=%255Bproject%255D/components/canvas/PostFX.jsx+%255Bapp-client%255D+(ecmascript):42:30)
    at update (http://localhost:3000/_next/static/chunks/node_modules_%40react-three_fiber_dist_events-156d8d12_esm_0wayoq8.js:15369:26)
    at loop (http://localhost:3000/_next/static/chunks/node_modules_%40react-three_fiber_dist_events-156d8d12_esm_0wayoq8.js:15395:23)
[ 3041470ms] ReferenceError: getFlashPeak is not defined
    at PostFX.useFrame [as current] (http://localhost:3000/_next/static/chunks/_1q8ofl-._.js?id=%255Bproject%255D/components/canvas/PostFX.jsx+%255Bapp-client%255D+(ecmascript):42:30)
    at update (http://localhost:3000/_next/static/chunks/node_modules_%40react-three_fiber_dist_events-156d8d12_esm_0wayoq8.js:15369:26)
    at loop (http://localhost:3000/_next/static/chunks/node_modules_%40react-three_fiber_dist_events-156d8d12_esm_0wayoq8.js:15395:23)
[ 3041487ms] ReferenceError: getFlashPeak is not defined
    at PostFX.useFrame [as current] (http://localhost:3000/_next/static/chunks/_1q8ofl-._.js?id=%255Bproject%255D/components/canvas/PostFX.jsx+%255Bapp-client%255D+(ecmascript):42:30)
    at update (http://localhost:3000/_next/static/chunks/node_modules_%40react-three_fiber_dist_events-156d8d12_esm_0wayoq8.js:15369:26)
    at loop (http://localhost:3000/_next/static/chunks/node_modules_%40react-three_fiber_dist_events-156d8d12_esm_0wayoq8.js:15395:23)
[ 3041504ms] ReferenceError: getFlashPeak is not defined
    at PostFX.useFrame [as current] (http://localhost:3000/_next/static/chunks/_1q8ofl-._.js?id=%255Bproject%255D/components/canvas/PostFX.jsx+%255Bapp-client%255D+(ecmascript):42:30)
    at update (http://localhost:3000/_next/static/chunks/node_modules_%40react-three_fiber_dist_events-156d8d12_esm_0wayoq8.js:15369:26)
    at loop (http://localhost:3000/_next/static/chunks/node_modules_%40react-three_fiber_dist_events-156d8d12_esm_0wayoq8.js:15395:23)
[ 3041520ms] ReferenceError: getFlashPeak is not defined
    at PostFX.useFrame [as current] (http://localhost:3000/_next/static/chunks/_1q8ofl-._.js?id=%255Bproject%255D/components/canvas/PostFX.jsx+%255Bapp-client%255D+(ecmascript):42:30)
    at update (http://localhost:3000/_next/static/chunks/node_modules_%40react-three_fiber_dist_events-156d8d12_esm_0wayoq8.js:15369:26)
    at loop (http://localhost:3000/_next/static/chunks/node_modules_%40react-three_fiber_dist_events-156d8d12_esm_0wayoq8.js:15395:23)
[ 3041537ms] ReferenceError: getFlashPeak is not defined
    at PostFX.useFrame [as current] (http://localhost:3000/_next/static/chunks/_1q8ofl-._.js?id=%255Bproject%255D/components/canvas/PostFX.jsx+%255Bapp-client%255D+(ecmascript):42:30)
    at update (http://localhost:3000/_next/static/chunks/node_modules_%40react-three_fiber_dist_events-156d8d12_esm_0wayoq8.js:15369:26)
    at loop (http://localhost:3000/_next/static/chunks/node_modules_%40react-three_fiber_dist_events-156d8d12_esm_0wayoq8.js:15395:23)
[ 3041554ms] ReferenceError: getFlashPeak is not defined
    at PostFX.useFrame [as current] (http://localhost:3000/_next/static/chunks/_1q8ofl-._.js?id=%255Bproject%255D/components/canvas/PostFX.jsx+%255Bapp-client%255D+(ecmascript):42:30)
    at update (http://localhost:3000/_next/static/chunks/node_modules_%40react-three_fiber_dist_events-156d8d12_esm_0wayoq8.js:15369:26)
    at loop (http://localhost:3000/_next/static/chunks/node_modules_%40react-three_fiber_dist_events-156d8d12_esm_0wayoq8.js:15395:23)
[ 3041570ms] ReferenceError: getFlashPeak is not defined
    at PostFX.useFrame [as current] (http://localhost:3000/_next/static/chunks/_1q8ofl-._.js?id=%255Bproject%255D/components/canvas/PostFX.jsx+%255Bapp-client%255D+(ecmascript):42:30)
    at update (http://localhost:3000/_next/static/chunks/node_modules_%40react-three_fiber_dist_events-156d8d12_esm_0wayoq8.js:15369:26)
    at loop (http://localhost:3000/_next/static/chunks/node_modules_%40react-three_fiber_dist_events-156d8d12_esm_0wayoq8.js:15395:23)
[ 3041588ms] ReferenceError: getFlashPeak is not defined
    at PostFX.useFrame [as current] (http://localhost:3000/_next/static/chunks/_1q8ofl-._.js?id=%255Bproject%255D/components/canvas/PostFX.jsx+%255Bapp-client%255D+(ecmascript):42:30)
    at update (http://localhost:3000/_next/static/chunks/node_modules_%40react-three_fiber_dist_events-156d8d12_esm_0wayoq8.js:15369:26)
    at loop (http://localhost:3000/_next/static/chunks/node_modules_%40react-three_fiber_dist_events-156d8d12_esm_0wayoq8.js:15395:23)
[ 3041604ms] ReferenceError: getFlashPeak is not defined
    at PostFX.useFrame [as current] (http://localhost:3000/_next/static/chunks/_1q8ofl-._.js?id=%255Bproject%255D/components/canvas/PostFX.jsx+%255Bapp-client%255D+(ecmascript):42:30)
    at update (http://localhost:3000/_next/static/chunks/node_modules_%40react-three_fiber_dist_events-156d8d12_esm_0wayoq8.js:15369:26)
    at loop (http://localhost:3000/_next/static/chunks/node_modules_%40react-three_fiber_dist_events-156d8d12_esm_0wayoq8.js:15395:23)
[ 3041620ms] ReferenceError: getFlashPeak is not defined
    at PostFX.useFrame [as current] (http://localhost:3000/_next/static/chunks/_1q8ofl-._.js?id=%255Bproject%255D/components/canvas/PostFX.jsx+%255Bapp-client%255D+(ecmascript):42:30)
    at update (http://localhost:3000/_next/static/chunks/node_modules_%40react-three_fiber_dist_events-156d8d12_esm_0wayoq8.js:15369:26)
    at loop (http://localhost:3000/_next/static/chunks/node_modules_%40react-three_fiber_dist_events-156d8d12_esm_0wayoq8.js:15395:23)
[ 3041637ms] ReferenceError: getFlashPeak is not defined
    at PostFX.useFrame [as current] (http://localhost:3000/_next/static/chunks/_1q8ofl-._.js?id=%255Bproject%255D/components/canvas/PostFX.jsx+%255Bapp-client%255D+(ecmascript):42:30)
    at update (http://localhost:3000/_next/static/chunks/node_modules_%40react-three_fiber_dist_events-156d8d12_esm_0wayoq8.js:15369:26)
    at loop (http://localhost:3000/_next/static/chunks/node_modules_%40react-three_fiber_dist_events-156d8d12_esm_0wayoq8.js:15395:23)
[ 3041654ms] ReferenceError: getFlashPeak is not defined
    at PostFX.useFrame [as current] (http://localhost:3000/_next/static/chunks/_1q8ofl-._.js?id=%255Bproject%255D/components/canvas/PostFX.jsx+%255Bapp-client%255D+(ecmascript):42:30)
    at update (http://localhost:3000/_next/static/chunks/node_modules_%40react-three_fiber_dist_events-156d8d12_esm_0wayoq8.js:15369:26)
    at loop (http://localhost:3000/_next/static/chunks/node_modules_%40react-three_fiber_dist_events-156d8d12_esm_0wayoq8.js:15395:23)
[ 3041671ms] ReferenceError: getFlashPeak is not defined
    at PostFX.useFrame [as current] (http://localhost:3000/_next/static/chunks/_1q8ofl-._.js?id=%255Bproject%255D/components/canvas/PostFX.jsx+%255Bapp-client%255D+(ecmascript):42:30)
    at update (http://localhost:3000/_next/static/chunks/node_modules_%40react-three_fiber_dist_events-156d8d12_esm_0wayoq8.js:15369:26)
    at loop (http://localhost:3000/_next/static/chunks/node_modules_%40react-three_fiber_dist_events-156d8d12_esm_0wayoq8.js:15395:23)
[ 3041687ms] ReferenceError: getFlashPeak is not defined
    at PostFX.useFrame [as current] (http://localhost:3000/_next/static/chunks/_1q8ofl-._.js?id=%255Bproject%255D/components/canvas/PostFX.jsx+%255Bapp-client%255D+(ecmascript):42:30)
    at update (http://localhost:3000/_next/static/chunks/node_modules_%40react-three_fiber_dist_events-156d8d12_esm_0wayoq8.js:15369:26)
    at loop (http://localhost:3000/_next/static/chunks/node_modules_%40react-three_fiber_dist_events-156d8d12_esm_0wayoq8.js:15395:23)
[ 3041704ms] ReferenceError: getFlashPeak is not defined
    at PostFX.useFrame [as current] (http://localhost:3000/_next/static/chunks/_1q8ofl-._.js?id=%255Bproject%255D/components/canvas/PostFX.jsx+%255Bapp-client%255D+(ecmascript):42:30)
    at update (http://localhost:3000/_next/static/chunks/node_modules_%40react-three_fiber_dist_events-156d8d12_esm_0wayoq8.js:15369:26)
    at loop (http://localhost:3000/_next/static/chunks/node_modules_%40react-three_fiber_dist_events-156d8d12_esm_0wayoq8.js:15395:23)
[ 3041721ms] ReferenceError: getFlashPeak is not defined
    at PostFX.useFrame [as current] (http://localhost:3000/_next/static/chunks/_1q8ofl-._.js?id=%255Bproject%255D/components/canvas/PostFX.jsx+%255Bapp-client%255D+(ecmascript):42:30)
    at update (http://localhost:3000/_next/static/chunks/node_modules_%40react-three_fiber_dist_events-156d8d12_esm_0wayoq8.js:15369:26)
    at loop (http://localhost:3000/_next/static/chunks/node_modules_%40react-three_fiber_dist_events-156d8d12_esm_0wayoq8.js:15395:23)
[ 3041737ms] ReferenceError: getFlashPeak is not defined
    at PostFX.useFrame [as current] (http://localhost:3000/_next/static/chunks/_1q8ofl-._.js?id=%255Bproject%255D/components/canvas/PostFX.jsx+%255Bapp-client%255D+(ecmascript):42:30)
    at update (http://localhost:3000/_next/static/chunks/node_modules_%40react-three_fiber_dist_events-156d8d12_esm_0wayoq8.js:15369:26)
    at loop (http://localhost:3000/_next/static/chunks/node_modules_%40react-three_fiber_dist_events-156d8d12_esm_0wayoq8.js:15395:23)
[ 3041754ms] ReferenceError: getFlashPeak is not defined
    at PostFX.useFrame [as current] (http://localhost:3000/_next/static/chunks/_1q8ofl-._.js?id=%255Bproject%255D/components/canvas/PostFX.jsx+%255Bapp-client%255D+(ecmascript):42:30)
    at update (http://localhost:3000/_next/static/chunks/node_modules_%40react-three_fiber_dist_events-156d8d12_esm_0wayoq8.js:15369:26)
    at loop (http://localhost:3000/_next/static/chunks/node_modules_%40react-three_fiber_dist_events-156d8d12_esm_0wayoq8.js:15395:23)
[ 3041771ms] ReferenceError: getFlashPeak is not defined
    at PostFX.useFrame [as current] (http://localhost:3000/_next/static/chunks/_1q8ofl-._.js?id=%255Bproject%255D/components/canvas/PostFX.jsx+%255Bapp-client%255D+(ecmascript):42:30)
    at update (http://localhost:3000/_next/static/chunks/node_modules_%40react-three_fiber_dist_events-156d8d12_esm_0wayoq8.js:15369:26)
    at loop (http://localhost:3000/_next/static/chunks/node_modules_%40react-three_fiber_dist_events-156d8d12_esm_0wayoq8.js:15395:23)
[ 3041787ms] ReferenceError: getFlashPeak is not defined
    at PostFX.useFrame [as current] (http://localhost:3000/_next/static/chunks/_1q8ofl-._.js?id=%255Bproject%255D/components/canvas/PostFX.jsx+%255Bapp-client%255D+(ecmascript):42:30)
    at update (http://localhost:3000/_next/static/chunks/node_modules_%40react-three_fiber_dist_events-156d8d12_esm_0wayoq8.js:15369:26)
    at loop (http://localhost:3000/_next/static/chunks/node_modules_%40react-three_fiber_dist_events-156d8d12_esm_0wayoq8.js:15395:23)
[ 3041804ms] ReferenceError: getFlashPeak is not defined
    at PostFX.useFrame [as current] (http://localhost:3000/_next/static/chunks/_1q8ofl-._.js?id=%255Bproject%255D/components/canvas/PostFX.jsx+%255Bapp-client%255D+(ecmascript):42:30)
    at update (http://localhost:3000/_next/static/chunks/node_modules_%40react-three_fiber_dist_events-156d8d12_esm_0wayoq8.js:15369:26)
    at loop (http://localhost:3000/_next/static/chunks/node_modules_%40react-three_fiber_dist_events-156d8d12_esm_0wayoq8.js:15395:23)
[ 3041810ms] [LOG] [Fast Refresh] done in 700ms @ http://localhost:3000/_next/static/chunks/node_modules_next_dist_1e8vcs8._.js:776
[ 3041820ms] ReferenceError: getFlashPeak is not defined
    at PostFX.useFrame [as current] (http://localhost:3000/_next/static/chunks/_1q8ofl-._.js?id=%255Bproject%255D/components/canvas/PostFX.jsx+%255Bapp-client%255D+(ecmascript):42:30)
    at update (http://localhost:3000/_next/static/chunks/node_modules_%40react-three_fiber_dist_events-156d8d12_esm_0wayoq8.js:15369:26)
    at loop (http://localhost:3000/_next/static/chunks/node_modules_%40react-three_fiber_dist_events-156d8d12_esm_0wayoq8.js:15395:23)
[ 3041837ms] ReferenceError: getFlashPeak is not defined
    at PostFX.useFrame [as current] (http://localhost:3000/_next/static/chunks/_1q8ofl-._.js?id=%255Bproject%255D/components/canvas/PostFX.jsx+%255Bapp-client%255D+(ecmascript):42:30)
    at update (http://localhost:3000/_next/static/chunks/node_modules_%40react-three_fiber_dist_events-156d8d12_esm_0wayoq8.js:15369:26)
    at loop (http://localhost:3000/_next/static/chunks/node_modules_%40react-three_fiber_dist_events-156d8d12_esm_0wayoq8.js:15395:23)
[ 3041854ms] ReferenceError: getFlashPeak is not defined
    at PostFX.useFrame [as current] (http://localhost:3000/_next/static/chunks/_1q8ofl-._.js?id=%255Bproject%255D/components/canvas/PostFX.jsx+%255Bapp-client%255D+(ecmascript):42:30)
    at update (http://localhost:3000/_next/static/chunks/node_modules_%40react-three_fiber_dist_events-156d8d12_esm_0wayoq8.js:15369:26)
    at loop (http://localhost:3000/_next/static/chunks/node_modules_%40react-three_fiber_dist_events-156d8d12_esm_0wayoq8.js:15395:23)
[ 3041871ms] ReferenceError: getFlashPeak is not defined
    at PostFX.useFrame [as current] (http://localhost:3000/_next/static/chunks/_1q8ofl-._.js?id=%255Bproject%255D/components/canvas/PostFX.jsx+%255Bapp-client%255D+(ecmascript):42:30)
    at update (http://localhost:3000/_next/static/chunks/node_modules_%40react-three_fiber_dist_events-156d8d12_esm_0wayoq8.js:15369:26)
    at loop (http://localhost:3000/_next/static/chunks/node_modules_%40react-three_fiber_dist_events-156d8d12_esm_0wayoq8.js:15395:23)
[ 3041876ms] [LOG] [Fast Refresh] rebuilding @ http://localhost:3000/_next/static/chunks/node_modules_next_dist_1e8vcs8._.js:776
[ 3044058ms] [LOG] [Fast Refresh] done in 18ms @ http://localhost:3000/_next/static/chunks/node_modules_next_dist_1e8vcs8._.js:776
[ 3054121ms] [LOG] [Fast Refresh] rebuilding @ http://localhost:3000/_next/static/chunks/node_modules_next_dist_1e8vcs8._.js:776
[ 3054172ms] [LOG] [Fast Refresh] done in 129ms @ http://localhost:3000/_next/static/chunks/node_modules_next_dist_1e8vcs8._.js:776
[ 3054288ms] [WARNING] THREE.Clock: This module has been deprecated. Please use THREE.Timer instead. @ http://localhost:3000/_next/static/chunks/node_modules_next_dist_1e8vcs8._.js:776
[ 3054889ms] [LOG] THREE.WebGLRenderer: Context Lost. @ http://localhost:3000/_next/static/chunks/node_modules_next_dist_1e8vcs8._.js:776
[ 3069888ms] [LOG] [Fast Refresh] rebuilding @ http://localhost:3000/_next/static/chunks/node_modules_next_dist_1e8vcs8._.js:776
[ 3070128ms] [LOG] [Fast Refresh] done in 339ms @ http://localhost:3000/_next/static/chunks/node_modules_next_dist_1e8vcs8._.js:776
[ 3070205ms] [LOG] [Fast Refresh] done in 339ms @ http://localhost:3000/_next/static/chunks/node_modules_next_dist_1e8vcs8._.js:776
[ 3070246ms] [LOG] [Fast Refresh] done in 339ms @ http://localhost:3000/_next/static/chunks/node_modules_next_dist_1e8vcs8._.js:776
[ 3070295ms] [LOG] [Fast Refresh] done in 339ms @ http://localhost:3000/_next/static/chunks/node_modules_next_dist_1e8vcs8._.js:776
[ 3070324ms] [WARNING] THREE.Clock: This module has been deprecated. Please use THREE.Timer instead. @ http://localhost:3000/_next/static/chunks/node_modules_next_dist_1e8vcs8._.js:776
[ 3070965ms] [LOG] THREE.WebGLRenderer: Context Lost. @ http://localhost:3000/_next/static/chunks/node_modules_next_dist_1e8vcs8._.js:776
[ 3089316ms] [LOG] [Fast Refresh] done in 339ms @ http://localhost:3000/_next/static/chunks/node_modules_next_dist_1e8vcs8._.js:776
[ 3089914ms] [LOG] [Fast Refresh] done in 339ms @ http://localhost:3000/_next/static/chunks/node_modules_next_dist_1e8vcs8._.js:776
[ 3180788ms] [LOG] [Fast Refresh] rebuilding @ http://localhost:3000/_next/static/chunks/node_modules_next_dist_1e8vcs8._.js:776
[ 3181821ms] [LOG] [Fast Refresh] done in 100ms @ http://localhost:3000/_next/static/chunks/node_modules_next_dist_1e8vcs8._.js:776
[ 3181821ms] [LOG] [Fast Refresh] done in 100ms @ http://localhost:3000/_next/static/chunks/node_modules_next_dist_1e8vcs8._.js:776
[ 3181822ms] [LOG] [Fast Refresh] done in 100ms @ http://localhost:3000/_next/static/chunks/node_modules_next_dist_1e8vcs8._.js:776
[ 3192655ms] [LOG] [Fast Refresh] rebuilding @ http://localhost:3000/_next/static/chunks/node_modules_next_dist_1e8vcs8._.js:776
[ 3193488ms] [LOG] [Fast Refresh] done in 46ms @ http://localhost:3000/_next/static/chunks/node_modules_next_dist_1e8vcs8._.js:776
[ 3193488ms] [LOG] [Fast Refresh] done in 46ms @ http://localhost:3000/_next/static/chunks/node_modules_next_dist_1e8vcs8._.js:776
[ 3201262ms] [LOG] [Fast Refresh] rebuilding @ http://localhost:3000/_next/static/chunks/node_modules_next_dist_1e8vcs8._.js:776
[ 3201983ms] [LOG] [Fast Refresh] done in 18ms @ http://localhost:3000/_next/static/chunks/node_modules_next_dist_1e8vcs8._.js:776
[ 3201984ms] [LOG] [Fast Refresh] done in 18ms @ http://localhost:3000/_next/static/chunks/node_modules_next_dist_1e8vcs8._.js:776
[ 3201985ms] [LOG] [Fast Refresh] done in 18ms @ http://localhost:3000/_next/static/chunks/node_modules_next_dist_1e8vcs8._.js:776
[ 3215939ms] [LOG] [Fast Refresh] done in 18ms @ http://localhost:3000/_next/static/chunks/node_modules_next_dist_1e8vcs8._.js:776
[ 3216075ms] [LOG] [Fast Refresh] rebuilding @ http://localhost:3000/_next/static/chunks/node_modules_next_dist_1e8vcs8._.js:776
[ 3216827ms] [LOG] [Fast Refresh] done in 40ms @ http://localhost:3000/_next/static/chunks/node_modules_next_dist_1e8vcs8._.js:776
[ 3216827ms] [LOG] [Fast Refresh] done in 40ms @ http://localhost:3000/_next/static/chunks/node_modules_next_dist_1e8vcs8._.js:776
[ 3216828ms] [LOG] [Fast Refresh] done in 40ms @ http://localhost:3000/_next/static/chunks/node_modules_next_dist_1e8vcs8._.js:776
[ 3247838ms] [LOG] [Fast Refresh] rebuilding @ http://localhost:3000/_next/static/chunks/node_modules_next_dist_1e8vcs8._.js:776
[ 3248723ms] [LOG] [Fast Refresh] done in 34ms @ http://localhost:3000/_next/static/chunks/node_modules_next_dist_1e8vcs8._.js:776
[ 3248737ms] [LOG] [Fast Refresh] done in 34ms @ http://localhost:3000/_next/static/chunks/node_modules_next_dist_1e8vcs8._.js:776
[ 3248738ms] [LOG] [Fast Refresh] done in 34ms @ http://localhost:3000/_next/static/chunks/node_modules_next_dist_1e8vcs8._.js:776
[ 3248739ms] [LOG] [Fast Refresh] done in 34ms @ http://localhost:3000/_next/static/chunks/node_modules_next_dist_1e8vcs8._.js:776
[ 3248739ms] [LOG] [Fast Refresh] done in 34ms @ http://localhost:3000/_next/static/chunks/node_modules_next_dist_1e8vcs8._.js:776
[ 3272531ms] [LOG] [Fast Refresh] done in 34ms @ http://localhost:3000/_next/static/chunks/node_modules_next_dist_1e8vcs8._.js:776
[ 3273811ms] [LOG] [Fast Refresh] rebuilding @ http://localhost:3000/_next/static/chunks/node_modules_next_dist_1e8vcs8._.js:776
[ 3274576ms] [LOG] [Fast Refresh] done in 179ms @ http://localhost:3000/_next/static/chunks/node_modules_next_dist_1e8vcs8._.js:776
[ 3325947ms] [LOG] [Fast Refresh] done in 179ms @ http://localhost:3000/_next/static/chunks/node_modules_next_dist_1e8vcs8._.js:776
[ 3327017ms] [LOG] [Fast Refresh] done in 179ms @ http://localhost:3000/_next/static/chunks/node_modules_next_dist_1e8vcs8._.js:776
[ 3348890ms] [LOG] [Fast Refresh] done in 179ms @ http://localhost:3000/_next/static/chunks/node_modules_next_dist_1e8vcs8._.js:776
[ 3356574ms] [LOG] [Fast Refresh] done in 179ms @ http://localhost:3000/_next/static/chunks/node_modules_next_dist_1e8vcs8._.js:776
[ 3356793ms] [LOG] [Fast Refresh] rebuilding @ http://localhost:3000/_next/static/chunks/node_modules_next_dist_1e8vcs8._.js:776
[ 3356931ms] [LOG] [Fast Refresh] done in 226ms @ http://localhost:3000/_next/static/chunks/node_modules_next_dist_1e8vcs8._.js:776
[ 3357068ms] [WARNING] THREE.Clock: This module has been deprecated. Please use THREE.Timer instead. @ http://localhost:3000/_next/static/chunks/node_modules_next_dist_1e8vcs8._.js:776
[ 3357757ms] [LOG] THREE.WebGLRenderer: Context Lost. @ http://localhost:3000/_next/static/chunks/node_modules_next_dist_1e8vcs8._.js:776
[ 3364519ms] [LOG] [Fast Refresh] rebuilding @ http://localhost:3000/_next/static/chunks/node_modules_next_dist_1e8vcs8._.js:776
[ 3364539ms] [LOG] [Fast Refresh] done in 19ms @ http://localhost:3000/_next/static/chunks/node_modules_next_dist_1e8vcs8._.js:776
[ 3364543ms] [LOG] [Fast Refresh] done in 19ms @ http://localhost:3000/_next/static/chunks/node_modules_next_dist_1e8vcs8._.js:776
[ 3376697ms] [LOG] [Fast Refresh] rebuilding @ http://localhost:3000/_next/static/chunks/node_modules_next_dist_1e8vcs8._.js:776
[ 3376718ms] [LOG] [Fast Refresh] done in 9ms @ http://localhost:3000/_next/static/chunks/node_modules_next_dist_1e8vcs8._.js:776
[ 3376734ms] [LOG] [Fast Refresh] done in 9ms @ http://localhost:3000/_next/static/chunks/node_modules_next_dist_1e8vcs8._.js:776
[ 3383541ms] [LOG] [Fast Refresh] done in 9ms @ http://localhost:3000/_next/static/chunks/node_modules_next_dist_1e8vcs8._.js:776
[ 3383570ms] [LOG] [Fast Refresh] rebuilding @ http://localhost:3000/_next/static/chunks/node_modules_next_dist_1e8vcs8._.js:776
[ 3383595ms] [LOG] [Fast Refresh] done in 14ms @ http://localhost:3000/_next/static/chunks/node_modules_next_dist_1e8vcs8._.js:776
[ 3391242ms] [LOG] [Fast Refresh] done in 14ms @ http://localhost:3000/_next/static/chunks/node_modules_next_dist_1e8vcs8._.js:776
[ 3391688ms] [LOG] [Fast Refresh] rebuilding @ http://localhost:3000/_next/static/chunks/node_modules_next_dist_1e8vcs8._.js:776
[ 3391711ms] [LOG] [Fast Refresh] done in 40ms @ http://localhost:3000/_next/static/chunks/node_modules_next_dist_1e8vcs8._.js:776
[ 3404543ms] [LOG] [Fast Refresh] done in 40ms @ http://localhost:3000/_next/static/chunks/node_modules_next_dist_1e8vcs8._.js:776
[ 3404576ms] [LOG] [Fast Refresh] rebuilding @ http://localhost:3000/_next/static/chunks/node_modules_next_dist_1e8vcs8._.js:776
[ 3404601ms] [LOG] [Fast Refresh] done in 13ms @ http://localhost:3000/_next/static/chunks/node_modules_next_dist_1e8vcs8._.js:776
[ 3429350ms] [LOG] [Fast Refresh] done in 13ms @ http://localhost:3000/_next/static/chunks/node_modules_next_dist_1e8vcs8._.js:776
[ 3429387ms] [LOG] [Fast Refresh] rebuilding @ http://localhost:3000/_next/static/chunks/node_modules_next_dist_1e8vcs8._.js:776
[ 3429410ms] [LOG] [Fast Refresh] done in 17ms @ http://localhost:3000/_next/static/chunks/node_modules_next_dist_1e8vcs8._.js:776
[ 3439267ms] [LOG] [Fast Refresh] done in 17ms @ http://localhost:3000/_next/static/chunks/node_modules_next_dist_1e8vcs8._.js:776
[ 3440007ms] [LOG] [Fast Refresh] rebuilding @ http://localhost:3000/_next/static/chunks/node_modules_next_dist_1e8vcs8._.js:776
[ 3440032ms] [LOG] [Fast Refresh] done in 15ms @ http://localhost:3000/_next/static/chunks/node_modules_next_dist_1e8vcs8._.js:776
[ 3467435ms] [LOG] [Fast Refresh] done in 15ms @ http://localhost:3000/_next/static/chunks/node_modules_next_dist_1e8vcs8._.js:776
[ 3468100ms] [LOG] [Fast Refresh] done in 15ms @ http://localhost:3000/_next/static/chunks/node_modules_next_dist_1e8vcs8._.js:776
[ 3468145ms] [LOG] [Fast Refresh] done in 15ms @ http://localhost:3000/_next/static/chunks/node_modules_next_dist_1e8vcs8._.js:776
[ 3494492ms] [LOG] [Fast Refresh] done in 15ms @ http://localhost:3000/_next/static/chunks/node_modules_next_dist_1e8vcs8._.js:776
[ 3494574ms] [LOG] [Fast Refresh] rebuilding @ http://localhost:3000/_next/static/chunks/node_modules_next_dist_1e8vcs8._.js:776
[ 3494603ms] [LOG] [Fast Refresh] done in 17ms @ http://localhost:3000/_next/static/chunks/node_modules_next_dist_1e8vcs8._.js:776
[ 3494726ms] [WARNING] THREE.Clock: This module has been deprecated. Please use THREE.Timer instead. @ http://localhost:3000/_next/static/chunks/node_modules_next_dist_1e8vcs8._.js:776
[ 3495394ms] [LOG] THREE.WebGLRenderer: Context Lost. @ http://localhost:3000/_next/static/chunks/node_modules_next_dist_1e8vcs8._.js:776
[ 3507085ms] [LOG] [Fast Refresh] done in 17ms @ http://localhost:3000/_next/static/chunks/node_modules_next_dist_1e8vcs8._.js:776
[ 3507118ms] [LOG] [Fast Refresh] rebuilding @ http://localhost:3000/_next/static/chunks/node_modules_next_dist_1e8vcs8._.js:776
[ 3507142ms] [LOG] [Fast Refresh] done in 16ms @ http://localhost:3000/_next/static/chunks/node_modules_next_dist_1e8vcs8._.js:776
[ 3522542ms] [LOG] [Fast Refresh] done in 16ms @ http://localhost:3000/_next/static/chunks/node_modules_next_dist_1e8vcs8._.js:776
[ 3522715ms] [LOG] [Fast Refresh] done in 16ms @ http://localhost:3000/_next/static/chunks/node_modules_next_dist_1e8vcs8._.js:776
[ 3522780ms] [LOG] [Fast Refresh] done in 16ms @ http://localhost:3000/_next/static/chunks/node_modules_next_dist_1e8vcs8._.js:776
[ 3532537ms] [LOG] [Fast Refresh] done in 16ms @ http://localhost:3000/_next/static/chunks/node_modules_next_dist_1e8vcs8._.js:776
[ 3533603ms] [LOG] [Fast Refresh] done in 16ms @ http://localhost:3000/_next/static/chunks/node_modules_next_dist_1e8vcs8._.js:776
[ 3562607ms] [LOG] [Fast Refresh] done in 16ms @ http://localhost:3000/_next/static/chunks/node_modules_next_dist_1e8vcs8._.js:776
[ 3562653ms] [LOG] [Fast Refresh] done in 16ms @ http://localhost:3000/_next/static/chunks/node_modules_next_dist_1e8vcs8._.js:776
[ 3572719ms] [LOG] [Fast Refresh] done in 16ms @ http://localhost:3000/_next/static/chunks/node_modules_next_dist_1e8vcs8._.js:776
[ 3585655ms] [LOG] [Fast Refresh] done in 16ms @ http://localhost:3000/_next/static/chunks/node_modules_next_dist_1e8vcs8._.js:776
[ 3585876ms] [LOG] [Fast Refresh] rebuilding @ http://localhost:3000/_next/static/chunks/node_modules_next_dist_1e8vcs8._.js:776
[ 3586354ms] [LOG] [Fast Refresh] done in 531ms @ http://localhost:3000/_next/static/chunks/node_modules_next_dist_1e8vcs8._.js:776
[ 3586439ms] [LOG] [Fast Refresh] done in 531ms @ http://localhost:3000/_next/static/chunks/node_modules_next_dist_1e8vcs8._.js:776
[ 3586488ms] [LOG] [Fast Refresh] done in 531ms @ http://localhost:3000/_next/static/chunks/node_modules_next_dist_1e8vcs8._.js:776
[ 3586579ms] [WARNING] THREE.Clock: This module has been deprecated. Please use THREE.Timer instead. @ http://localhost:3000/_next/static/chunks/node_modules_next_dist_1e8vcs8._.js:776
[ 3587196ms] [LOG] THREE.WebGLRenderer: Context Lost. @ http://localhost:3000/_next/static/chunks/node_modules_next_dist_1e8vcs8._.js:776
[ 3591213ms] [LOG] [Fast Refresh] done in 531ms @ http://localhost:3000/_next/static/chunks/node_modules_next_dist_1e8vcs8._.js:776
[ 3591428ms] [LOG] [Fast Refresh] rebuilding @ http://localhost:3000/_next/static/chunks/node_modules_next_dist_1e8vcs8._.js:776
[ 3592406ms] [LOG] [Fast Refresh] done in 1010ms @ http://localhost:3000/_next/static/chunks/node_modules_next_dist_1e8vcs8._.js:776
[ 3592448ms] [LOG] [Fast Refresh] done in 1010ms @ http://localhost:3000/_next/static/chunks/node_modules_next_dist_1e8vcs8._.js:776
[ 3592486ms] [LOG] [Fast Refresh] done in 1010ms @ http://localhost:3000/_next/static/chunks/node_modules_next_dist_1e8vcs8._.js:776
[ 3614514ms] [ERROR] WebSocket connection to 'ws://localhost:3000/_next/hmr?id=Ld6rmUaI5oSHL2WdFjfly' failed: Error in connection establishment: net::ERR_CONNECTION_REFUSED @ http://localhost:3000/_next/static/chunks/node_modules_next_dist_client_0_90u2t._.js:16348
[ 3615525ms] [ERROR] WebSocket connection to 'ws://localhost:3000/_next/hmr?id=Ld6rmUaI5oSHL2WdFjfly' failed: Error in connection establishment: net::ERR_CONNECTION_REFUSED @ http://localhost:3000/_next/static/chunks/node_modules_next_dist_client_0_90u2t._.js:16348
[ 3616529ms] [ERROR] WebSocket connection to 'ws://localhost:3000/_next/hmr?id=Ld6rmUaI5oSHL2WdFjfly' failed: Error in connection establishment: net::ERR_CONNECTION_REFUSED @ http://localhost:3000/_next/static/chunks/node_modules_next_dist_client_0_90u2t._.js:16348
[ 3620289ms] [LOG] [HMR] connected @ http://localhost:3000/_next/static/chunks/node_modules_next_dist_1e8vcs8._.js:776
[ 3627933ms] [INFO] %cDownload the React DevTools for a better development experience: https://react.dev/link/react-devtools font-weight:bold @ http://localhost:3000/_next/static/chunks/node_modules_next_dist_1e8vcs8._.js:776
[ 3628005ms] [LOG] [HMR] connected @ http://localhost:3000/_next/static/chunks/node_modules_next_dist_1e8vcs8._.js:776
[ 3628333ms] [WARNING] THREE.Clock: This module has been deprecated. Please use THREE.Timer instead. @ http://localhost:3000/_next/static/chunks/node_modules_next_dist_1e8vcs8._.js:776
